iteration,mean_reward,episode_length,velocity_error,facing_error,slip_logged,upright_reward,joint_limit_reward,time_out,policy_std,value_loss,surrogate_loss,fps
30100,-0.189161494,18.1200008,0.052476313,0.0412466675,0.748206258,-0.000260449306,-0.000139755241,0.583333373,0.300000101,0.00121072901,-0.00782302115,1714
30101,-0.188293397,24.6000004,0.10591083,0.0741238892,0.401104391,-0.000749939529,-0.000299259438,0.333333343,0.300000101,0.00134536554,-0.0190756116,8775
30102,-0.183107167,29.3500004,0.114046872,0.0778248757,0.306444377,-0.00078569859,-0.000304530025,0.208333343,0.300000101,0.00123949966,-0.0187495537,8185
30103,-0.14538084,33.5900002,0.103340626,0.0658755079,0.27215001,-0.0007032922,-0.000253107719,0.217391312,0.300000101,0.00103466772,-0.0191720687,6676
30104,-0.0807293132,43.0299988,0.135145038,0.0618076064,0.249556661,-0.000687323918,-0.000215393244,0.421052635,0.300000101,0.000902397907,-0.0211837813,8374
30105,-0.0476430766,49.7000008,0.119985998,0.0661252588,0.230901212,-0.00100316433,-0.00030449577,0.349999994,0.300000101,0.000599285122,-0.0186327491,8072
30106,0.0117330765,56.9500008,0.119061574,0.0502504073,0.212519497,-0.000668969122,-0.000196960711,0.285714298,0.300000101,0.00166809233,-0.0155881345,7589
30107,0.0832881182,67,0.154702514,0.0662883669,0.21600315,-0.00108749326,-0.000235842323,0.333333343,0.300000101,0.00254072039,-0.0135607701,8534
30108,0.214690238,85.8399963,0.171661615,0.0660824925,0.221562549,-0.00118015963,-0.000245828327,0.181818187,0.300000101,0.00482189516,-0.0144294761,8854
30109,0.339615047,110.540001,0.228595927,0.0819012225,0.228513956,-0.00142290001,-0.000304245797,0.222222224,0.300000101,0.00515526719,-0.0141417058,8952
30110,0.380217016,126.599998,0.182064265,0.0727460235,0.239913389,-0.00132276001,-0.000287485484,0.173913047,0.300000101,0.00449523283,-0.0152516728,8743
30111,0.290737659,113.949997,0.181747332,0.0740633458,0.262153417,-0.00121731311,-0.000255864084,0.304347843,0.300000101,0.0068146484,-0.017394999,8462
30112,0.311679244,123.169998,0.188302949,0.0833444744,0.266919881,-0.00126869255,-0.000314032455,0.0869565234,0.300000101,0.00304319896,-0.0141464444,8060
30113,0.421348929,145.020004,0.202148676,0.0759918615,0.262019873,-0.00153393741,-0.0002849671,0.25,0.300000101,0.00371419755,-0.0144364815,8221
30114,0.397427887,151.970001,0.238371462,0.08528395,0.251117826,-0.00179127639,-0.000296653569,0.125,0.300000101,0.00342959375,-0.0151337916,8581
30115,0.272326797,127.769997,0.204785183,0.0760964602,0.246471256,-0.00149324187,-0.00028226056,0.0869565234,0.300000101,0.00454452587,-0.0141225019,8925
30116,0.466190159,168.789993,0.261708915,0.0880901441,0.251384467,-0.00201096525,-0.000320415013,0.125,0.300000101,0.0031759839,-0.0136294104,8739
30117,0.54642415,192.399994,0.251741976,0.0872856379,0.246502519,-0.00207013846,-0.000370211812,0.13636364,0.300000101,0.00213732035,-0.0146862986,9030
30118,0.447647125,171.649994,0.198732972,0.0720620602,0.239095658,-0.00155312964,-0.000241250164,0.142857149,0.300000101,0.00226916233,-0.0139245391,8264
30119,0.284613222,142.240005,0.229257017,0.0879326239,0.228672668,-0.0015640317,-0.000317794969,0,0.300000101,0.00248206663,-0.0147408769,8539
30120,0.214779869,138.550003,0.233098611,0.0872374475,0.230236337,-0.00184028642,-0.000324281602,0.111111112,0.300000101,0.00224503828,-0.0156279784,9176
30121,0.27664274,165.639999,0.269411236,0.0965214595,0.226710916,-0.00209122803,-0.000402125996,0,0.300000101,0.00297132856,-0.0154260546,9200
30122,0.425635636,197.210007,0.240355641,0.0785271749,0.235530302,-0.00188442215,-0.000298142171,0.100000001,0.300000101,0.00356247369,-0.0158587527,9398
30123,0.376807928,182.309998,0.185097501,0.0713214576,0.237891957,-0.00138618518,-0.000260010653,0,0.300000101,0.00230504572,-0.0165308248,8939
30124,0.289947093,172.869995,0.262236089,0.0924963579,0.237357065,-0.00208380423,-0.000313183351,0.0434782617,0.300000101,0.00204290054,-0.0153913721,9007
30125,0.239960179,163.570007,0.230193377,0.0922229514,0.242144644,-0.00176780368,-0.000348623173,0,0.300000101,0.0026545974,-0.0166809168,9173
30126,0.3176305,182.149994,0.265445441,0.0829851106,0.234030813,-0.00208800822,-0.000323865184,0.100000001,0.300000101,0.00234770938,-0.0145295402,8771
30127,0.446897745,223.850006,0.314508379,0.0952101126,0.240596756,-0.00235802401,-0.000340583036,0.13636364,0.300000101,0.00194589747,-0.0145783639,8601
30128,0.375880957,204.740005,0.204647109,0.0793393776,0.238380596,-0.00150624849,-0.000260137283,0.100000001,0.300000101,0.00305963703,-0.0135085424,9261
30129,0.390982896,207.330002,0.304387957,0.084475629,0.239743099,-0.00249594753,-0.000304204965,0.100000001,0.300000101,0.00291372277,-0.0146233067,8587
30130,0.458753765,246.800003,0.302205622,0.0928193256,0.248603389,-0.00210499624,-0.000326614099,0.095238097,0.300000101,0.00264084782,-0.0151062077,8958
30131,0.263740271,192.770004,0.263884574,0.0914003849,0.251516342,-0.00189104374,-0.000349310809,0,0.300000101,0.00183993869,-0.0148002747,8864
30132,0.382844031,221.039993,0.285638869,0.079318434,0.24455516,-0.00247921888,-0.000269889511,0.0434782617,0.300000101,0.00246974104,-0.0151520185,8189
30133,0.384690851,214.779999,0.267592072,0.0906872004,0.239273176,-0.0022793347,-0.000341133971,0,0.300000101,0.00242671557,-0.0149009423,7989
30134,0.341557771,220.720001,0.266465068,0.101361394,0.237190366,-0.00204636226,-0.000379533391,0,0.300000101,0.00249654194,-0.0161523651,7505
30135,0.326622128,221.899994,0.307910115,0.0910308287,0.228441,-0.00250426168,-0.000387667969,0,0.300000101,0.00169297424,-0.0146476794,7372
30136,0.262351245,205.919998,0.248918533,0.0853280723,0.233080432,-0.00204131287,-0.000336923462,0,0.300000101,0.00265231333,-0.0174871702,7475
30137,0.254807055,189.440002,0.298521012,0.0880644843,0.237914443,-0.00229173386,-0.000327675138,0,0.300000101,0.00208008103,-0.0157437995,7673
30138,0.264837682,203.960007,0.290192127,0.0886775404,0.222372204,-0.00227975729,-0.000320894556,0.111111112,0.300000101,0.00214727409,-0.0143825673,8972
30139,0.262646526,196.669998,0.237133652,0.0754329115,0.231518716,-0.00175810605,-0.000259789376,0,0.300000101,0.00172731699,-0.0139669711,8627
30140,0.360416651,224.320007,0.293488294,0.0820693374,0.228937954,-0.00239820941,-0.000307073613,0.0526315793,0.300000101,0.00171580492,-0.0125325778,8869
30141,0.646734357,301.299988,0.347432524,0.0889710188,0.229841113,-0.00271704979,-0.000313598284,0.300000012,0.300000101,0.00257855817,-0.0154340165,8883
30142,0.852196932,366.290009,0.399804413,0.0895657763,0.234410048,-0.00321124867,-0.000290475669,0.478260875,0.300000101,0.00185876759,-0.0148265259,8785
30143,0.641801536,301.779999,0.296565473,0.0743442252,0.243675038,-0.00242076721,-0.000263510708,0.458333343,0.300000101,0.00227271672,-0.0128662055,9017
30144,0.444094688,262.920013,0.362501562,0.0958577171,0.244329855,-0.00292079966,-0.000348215573,0.0909090936,0.300000101,0.00150807365,-0.0118376995,9053
30145,0.461267978,280.160004,0.313366145,0.0870458111,0.235088989,-0.00244013499,-0.000300451909,0.142857149,0.300000101,0.00155110611,-0.012289281,9068
30146,0.317473084,221.979996,0.237506434,0.084097214,0.223949373,-0.00179095694,-0.000351188675,0.0869565234,0.300000101,0.00199983385,-0.0141606154,8973
30147,0.254545063,206.309998,0.26940611,0.0777973235,0.227132902,-0.00246903603,-0.00027388602,0,0.300000101,0.00196742709,-0.0141378399,8721
30148,0.321242571,241.419998,0.29905811,0.092230536,0.231459141,-0.00223378045,-0.0003046653,0.0909090936,0.300000101,0.00196458306,-0.0144822812,8844
30149,0.2591407,224.460007,0.259332716,0.0860747546,0.230609179,-0.00196918985,-0.000300303946,0.0869565234,0.300000101,0.00195500255,-0.0134634189,8908
30150,0.265508652,213.600006,0.262643993,0.0824661255,0.244722009,-0.00204405375,-0.000299284613,0.100000001,0.300000101,0.00200210907,-0.0149651179,8798
30151,0.316467702,236.360001,0.290952265,0.0977106243,0.235048294,-0.00244522071,-0.000379863195,0.181818187,0.300000101,0.00236053206,-0.0138434879,8837
30152,0.324821532,255.800003,0.318112135,0.0923863277,0.231720805,-0.00256785634,-0.000336474244,0.0454545468,0.300000101,0.00267144688,-0.0158706978,8538
30153,0.27157101,236.199997,0.276214242,0.0901077017,0.239709973,-0.00215636683,-0.000331143732,0,0.300000101,0.00147585955,-0.0143889217,8370
30154,0.124534547,172.559998,0.283198565,0.0939229205,0.233069211,-0.0022119421,-0.000362368708,0.130434781,0.300000101,0.00167444244,-0.0135918921,8836
30155,0.142638683,185.309998,0.22313337,0.0836775824,0.224616081,-0.00179666502,-0.000295660138,0.0500000007,0.300000101,0.0020857791,-0.0144169368,9117
30156,0.205585226,207.699997,0.294348717,0.089650318,0.234196708,-0.00228710775,-0.000294705445,0.13636364,0.300000101,0.00085975515,-0.01296857,8776
30157,0.301683098,233.899994,0.218220711,0.0744427741,0.231482387,-0.00176945131,-0.000256739469,0.210526317,0.300000101,0.0016148357,-0.0151475742,9316
30158,0.205193818,191.320007,0.248438254,0.0812815875,0.225107834,-0.00206264551,-0.000331782358,0,0.300000101,0.00217913534,-0.0144133093,9238
30159,0.182584628,191.410004,0.258511722,0.0765896291,0.220945746,-0.002071806,-0.000288774841,0.13636364,0.300000101,0.00216178526,-0.0140569462,9143
30160,0.258585483,222.630005,0.272935152,0.0847925916,0.237117454,-0.0020024043,-0.00030131315,0.105263159,0.300000101,0.00184909417,-0.0147582339,9019
30161,0.265446335,230.059998,0.27379027,0.0904748887,0.244168282,-0.00198444189,-0.000326675276,0.142857149,0.300000101,0.00193668227,-0.0146798473,9058
30162,0.249708995,224.919998,0.263081044,0.0912298188,0.232033655,-0.00193142518,-0.000320221356,0,0.300000101,0.00127129024,-0.0155335907,8993
30163,0.378931969,264.290009,0.345456988,0.0796372071,0.226935714,-0.00270643085,-0.00023934475,0.227272734,0.300000101,0.00112874457,-0.0171829313,9114
30164,0.341387004,243.520004,0.277718216,0.0790154934,0.221278876,-0.00204581534,-0.000312897813,0.0769230798,0.300000101,0.00144189456,-0.0167516973,8910
30165,0.450343817,292.23999,0.336841285,0.0858788118,0.228789032,-0.0023975207,-0.000287009578,0.190476194,0.300000101,0.0022684969,-0.0149553651,9184
30166,0.40332225,291.769989,0.352425545,0.0917203873,0.235946417,-0.00233052624,-0.000336126774,0.095238097,0.300000101,0.00188210153,-0.0152641451,9234
30167,0.186677247,201.100006,0.259678394,0.084576942,0.231511474,-0.00180528546,-0.000295266189,0.0434782617,0.300000101,0.00114673842,-0.0144185666,8931
30168,0.256838441,217.399994,0.251582414,0.0829590857,0.229279369,-0.00189239881,-0.00031593864,0.181818187,0.300000101,0.00137075596,-0.0133507233,9129
30169,0.222198218,210.839996,0.264789492,0.0822806284,0.223314255,-0.00179190736,-0.000302064291,0.0454545468,0.300000101,0.00143134396,-0.0131362732,9116
30170,0.179783046,212.119995,0.311960369,0.0956086889,0.228676051,-0.00226554088,-0.000348310685,0.0909090936,0.300000101,0.00224913587,-0.0154087078,9094
30171,0.221351251,236.660004,0.339653969,0.10376174,0.225415155,-0.00234159711,-0.000334483833,0.130434781,0.300000101,0.0016549119,-0.0141156884,9078
30172,0.230892166,241.289993,0.324249268,0.105383016,0.232887089,-0.00228677993,-0.000404148857,0.166666672,0.300000101,0.00182555337,-0.0139813507,8945
30173,0.267522573,245,0.298843384,0.0840502828,0.229452655,-0.00208311877,-0.000296511658,0.100000001,0.300000101,0.00169388589,-0.0158544239,8684
30174,0.34121573,265.070007,0.344514638,0.0888923556,0.243680164,-0.00217568921,-0.000298110477,0.13636364,0.300000101,0.00168909226,-0.0155249164,8226
30175,0.270238549,233.610001,0.269386113,0.0793207437,0.240878746,-0.00180504948,-0.000264440721,0.0909090936,0.300000101,0.00135470007,-0.0141868284,8318
30176,0.189932913,198.320007,0.206752256,0.0702998042,0.230043918,-0.00145111477,-0.000265834649,0,0.300000101,0.00128221954,-0.0138945794,8146
30177,0.116524749,164.229996,0.208000422,0.0751221925,0.228856608,-0.00120768882,-0.000264223723,0.0454545468,0.300000101,0.00197610841,-0.0160307698,8621
30178,0.15629746,189.699997,0.280464083,0.0875716731,0.218256354,-0.00194895139,-0.000321813743,0,0.300000101,0.00131408148,-0.0125947818,8557
30179,0.270270079,248.979996,0.363709241,0.0989897624,0.22544539,-0.00263510202,-0.000338526967,0.166666672,0.300000101,0.00164474349,-0.0143487956,9075
30180,0.353223532,293.98999,0.353856146,0.102667585,0.224549934,-0.00254370226,-0.00038582363,0.0476190485,0.300000101,0.00205038046,-0.0141901504,9020
30181,0.283691287,256.359985,0.259716421,0.088447161,0.24122411,-0.00192895636,-0.000307307491,0.0909090936,0.300000101,0.00192126061,-0.0145352213,8302
30182,0.177853793,204.399994,0.251263261,0.0889757723,0.241425082,-0.00174660468,-0.00030952142,0.0434782617,0.300000101,0.00117154862,-0.0143320356,9111
30183,0.143346816,183.160004,0.218517914,0.0811246336,0.234910578,-0.00136564218,-0.000281737332,0,0.300000101,0.00143199088,-0.0145719526,8788
30184,0.322730541,245.059998,0.303048879,0.0790043846,0.234107703,-0.00205385615,-0.00028728848,0.272727281,0.300000101,0.00175045861,-0.0149715785,8951
30185,0.243081212,211.740005,0.213262916,0.0706025511,0.234215081,-0.00149918348,-0.000265787065,0.125,0.300000101,0.00137771235,-0.0131993014,9171
30186,0.248504415,221.550003,0.33060348,0.086454697,0.224317074,-0.00233730883,-0.000292266399,0.166666672,0.300000101,0.00126468053,-0.015108089,9141
30187,0.323105812,262.869995,0.356109947,0.0867279917,0.23898904,-0.00239943014,-0.000281892979,0.173913047,0.300000101,0.00182387803,-0.013779466,9032
30188,0.310161918,250.649994,0.26086995,0.0813732296,0.234695479,-0.00178881106,-0.000283526257,0.0833333358,0.300000101,0.00187019596,-0.0157808885,9104
30189,0.320446938,272.209991,0.333409041,0.0930725187,0.24524951,-0.00236276584,-0.00033131885,0.130434781,0.300000101,0.00107968843,-0.0163345747,8873
30190,0.132968664,195.240005,0.181145787,0.0858838037,0.241567895,-0.00121986412,-0.000286235358,0.095238097,0.300000101,0.00101879495,-0.0139984032,9166
30191,0.0690629855,154.460007,0.220634148,0.0731653571,0.247897267,-0.00140912179,-0.000246277865,0.0416666679,0.300000101,0.0022052126,-0.0132760936,9122
30192,0.221528187,230.580002,0.380802751,0.115084998,0.22733143,-0.00268720766,-0.000418234878,0.157894731,0.300000101,0.00146793702,-0.0130942455,9019
30193,0.37076956,300.049988,0.305750489,0.0838264823,0.239820331,-0.00210835459,-0.000285619491,0.181818187,0.300000101,0.00120246527,-0.0140424557,9123
30194,0.238566861,223.729996,0.231049523,0.0697647408,0.238872766,-0.00154527416,-0.000239834786,0.181818187,0.300000101,0.00107890891,-0.0143983113,8979
30195,0.281489581,239.669998,0.318866879,0.0864584073,0.245756,-0.00219259667,-0.000281524204,0.285714298,0.300000101,0.00124173111,-0.014644498,8825
30196,0.278049558,243.309998,0.262604237,0.0821369514,0.234402701,-0.00168613147,-0.000291534321,0.208333343,0.300000101,0.000936276047,-0.0151560651,8793
30197,0.204934403,218.869995,0.294564068,0.0914194807,0.230016991,-0.0020927405,-0.000284469221,0.0909090936,0.300000101,0.00172715017,-0.0133950999,5454
30198,0.321993113,269.779999,0.394534677,0.0916874558,0.228817806,-0.00299321115,-0.000326825946,0.13636364,0.300000101,0.00134536345,-0.0153747145,7977
30199,0.348510981,282.049988,0.272760987,0.0823900849,0.228202388,-0.00235023466,-0.00031186355,0.105263159,0.300000101,0.00128459337,-0.0154384281,7842
30200,0.287500829,258.730011,0.294595212,0.0817416534,0.231663078,-0.00210650172,-0.000280322274,0.142857149,0.300000101,0.00185004447,-0.0146570252,8620
30201,0.217969716,224.25,0.218680859,0.0782211125,0.251045793,-0.00182497816,-0.000310481526,0,0.300000101,0.00147673208,-0.0132103115,8557
30202,0.123468235,185.039993,0.232772604,0.0789640397,0.242211327,-0.00163263793,-0.000292274373,0.0434782617,0.300000101,0.00160093373,-0.0127291782,8360
30203,0.121165529,180.75,0.276625961,0.092606619,0.239533663,-0.0021480571,-0.00035855014,0.173913047,0.300000101,0.00141485524,-0.0151782706,8989
30204,0.194582433,216.600006,0.264446229,0.0824382082,0.227999717,-0.0021464047,-0.000303593115,0.095238097,0.300000101,0.00180868024,-0.0147161754,8792
30205,0.306320399,268.720001,0.368550152,0.0893694386,0.242361113,-0.00269391667,-0.000279817468,0.150000006,0.300000101,0.00198105047,-0.0142562753,9097
30206,0.235935539,245.550003,0.253400296,0.0997333527,0.232770175,-0.00182635535,-0.000405744475,0,0.300000101,0.00113216299,-0.0136177056,9191
30207,0.138138577,192.509995,0.235258937,0.0744756013,0.233671963,-0.00154547184,-0.000275934697,0.0416666679,0.300000101,0.00136713719,-0.014429491,8940
30208,0.181603327,215.360001,0.29522571,0.0969200358,0.233028948,-0.0023471415,-0.000320656138,0.0909090936,0.300000101,0.00166633271,-0.0133493748,8974
30209,0.226046354,248.860001,0.298411131,0.0948855281,0.2315,-0.00240781717,-0.000320910971,0.0909090936,0.300000101,0.00132424396,-0.0142056728,9314
30210,0.274902135,243.410004,0.299042523,0.0871681198,0.244856104,-0.0021764515,-0.000304932677,0.166666672,0.300000101,0.00129801105,-0.0157832261,8581
30211,0.215224206,217.440002,0.303229094,0.084034197,0.241233096,-0.00216703978,-0.000303734705,0.0500000007,0.300000101,0.00139683031,-0.0161492489,9132
30212,0.204991221,211.919998,0.264784157,0.0813376456,0.237572402,-0.00202114694,-0.000289480813,0.13636364,0.300000101,0.00186734053,-0.0144492434,9257
30213,0.234888121,233.449997,0.313470274,0.0960312709,0.243478894,-0.00237723254,-0.000339989434,0.217391312,0.300000101,0.00168789481,-0.0159367938,9060
30214,0.292897373,270.940002,0.306001633,0.0910403356,0.233807296,-0.00235052081,-0.000298557803,0.0909090936,0.300000101,0.00101208908,-0.0143554928,9106
30215,0.204051375,223.910004,0.268908262,0.0792994425,0.236759707,-0.00216133147,-0.00026674656,0.166666672,0.300000101,0.0017278092,-0.0150785288,9220
30216,0.19776386,216.199997,0.246526644,0.0771042779,0.234378695,-0.0020385161,-0.000287028,0.0434782617,0.300000101,0.0014061,-0.014774912,8652
30217,0.176775977,201.130005,0.270430028,0.0757922381,0.232959256,-0.0022957311,-0.000266620191,0.130434781,0.300000101,0.00124905433,-0.0143113611,9286
30218,0.243941084,224.820007,0.328098565,0.088236399,0.232522875,-0.00234811008,-0.000264815841,0.100000001,0.300000101,0.00161771826,-0.0153548429,9336
30219,0.308807313,268.48999,0.31773147,0.0904107913,0.241493434,-0.00238522235,-0.000291919278,0.166666672,0.300000101,0.001508813,-0.0144960033,8953
30220,0.178847417,231.919998,0.278427094,0.101227924,0.233447611,-0.00181691884,-0.000354330434,0.0454545468,0.300000101,0.00106928789,-0.0138678756,9344
30221,0.080877997,170.880005,0.242731988,0.0752297267,0.235745162,-0.00192727288,-0.000247556542,0.13636364,0.300000101,0.00117623166,-0.0143688405,8638
30222,0.212845415,209.550003,0.235530645,0.0772390738,0.22866115,-0.00193003437,-0.000267658324,0.166666672,0.300000101,0.00157343817,-0.0149634127,9013
30223,0.194966823,200.190002,0.215687156,0.0750089213,0.237832218,-0.001749799,-0.000278850261,0,0.300000101,0.0015362514,-0.0137256673,8803
30224,0.187830344,214.529999,0.296089441,0.086228244,0.234711513,-0.00225410378,-0.000282364839,0.190476194,0.300000101,0.0013615957,-0.0150045501,9075
30225,0.186619297,219.600006,0.264482021,0.0829286203,0.242611498,-0.0019135389,-0.000269513228,0.0909090936,0.300000101,0.00154596858,-0.0126285749,8739
30226,0.286310494,255.539993,0.284927577,0.0822622702,0.243855879,-0.00253432267,-0.000285408838,0.130434781,0.300000101,0.00160455913,-0.0158610791,9151
30227,0.297379643,262.5,0.281248301,0.08557643,0.230108723,-0.00208997331,-0.000283981295,0.150000006,0.300000101,0.00100634142,-0.0148379281,9167
30228,0.183326647,209.820007,0.213838711,0.0795474872,0.233181328,-0.00160430395,-0.000250395125,0,0.300000101,0.00138518983,-0.0134004457,9252
30229,0.144897625,194.289993,0.274241507,0.0887890607,0.232462272,-0.00220415159,-0.000316799618,0.100000001,0.300000101,0.0011963034,-0.01212849,9360
30230,0.148611099,195.559998,0.225922137,0.0841255262,0.218055218,-0.00173577014,-0.000274620194,0.142857149,0.300000101,0.00118706364,-0.0135467909,9253
30231,0.156435445,197.309998,0.320076317,0.0959695801,0.230043888,-0.00271756691,-0.000372232491,0.0500000007,0.300000101,0.00134834216,-0.0150743704,9034
30232,0.25091669,229.339996,0.298536956,0.0740827769,0.235591277,-0.00236180332,-0.00023480643,0.190476194,0.300000101,0.00216743909,-0.014358649,9321
30233,0.320381105,263.119995,0.306588382,0.0892988443,0.236342594,-0.00247803214,-0.000293571851,0.200000003,0.300000101,0.00190961605,-0.0131758451,9129
30234,0.283015043,265.410004,0.348906875,0.0974563509,0.250787795,-0.00254213321,-0.000321444095,0.0454545468,0.300000101,0.0011270598,-0.0142620131,8542
30235,0.186559737,234.039993,0.277115405,0.0886699036,0.250595927,-0.00205483031,-0.000325678644,0.217391312,0.300000101,0.0012574516,-0.0154236434,8682
30236,0.173550397,217.070007,0.28971076,0.0836892352,0.238618791,-0.00241651828,-0.000271189667,0.0869565234,0.300000101,0.00109364488,-0.0154317571,8748
30237,0.264961421,255.419998,0.336297363,0.0813780203,0.238080978,-0.00251366175,-0.000236656793,0.300000012,0.300000101,0.000920829829,-0.0149559565,8980
30238,0.273060739,250.589996,0.248646364,0.0682577789,0.229667991,-0.00188351015,-0.000221358016,0.200000003,0.300000101,0.00123428204,-0.0142750731,9288
30239,0.325144589,275.570007,0.400324106,0.0931440815,0.229305118,-0.00344651891,-0.000302422239,0.227272734,0.300000101,0.00150445441,-0.0146411387,8599
30240,0.328694463,272.73999,0.263183147,0.0805165246,0.234669298,-0.00202098629,-0.000264346221,0.13636364,0.300000101,0.00153937773,-0.0143139698,9144
30241,0.226086244,233.839996,0.270795882,0.0898679569,0.235903829,-0.00210149121,-0.000303862325,0,0.300000101,0.00174567779,-0.0155924018,8997
30242,0.220575348,247.059998,0.314501166,0.088147305,0.24778232,-0.00234136102,-0.000286225666,0.0526315793,0.300000101,0.00131663936,-0.0131907221,8588
30243,0.231199056,238.669998,0.291350901,0.0860845149,0.247203752,-0.00226862938,-0.000287872797,0.0476190485,0.300000101,0.00169760024,-0.0135343019,8506
30244,0.239139095,242.889999,0.299158305,0.0903218612,0.240302742,-0.00238004094,-0.000288408046,0.0833333358,0.300000101,0.00148043549,-0.014562157,8285
30245,0.189904809,220.110001,0.237409592,0.0827926844,0.232221633,-0.00178759871,-0.000288732874,0.0909090936,0.300000101,0.00139057753,-0.0119958371,8557
30246,0.184022844,198.160004,0.226290852,0.0775351822,0.232040316,-0.00173967332,-0.000270154938,0.0869565234,0.300000101,0.00165480387,-0.0119280424,8592
30247,0.18167913,215.399994,0.283597767,0.0894852877,0.232966632,-0.00198950386,-0.000310119329,0.181818187,0.300000101,0.00146864005,-0.0125389174,8886
30248,0.232514054,240.649994,0.228503734,0.0847000852,0.245182008,-0.00163514644,-0.000308587769,0.142857149,0.300000101,0.00123921002,-0.0141693372,9184
30249,0.253768802,251.110001,0.289035469,0.0912705436,0.24334386,-0.0020962311,-0.000288881594,0.0454545468,0.300000101,0.00132718834,-0.0140280705,9178
30250,0.224804267,223.809998,0.197713152,0.0659531504,0.232864901,-0.00146758812,-0.000213952619,0.0869565234,0.300000101,0.0015305425,-0.0140962498,9153
30251,0.308332115,256.290009,0.345217943,0.0902727842,0.236849055,-0.00257006171,-0.000286706898,0.272727281,0.300000101,0.00173439633,-0.0156787243,9259
30252,0.273780793,258.859985,0.292601734,0.0924319848,0.238903701,-0.00206965767,-0.000304269895,0,0.300000101,0.00140508602,-0.0148987621,9289
30253,0.0923992246,189.300003,0.271391451,0.0918519199,0.233282849,-0.00184229412,-0.000323257991,0.0434782617,0.300000101,0.00100999104,-0.0157340523,9158
30254,0.0583488978,161.779999,0.215797678,0.0752814487,0.234576762,-0.00144966284,-0.000258716755,0,0.300000101,0.00119550363,-0.0144819468,9333
30255,0.0872125477,174.570007,0.274625987,0.089063704,0.232377529,-0.0019063442,-0.000295104925,0.181818187,0.300000101,0.00101904676,-0.0153504899,8780
30256,0.145810217,204.729996,0.230697736,0.0765259117,0.228328705,-0.00148424972,-0.00027703165,0.150000006,0.300000101,0.00149221858,-0.0135158701,8736
30257,0.220314756,255.119995,0.373194933,0.104619391,0.22494781,-0.00251464895,-0.000361704995,0.157894731,0.300000101,0.00138973806,-0.0141646834,9493
30258,0.266519934,278.329987,0.316078484,0.0917600021,0.22418949,-0.0022150923,-0.000299168169,0.227272734,0.300000101,0.000900290732,-0.0140110189,9129
30259,0.286770135,270.869995,0.320633739,0.0863260925,0.232644856,-0.00223249011,-0.000283476111,0.25,0.300000101,0.00177293841,-0.0144946789,9413
30260,0.216016471,230.289993,0.240930825,0.0758979172,0.222058177,-0.0016742266,-0.000285969174,0.111111112,0.300000101,0.00143297494,-0.0134399626,9614
30261,0.234441429,229.570007,0.291519642,0.0809939653,0.238643646,-0.00213334104,-0.000292316225,0.13636364,0.300000101,0.00160385389,-0.0143266218,9247
30262,0.30608511,281.76001,0.334291697,0.106203496,0.251386166,-0.00218459475,-0.000365387154,0.0909090936,0.300000101,0.00163261057,-0.0137997949,9319
30263,0.26351583,264.01001,0.279748023,0.0866062269,0.251127899,-0.00192854181,-0.000303634966,0.0454545468,0.300000101,0.00172956521,-0.014795851,9224
30264,0.215243965,239.119995,0.269088179,0.0887339488,0.226016968,-0.00162533391,-0.000320753083,0,0.300000101,0.00118247047,-0.0142830946,8591
30265,0.182145104,222.580002,0.280526906,0.0892158374,0.244513899,-0.00187433604,-0.000344392087,0.142857149,0.300000101,0.00166903832,-0.0143901827,9151
30266,0.177291065,219.960007,0.309092015,0.0949824974,0.239659533,-0.00202423078,-0.000304093381,0.0909090936,0.300000101,0.0011524458,-0.0143743791,9173
30267,0.156316027,198.809998,0.204855725,0.0787336454,0.232122168,-0.00131338125,-0.000277179381,0.0526315793,0.300000101,0.00125540106,-0.0137994457,8955
30268,0.210485607,222.630005,0.296357006,0.0847826675,0.240348563,-0.00195613527,-0.00026878994,0.181818187,0.300000101,0.00160949724,-0.0146024814,8707
30269,0.180533186,228.089996,0.334877878,0.0900896788,0.226407334,-0.00210660952,-0.000319502113,0.217391312,0.300000101,0.000874552527,-0.0146963131,8512
30270,0.171815932,216.259995,0.320895076,0.0896371081,0.226447091,-0.00199802383,-0.000304256828,0.142857149,0.300000101,0.00127244357,-0.0158196222,8829
30271,0.136345878,185.75,0.25685218,0.0800173208,0.228786036,-0.00173204194,-0.000253853679,0.0454545468,0.300000101,0.00151739072,-0.0136581473,8814
30272,0.179600611,226.270004,0.274801701,0.0896305442,0.223469421,-0.00164461602,-0.000322515145,0.0476190485,0.300000101,0.000853779085,-0.014632171,9190
30273,0.140884221,196.949997,0.220508292,0.0805442631,0.218930602,-0.00130294822,-0.000279791537,0.0869565234,0.300000101,0.00152945472,-0.0154385101,8539
30274,0.192903087,211.389999,0.277846217,0.0790338963,0.234678358,-0.00200652378,-0.000256971136,0.0869565234,0.300000101,0.00139807607,-0.012924958,8033
30275,0.219845027,241.009995,0.296197891,0.0943527445,0.229507893,-0.00200533774,-0.000329378789,0.0909090936,0.300000101,0.00168385555,-0.0150897447,7606
30276,0.181182727,207.949997,0.24284786,0.0740170255,0.242914304,-0.00173251517,-0.000251620659,0.0476190485,0.300000101,0.00159698003,-0.0150538497,7912
30277,0.182631463,193.979996,0.311295211,0.0845633,0.236195683,-0.00207262626,-0.000257434149,0.208333343,0.300000101,0.00173061667,-0.0152483201,8911
30278,0.266505957,258.070007,0.384421676,0.0883347243,0.233466715,-0.0025958179,-0.000312220654,0.142857149,0.300000101,0.00146022672,-0.0147507191,8885
30279,0.288315535,283.940002,0.344728053,0.10667412,0.242356583,-0.0023171294,-0.00033401791,0.13636364,0.300000101,0.00169793109,-0.0138746062,8952
30280,0.184468001,236.880005,0.25675267,0.0878652483,0.241159976,-0.00185627013,-0.000320368214,0.200000003,0.300000101,0.0014194462,-0.0144640347,9242
30281,0.246413708,239.979996,0.250737339,0.0842781216,0.235702127,-0.00188860169,-0.000293431862,0.222222224,0.300000101,0.00170349842,-0.0134196235,9428
30282,0.233701944,243.460007,0.306329131,0.0883969069,0.242836058,-0.00204879185,-0.000289876858,0.208333343,0.300000101,0.00136540993,-0.0135662574,8436
30283,0.254706562,264.959991,0.334886223,0.0865702927,0.241743967,-0.00223276136,-0.000274855411,0.181818187,0.300000101,0.00146800233,-0.0137691116,8914
30284,0.163762301,213.539993,0.268641919,0.0839753896,0.22854197,-0.00175097189,-0.000277465908,0,0.300000101,0.00145955139,-0.0131374914,9188
30285,0.0954319462,179.949997,0.249473527,0.0925560668,0.218003199,-0.00181200902,-0.000311311655,0,0.300000101,0.00126104476,-0.0148028992,9361
30286,0.141656309,212.070007,0.336160034,0.0969643369,0.21413514,-0.00250976044,-0.000321637461,0,0.300000101,0.00117701327,-0.0161826722,8882
30287,0.262987912,263.440002,0.344020039,0.0869843736,0.214837894,-0.00245680986,-0.000293589896,0.095238097,0.300000101,0.00084611366,-0.0122754015,9176
30288,0.212756559,235.330002,0.253371447,0.0802561566,0.213156939,-0.00171804021,-0.000243301765,0,0.300000101,0.00127339619,-0.0141387684,8662
30289,0.231740266,237.839996,0.30109641,0.0951195583,0.209793538,-0.0022857897,-0.000330149865,0,0.300000101,0.00123195618,-0.0142684933,8416
30290,0.186012402,209.270004,0.239914641,0.0780735537,0.221059233,-0.0018423798,-0.000268809934,0.157894731,0.300000101,0.00167045894,-0.0146429604,8825
30291,0.23914668,231.529999,0.272868812,0.0888349488,0.231725872,-0.00216461252,-0.000275174883,0.190476194,0.300000101,0.00148107659,-0.0142220752,8829
30292,0.279709518,267.170013,0.329911619,0.0848861262,0.236497685,-0.00264432561,-0.000251733756,0.130434781,0.300000101,0.00118625083,-0.014979858,7998
30293,0.19676356,212.899994,0.237306044,0.0824320987,0.233072996,-0.00179272948,-0.000294671918,0,0.300000101,0.00141358806,-0.0134057971,8046
30294,0.193396926,208.419998,0.330155343,0.090265587,0.235559672,-0.00256851013,-0.000315248093,0.13636364,0.300000101,0.00126834889,-0.0146253482,8640
30295,0.244836703,237.220001,0.274503708,0.0761509612,0.236892998,-0.00187519076,-0.000236765569,0.166666672,0.300000101,0.00116575672,-0.013225087,9245
30296,0.21462281,214.649994,0.252919883,0.0752702579,0.228894576,-0.00172566588,-0.000251410063,0.0500000007,0.300000101,0.000753590488,-0.0147227393,9078
30297,0.190530658,227.630005,0.363963008,0.106237389,0.220839426,-0.00237087114,-0.000326387177,0.173913047,0.300000101,0.000966660911,-0.013911806,7117
30298,0.192839801,233.050003,0.266620219,0.0864441991,0.222155809,-0.00202090573,-0.000288553769,0.095238097,0.300000101,0.0012724516,-0.0135846855,9275
30299,0.187772498,207.380005,0.269704968,0.0747679919,0.227637097,-0.00199208525,-0.000230462829,0.13636364,0.300000101,0.00117519137,-0.0124827065,8876
30300,0.124104917,181.679993,0.199065119,0.0968007073,0.223065063,-0.0015089761,-0.000368885929,0,0.300000101,0.00115942128,-0.0157987662,8742
30301,0.127250299,195.630005,0.310473949,0.0896958485,0.221598238,-0.00221429416,-0.000277002284,0.222222224,0.300000101,0.00125479419,-0.0144636547,9630
30302,0.294921607,284.970001,0.383018136,0.0902259499,0.225088358,-0.00286966469,-0.000254908373,0.142857149,0.300000101,0.00131255144,-0.0140061686,9030
30303,0.253657401,251.449997,0.30214256,0.0926706791,0.233758122,-0.00221157307,-0.000293804274,0.095238097,0.300000101,0.00114554376,-0.0128743332,8830
30304,0.118214108,182.690002,0.247063234,0.0741565377,0.234386683,-0.00172461709,-0.000228263714,0.0476190485,0.300000101,0.00125690037,-0.0149069401,9060
30305,0.162128791,209.440002,0.287042767,0.0870072618,0.242426783,-0.00210004719,-0.00028902074,0.0526315793,0.300000101,0.000986316707,-0.0149820447,8797
30306,0.162347823,217.070007,0.302468032,0.0929983556,0.226397038,-0.00232299953,-0.000307856535,0.0476190485,0.300000101,0.000916243007,-0.0133653004,7933
30307,0.174033344,205.970001,0.230642989,0.0753676146,0.235565335,-0.00164514862,-0.000232550083,0.0869565234,0.300000101,0.0011634063,-0.0143343518,8905
30308,0.260878026,243.270004,0.351548374,0.0886702687,0.230298311,-0.00266119395,-0.000291725679,0.227272734,0.300000101,0.000778601097,-0.0141489357,8625
30309,0.326567411,277.450012,0.323637456,0.0814280063,0.234916568,-0.00261914288,-0.000239280664,0.150000006,0.300000101,0.00139278569,-0.0129280575,8220
30310,0.204467997,220.899994,0.234201148,0.0818706378,0.231123775,-0.00178019062,-0.00025185736,0.0869565234,0.300000101,0.000866322778,-0.0151176751,8701
30311,0.142335698,192.490005,0.254734397,0.0763542205,0.227563888,-0.00193838589,-0.000228414458,0.200000003,0.300000101,0.000955937663,-0.0135006113,8989
30312,0.199513659,221.190002,0.33135581,0.0897467658,0.226146504,-0.00254497468,-0.00028512103,0.095238097,0.300000101,0.00191976293,-0.0147950109,9188
30313,0.297415763,268.149994,0.325223714,0.0885669217,0.227091715,-0.00241488079,-0.000313268189,0.190476194,0.300000101,0.00142675836,-0.0162475556,9158
30314,0.314017594,285.179993,0.367600203,0.0898264796,0.234081447,-0.00287440466,-0.00024803041,0.173913047,0.300000101,0.00164983887,-0.0151007837,9007
30315,0.273347735,265.820007,0.336912334,0.0926997885,0.240048379,-0.0025076014,-0.000286033581,0.150000006,0.300000101,0.0012084773,-0.0155887846,8884
30316,0.234373525,245.779999,0.284185231,0.0903049037,0.242798075,-0.00205507758,-0.000286180933,0.0833333358,0.300000101,0.00107594451,-0.0134007782,8210
30317,0.192320481,217.639999,0.254239738,0.0800082684,0.243832797,-0.00189646077,-0.000251247431,0.0526315793,0.300000101,0.0012663228,-0.0142889079,8783
30318,0.105658449,185.169998,0.279309213,0.0905267447,0.237084955,-0.00198538625,-0.00030317757,0,0.300000101,0.00149369834,-0.0136325276,8638
30319,0.194550842,222.690002,0.26237151,0.0819030181,0.245086014,-0.00181942747,-0.000260902714,0.181818187,0.300000101,0.00132745097,-0.0137224412,8818
30320,0.247979417,239.419998,0.339143872,0.0879886076,0.22511749,-0.00252554053,-0.000266473682,0.0833333358,0.300000101,0.000871215248,-0.0154949669,8903
30321,0.153641611,201.100006,0.257303566,0.0852705687,0.209700555,-0.00186386693,-0.000276589883,0.100000001,0.300000101,0.000918572536,-0.0149712497,9008
30322,0.17316924,216.360001,0.354557216,0.0799455717,0.209008604,-0.00238056132,-0.000248118682,0.105263159,0.300000101,0.00130585255,-0.0150759481,8998
30323,0.253345937,249.070007,0.297978163,0.0767947435,0.228074715,-0.00257116673,-0.000265154871,0.13636364,0.300000101,0.00148377847,-0.0142572904,9149
30324,0.360533208,306.309998,0.418111563,0.0933645889,0.234302148,-0.00328053744,-0.000288617943,0.0909090936,0.300000101,0.000939473975,-0.0117332265,8885
30325,0.339350283,293.660004,0.239670977,0.0832282007,0.225215554,-0.00185295276,-0.000248616503,0.105263159,0.300000101,0.00118428713,-0.0135306567,9146
30326,0.227416575,236.75,0.267557472,0.0846282989,0.220428824,-0.00200535194,-0.000266803545,0.0476190485,0.300000101,0.00178399321,-0.015593186,9337
30327,0.229422435,243.520004,0.330828488,0.0912089199,0.223016009,-0.00262185186,-0.000278725318,0.105263159,0.300000101,0.00119192759,-0.0139969159,8716
30328,0.284866273,284.630005,0.390096039,0.0989119112,0.231309578,-0.00305893319,-0.000315488578,0.217391312,0.300000101,0.00135762873,-0.0151205761,8833
30329,0.275005341,269.369995,0.269213498,0.0830845609,0.230328485,-0.00213693711,-0.000264683622,0.095238097,0.300000101,0.00126766984,-0.0150694111,9200
30330,0.216175005,243.25,0.26879102,0.0881633461,0.219272465,-0.00187787728,-0.000323261047,0.0454545468,0.300000101,0.00103295071,-0.0137329251,8884
30331,0.253126144,264.440002,0.31231904,0.100068159,0.224414095,-0.00266795652,-0.000331944379,0.095238097,0.300000101,0.00119445729,-0.0169554632,9241
30332,0.278707206,262.059998,0.265652239,0.0770045742,0.223866463,-0.00210561929,-0.000221586059,0.105263159,0.300000101,0.00137136574,-0.0139238108,9298
30333,0.304669887,273.690002,0.360131949,0.0940928608,0.219800994,-0.00295630028,-0.000321586849,0.200000003,0.300000101,0.00144526374,-0.0153813232,8654
30334,0.29296276,276.600006,0.329494178,0.0789636299,0.222980425,-0.00244869222,-0.000235935033,0.285714298,0.300000101,0.00102973671,-0.0121978857,8918
30335,0.224499479,256.01001,0.323139399,0.0982720256,0.228794038,-0.00221720268,-0.000281428394,0.130434781,0.300000101,0.000956862816,-0.0140078496,8727
30336,0.210372448,244.75,0.286282033,0.0803972632,0.224570841,-0.00199825969,-0.000253034494,0.13636364,0.300000101,0.001206783,-0.0147252316,8157
30337,0.211788282,209.449997,0.208774209,0.0647085086,0.233782887,-0.00149581896,-0.000221778086,0.0500000007,0.300000101,0.00105953449,-0.0145615814,8499
30338,0.213952318,220.089996,0.284323603,0.0884783044,0.226971269,-0.00211826782,-0.000245570031,0.25,0.300000101,0.00144138583,-0.0148246447,8649
30339,0.249246165,259.579987,0.333480209,0.100013077,0.238536045,-0.00271631335,-0.000292737182,0.200000003,0.300000101,0.00159308384,-0.0142163131,8424
30340,0.240565449,266.079987,0.302630216,0.093589969,0.231537312,-0.00226922613,-0.000299266307,0.0434782617,0.300000101,0.000901807914,-0.0145669002,7809
30341,0.163831621,227.160004,0.258290499,0.0782682002,0.226319373,-0.00174710818,-0.000228400619,0.142857149,0.300000101,0.00138426467,-0.0139744477,8148
30342,0.220218092,247.070007,0.369189829,0.0931449533,0.22403428,-0.00279247318,-0.00025711616,0.0909090936,0.300000101,0.0013358118,-0.0127963684,7561
30343,0.197240293,236.330002,0.299640626,0.100540452,0.228050292,-0.00202091062,-0.000315362675,0,0.300000101,0.00103501952,-0.012951294,6949
30344,0.160121113,218.080002,0.293653339,0.0978228748,0.231841132,-0.0021872432,-0.000296274258,0.25,0.300000101,0.00139992696,-0.0156630669,8275
30345,0.226223364,252.160004,0.324955434,0.0841943175,0.228034258,-0.00262154709,-0.000250724581,0.190476194,0.300000101,0.000591466785,-0.0140414098,9280
30346,0.201472223,221.800003,0.21734263,0.0676954091,0.233261928,-0.00157156039,-0.000198667607,0.0476190485,0.300000101,0.00114132185,-0.0147170331,8686
30347,0.154654875,188.369995,0.203657016,0.0727015883,0.222409248,-0.00149333838,-0.000228967619,0.100000001,0.300000101,0.00108843576,-0.0156241646,8769
30348,0.156934187,201.479996,0.303930283,0.0972842276,0.232524097,-0.0022959637,-0.000314410951,0,0.300000101,0.00103175605,-0.0146345794,9517
30349,0.193118647,224.759995,0.296459854,0.0897203386,0.229977757,-0.00220180443,-0.000254738756,0.190476194,0.300000101,0.00104745268,-0.0135109453,9140
30350,0.231583238,241.410004,0.307658523,0.0900377408,0.231221765,-0.0024018418,-0.000277301995,0.200000003,0.300000101,0.00140186236,-0.0128834005,9212
30351,0.209094077,236.410004,0.305884033,0.0875813961,0.226844162,-0.00236838241,-0.000274085294,0.0454545468,0.300000101,0.00104148395,-0.0146881528,9102
30352,0.191189677,232.600006,0.288897038,0.0917517543,0.227188408,-0.0018766477,-0.00025431902,0.0454545468,0.300000101,0.00164140458,-0.0150899515,9006
30353,0.203392684,227.119995,0.288454562,0.0865924731,0.228402555,-0.00225928007,-0.000274214894,0,0.300000101,0.00147194532,-0.0133843869,9402
30354,0.239027813,254.389999,0.35797137,0.0950666741,0.228655025,-0.00262320135,-0.000287207251,0,0.300000101,0.00106908125,-0.0142876785,8952
30355,0.26845783,261.140015,0.325660378,0.0859731361,0.24699752,-0.00233851839,-0.00026908287,0.227272734,0.300000101,0.00110218406,-0.0145289004,8970
30356,0.261981636,257.660004,0.284807444,0.0940343067,0.232706308,-0.00208845339,-0.000301095453,0.142857149,0.300000101,0.00140663632,-0.0137665803,8908
30357,0.276980102,281.410004,0.40712139,0.103645124,0.235418722,-0.00303802802,-0.000308923627,0.150000006,0.300000101,0.0010521838,-0.0133880656,9063
30358,0.310601056,297.51001,0.304067075,0.092364423,0.242089301,-0.0022755661,-0.00027656235,0.272727281,0.300000101,0.000914629141,-0.0144117009,8966
30359,0.190835029,207.919998,0.157945856,0.0744865462,0.245103985,-0.00112653954,-0.00025032062,0.0833333358,0.300000101,0.0010485294,-0.0145472037,8924
30360,0.112966977,171.910004,0.271132648,0.0923286825,0.224251136,-0.0020613377,-0.000291655597,0.0476190485,0.300000101,0.00102466682,-0.0137404855,9157
30361,0.239868447,235.399994,0.303148329,0.0801255181,0.227573723,-0.00247112988,-0.00025598568,0.190476194,0.300000101,0.00130814314,-0.0139241479,9163
30362,0.253722042,249.970001,0.272308975,0.0877113491,0.224104583,-0.00184467796,-0.000283830392,0.13636364,0.300000101,0.00151821668,-0.0147094186,9008
30363,0.254767895,264.579987,0.329625458,0.0908707976,0.228498697,-0.00246515987,-0.00027862264,0.181818187,0.300000101,0.00129864051,-0.0137634203,9110
30364,0.191187412,229.139999,0.236616224,0.0830431208,0.238840431,-0.00164421031,-0.000235344836,0.0909090936,0.300000101,0.00115704385,-0.0144851897,8759
30365,0.168450221,216.490005,0.261410028,0.0932646543,0.238070637,-0.00181651278,-0.000297223858,0.190476194,0.300000101,0.00123209029,-0.0151924565,9306
30366,0.129216135,222.509995,0.323881835,0.10329584,0.234303147,-0.00218805927,-0.000321472849,0,0.300000101,0.00154641795,-0.0144527089,9355
30367,0.178901941,254.899994,0.35960418,0.0955277383,0.234992534,-0.0025554013,-0.000263089372,0.190476194,0.300000101,0.000744874938,-0.0159635227,8879
30368,0.224127337,247.279999,0.241163895,0.077571705,0.230670959,-0.00162395835,-0.000227164332,0.095238097,0.300000101,0.00134635437,-0.0149800219,9129
30369,0.280907035,276.01001,0.385794789,0.0999406725,0.232290551,-0.00267973589,-0.000279203523,0.272727281,0.300000101,0.00143823121,-0.0132478653,8998
30370,0.378485173,330.890015,0.298226535,0.0755044669,0.233052418,-0.00197826279,-0.000239977657,0.190476194,0.300000101,0.00108651188,-0.0153765092,9299
30371,0.313330829,288.929993,0.381706238,0.0842283145,0.243360817,-0.00250355108,-0.000240328241,0.227272734,0.300000101,0.000873598619,-0.0145985661,9239
30372,0.237737536,250.690002,0.264127284,0.0788530856,0.237861201,-0.00158595399,-0.000213330233,0.13636364,0.300000101,0.00119260396,-0.0153567242,9066
30373,0.148181558,201.020004,0.241462007,0.082800135,0.232364148,-0.00126871408,-0.000235815038,0,0.300000101,0.00121279736,-0.0145793762,9311
30374,0.11501722,209.25,0.339120448,0.098673597,0.229685888,-0.00213421346,-0.0002860206,0.173913047,0.300000101,0.000851751771,-0.0140293064,9105
30375,0.213380277,247.979996,0.238119945,0.0742353573,0.229146123,-0.0016111068,-0.000244041468,0.142857149,0.300000101,0.000804738898,-0.0153818456,9027
30376,0.204733878,226.75,0.279267937,0.0734530166,0.230628073,-0.00207774062,-0.000229255951,0.117647059,0.300000101,0.00148178253,-0.0132890409,9576
30377,0.241192177,246.809998,0.355099976,0.093964912,0.234741732,-0.00223826827,-0.000273976912,0.130434781,0.300000101,0.00106486422,-0.01343113,9027
30378,0.188940987,229.830002,0.252386868,0.086292848,0.229151666,-0.00159776991,-0.000260553323,0,0.300000101,0.00106063124,-0.0133082224,8152
30379,0.122322902,202.550003,0.304169267,0.0924421623,0.233024657,-0.00181241101,-0.000249154953,0.0476190485,0.300000101,0.0011708946,-0.0139365336,9096
30380,0.223052338,260.149994,0.353329569,0.0988646448,0.233947933,-0.00234091654,-0.000272465462,0.227272734,0.300000101,0.00147601822,-0.0148387272,8915
30381,0.278709352,277.679993,0.29777354,0.0768039674,0.233345538,-0.00186638499,-0.000235997926,0.095238097,0.300000101,0.00146627903,-0.0150683885,8811
30382,0.202227369,239.960007,0.241782486,0.0874509588,0.246152565,-0.00154335913,-0.000287765608,0.0434782617,0.300000101,0.00105747685,-0.0145599768,9024
30383,0.10631749,192.759995,0.297156513,0.0961300284,0.226980209,-0.0017178444,-0.000298519881,0.13636364,0.300000101,0.000905543158,-0.0152471298,8715
30384,0.180994138,227.789993,0.345740169,0.0880822763,0.236203715,-0.00217372808,-0.000269983371,0.130434781,0.300000101,0.001031994,-0.0132664619,8570
30385,0.192381948,235.830002,0.248147309,0.0830839649,0.228033364,-0.00167653488,-0.000259629247,0.111111112,0.300000101,0.00086888019,-0.0138895549,9217
30386,0.20990479,240.410004,0.331179231,0.090185225,0.216898054,-0.00202271482,-0.00027352848,0.227272734,0.300000101,0.0009853394,-0.0146550033,8998
30387,0.149766654,215.380005,0.225594893,0.0798939094,0.2268489,-0.00145083806,-0.000257696956,0,0.300000101,0.00123735552,-0.0151765337,8465
30388,0.159716934,221.360001,0.339781851,0.0864512548,0.240286052,-0.00194210361,-0.000219092544,0.181818187,0.300000101,0.00153293996,-0.0140649956,8904
30389,0.248255447,250.119995,0.330268204,0.0910494775,0.23571977,-0.00225619716,-0.000289303251,0.25,0.300000101,0.000750902051,-0.0140765551,8701
30390,0.217107549,238.279999,0.267588735,0.087475799,0.232656926,-0.00165290083,-0.000244310882,0,0.300000101,0.000595290214,-0.011750944,9200
30391,0.224467814,236.339996,0.321814448,0.0747112334,0.228166863,-0.00207040552,-0.000189424027,0.277777791,0.300000101,0.00123537099,-0.0162852313,9374
30392,0.250457913,260.109985,0.356508166,0.110262945,0.225181222,-0.00216134009,-0.000318624778,0.0526315793,0.300000101,0.00124131551,-0.0144302584,8921
30393,0.185026959,240.240005,0.297693819,0.0829970539,0.242805168,-0.00187940255,-0.000237983215,0.130434781,0.300000101,0.0014525787,-0.0131162237,8565
30394,0.188593104,231.559998,0.286951423,0.0889787823,0.249891192,-0.00175214221,-0.000234294799,0.142857149,0.300000101,0.000840609719,-0.0152252065,8671
30395,0.210345119,230.429993,0.284009933,0.0740859807,0.247044981,-0.00191765639,-0.000179568946,0.181818187,0.300000101,0.000769163948,-0.0139582185,8372
30396,0.196806669,218.240005,0.269376397,0.0736309811,0.228498027,-0.00183607137,-0.000189593688,0.150000006,0.300000101,0.000799296598,-0.0142965596,8940
30397,0.210580364,230.300003,0.256726801,0.0722303614,0.228407845,-0.00174245576,-0.000214885964,0.100000001,0.300000101,0.000831229263,-0.0140723251,7073
30398,0.257007241,267.790009,0.350018233,0.0909547433,0.23517099,-0.00213196361,-0.000224792893,0.333333343,0.300000101,0.000725785503,-0.0148714343,9152
30399,0.249662474,269.660004,0.299875945,0.0955480784,0.22241807,-0.00197636569,-0.000277555606,0.0833333358,0.300000101,0.00107470143,-0.0135099469,8722
30400,0.150483161,218.070007,0.273226112,0.0831229389,0.222970694,-0.00163229089,-0.000233684885,0.0909090936,0.300000101,0.000988538493,-0.015107912,8673
30401,0.159460217,219.639999,0.285546541,0.0839032829,0.238930345,-0.00191244809,-0.00023073511,0.0909090936,0.300000101,0.00132005091,-0.0165951606,8839
30402,0.235348165,260.029999,0.397566766,0.0998699814,0.232600555,-0.00272288406,-0.000286581984,0.0625,0.300000101,0.000908686081,-0.0156222451,9297
30403,0.219737545,250.139999,0.330134511,0.092246592,0.239843607,-0.00232239394,-0.000270897086,0.0526315793,0.300000101,0.00156587665,-0.0150826341,8976
30404,0.173707083,225.009995,0.268945426,0.0908551663,0.243429184,-0.00197826512,-0.000274480321,0.0416666679,0.300000101,0.00126500148,-0.0166201312,8332
30405,0.187540218,233.240005,0.27116096,0.0779612809,0.244868904,-0.00184808241,-0.000242589434,0.0416666679,0.300000101,0.000992779504,-0.0167353209,8829
30406,0.164250329,219.279999,0.235346615,0.0781798363,0.238820016,-0.00162911543,-0.000221843249,0.125,0.300000101,0.00115634024,-0.0134495115,8743
30407,0.182695627,215.419998,0.336716235,0.0767049119,0.233606189,-0.00220439536,-0.000202819137,0.13636364,0.300000101,0.000902151747,-0.0142534431,9039
30408,0.184479445,216.259995,0.249920726,0.0792246535,0.233544141,-0.00165784778,-0.000204644995,0.0434782617,0.300000101,0.00103369891,-0.0118381483,9147
30409,0.202272177,227.289993,0.294129699,0.0854104012,0.222984836,-0.00206691073,-0.000255550665,0.238095239,0.300000101,0.000891431118,-0.0148580531,9086
30410,0.243039206,255.660004,0.263772845,0.084100835,0.227178097,-0.00172865158,-0.000256143016,0.210526317,0.300000101,0.000928734604,-0.0149722928,9272
30411,0.205496132,224,0.257052839,0.0728944093,0.240153015,-0.00161354931,-0.000212502855,0.0869565234,0.300000101,0.00105333165,-0.0131512759,7969
30412,0.195480347,223.279999,0.309588403,0.0886213109,0.240963504,-0.00220016553,-0.000250195357,0.150000006,0.300000101,0.00114867638,-0.013237806,7819
30413,0.202782929,237.059998,0.288927227,0.0938067734,0.219939753,-0.00172767148,-0.000262095185,0.142857149,0.300000101,0.000749345112,-0.0148951998,8624
30414,0.173872158,215.869995,0.237932637,0.0746049434,0.224723861,-0.00170773629,-0.000205695513,0.0500000007,0.300000101,0.00116445508,-0.0136122778,8977
30415,0.221053377,252.179993,0.339545786,0.0931124389,0.219351172,-0.00246855337,-0.00024257724,0.0909090936,0.300000101,0.000826371252,-0.0142143099,9279
30416,0.234746292,252.929993,0.253944278,0.0761243775,0.229647964,-0.00175277505,-0.000210194383,0.190476194,0.300000101,0.0011449795,-0.015612253,9084
30417,0.169017211,204.190002,0.247044295,0.0837610736,0.232549831,-0.00174489792,-0.000235147905,0.0909090936,0.300000101,0.000913825934,-0.0134181743,9039
30418,0.164447069,210.759995,0.234613553,0.0731137991,0.218464777,-0.00137711281,-0.000206184195,0.227272734,0.300000101,0.000977976364,-0.0141224153,9009
30419,0.264861643,274.109985,0.303330988,0.0843151212,0.232703358,-0.00208209688,-0.000241882852,0.181818187,0.300000101,0.00132062216,-0.0141702164,9061
30420,0.27383697,280.709991,0.291098684,0.0854804963,0.239641011,-0.00202840054,-0.000218988745,0.157894731,0.300000101,0.0010081823,-0.014717944,9222
30421,0.201660842,243.339996,0.306707859,0.0844566002,0.232982084,-0.00205723266,-0.000252967613,0.0500000007,0.300000101,0.00126612477,-0.0137221878,9099
30422,0.249141455,268.299988,0.398200125,0.0994283184,0.232461095,-0.00260222889,-0.000254695042,0.181818187,0.300000101,0.000842972368,-0.0139165828,8713
30423,0.245702982,253.899994,0.277887434,0.0794772878,0.242785454,-0.00184777135,-0.000215763721,0.333333343,0.300000101,0.00116468337,-0.0147874905,9141
30424,0.243721128,254.050003,0.274926305,0.0837800354,0.235096812,-0.00179920567,-0.000230059144,0.190476194,0.300000101,0.00114528881,-0.0141502824,9059
30425,0.25818482,272.079987,0.332830101,0.100737706,0.226583764,-0.0022478085,-0.000267890107,0.0909090936,0.300000101,0.000672064372,-0.0130926408,8981
30426,0.266573131,266.109985,0.268762499,0.0771093369,0.224657148,-0.00195004023,-0.00022425325,0.13636364,0.300000101,0.000951913942,-0.014843232,9204
30427,0.253403813,261.410004,0.345572531,0.083822675,0.218717337,-0.00239977892,-0.000235182684,0.095238097,0.300000101,0.00068188092,-0.0145647675,9285
30428,0.273907155,264.529999,0.287706941,0.0950342938,0.219289586,-0.00191160722,-0.000271218305,0.0526315793,0.300000101,0.000765445584,-0.0121152643,8898
30429,0.294108003,278.019989,0.342824817,0.0966593921,0.217959613,-0.00214907713,-0.000256070023,0.13636364,0.300000101,0.00106967345,-0.017101815,9286
30430,0.224059731,250.619995,0.302755743,0.0858731642,0.228167281,-0.0021282963,-0.00023127548,0.0526315793,0.300000101,0.00102198252,-0.0139230415,8931
30431,0.201382011,243.110001,0.290899724,0.0846656412,0.243846446,-0.00177114748,-0.000221130511,0.0476190485,0.300000101,0.00104553474,-0.0143052312,8994
30432,0.180772305,218.800003,0.28471151,0.0749260858,0.237990841,-0.00203355821,-0.000189587154,0.130434781,0.300000101,0.00146581989,-0.0149527332,9028
30433,0.203512147,242.160004,0.333146155,0.106329374,0.241780251,-0.00230419682,-0.000304423331,0.142857149,0.300000101,0.00073369249,-0.0132602677,8975
30434,0.16405201,209.929993,0.211552411,0.0687647909,0.238805041,-0.00129779673,-0.000204729193,0.181818187,0.300000101,0.00087806111,-0.0146197611,8608
30435,0.269867718,266.630005,0.395568192,0.0966719314,0.226857126,-0.00277130469,-0.000250316138,0.315789461,0.300000101,0.00125533505,-0.014525108,8987
30436,0.35674572,320.709991,0.338057905,0.0799804181,0.23963502,-0.00262697297,-0.000230856545,0.181818187,0.300000101,0.00137212081,-0.0148765072,8657
30437,0.359844029,315.339996,0.359052509,0.0884085074,0.244230151,-0.00250879605,-0.000227763827,0.318181813,0.300000101,0.000721983844,-0.0148018086,8110
30438,0.216678217,242.449997,0.213102251,0.0636487082,0.229631156,-0.00133193308,-0.000177683731,0.095238097,0.300000101,0.00075326598,-0.0153850112,7987
30439,0.167872265,207.100006,0.301249683,0.0829534456,0.225064844,-0.00192560849,-0.000208435158,0.142857149,0.300000101,0.000998096191,-0.0124722701,8805
30440,0.196244583,225.600006,0.300545186,0.0825591236,0.219507098,-0.00211703382,-0.000231650905,0.0526315793,0.300000101,0.000997510389,-0.013580326,9193
30441,0.216953635,241.529999,0.296447039,0.0843539909,0.226336882,-0.00198275875,-0.000211976963,0.157894731,0.300000101,0.001053115,-0.0146087268,9271
30442,0.244937837,258.660004,0.298219502,0.0762981698,0.234923184,-0.0021722496,-0.000199583723,0.095238097,0.300000101,0.000815199572,-0.014139561,9213
30443,0.142432049,193.729996,0.259899437,0.0813976973,0.229292914,-0.00162619515,-0.000232666367,0.0869565234,0.300000101,0.000946959888,-0.0144855147,8988
30444,0.159607172,212.070007,0.274655461,0.0828396529,0.232794747,-0.00170271203,-0.000230699079,0.13636364,0.300000101,0.000738547591,-0.0143730734,8664
30445,0.184347868,222.410004,0.247446388,0.0668871552,0.231952414,-0.00161127979,-0.00020967875,0.157894731,0.300000101,0.00107260491,-0.0138164386,9132
30446,0.184203267,215.300003,0.284605712,0.0883058906,0.239156172,-0.00170400576,-0.000247048069,0.150000006,0.300000101,0.000647867448,-0.0152167697,9117
30447,0.242983952,254.440002,0.367034823,0.0957839489,0.236913234,-0.00218623714,-0.000247228047,0.176470593,0.300000101,0.00121420599,-0.0170526318,9501
30448,0.220219746,250.679993,0.344084412,0.0900514498,0.248593956,-0.00235124398,-0.000250721729,0.181818187,0.300000101,0.000931820192,-0.0147216888,9017
30449,0.201542735,243.929993,0.290238172,0.0821138844,0.239969671,-0.00205710274,-0.000220462054,0.181818187,0.300000101,0.00122347078,-0.0151365101,8976
30450,0.249839097,260.630005,0.328822523,0.0851581544,0.240091652,-0.00200176472,-0.000223933093,0.13636364,0.300000101,0.000684704166,-0.014970283,9064
30451,0.216043606,242.100006,0.234207287,0.0738342851,0.237293065,-0.00156199641,-0.000216202548,0,0.300000101,0.00104211003,-0.0147597389,8992
30452,0.155778483,206.399994,0.217338666,0.0798968524,0.237623483,-0.00140930363,-0.000225580341,0.150000006,0.300000101,0.00127883651,-0.0137188667,9384
30453,0.188143671,232.330002,0.297231793,0.0802034512,0.24648504,-0.00201074849,-0.000229479745,0.0416666679,0.300000101,0.00125900074,-0.0148649672,8731
30454,0.217272878,245.449997,0.281993687,0.0796207786,0.242597625,-0.00192309415,-0.00021849836,0.181818187,0.300000101,0.000858308747,-0.0142688602,9046
30455,0.265149951,258.559998,0.257343173,0.0796730891,0.244493872,-0.00170411379,-0.000216267916,0.150000006,0.300000101,0.000876968203,-0.0134435454,9205
30456,0.189558282,237.970001,0.272710979,0.0895299613,0.235058472,-0.00184238085,-0.000221656926,0.130434781,0.300000101,0.000924944587,-0.0135132158,8866
30457,0.154931575,219.570007,0.288739532,0.0847031623,0.22927928,-0.00180821528,-0.000217334557,0.304347843,0.300000101,0.000544593378,-0.014687431,9124
30458,0.18734318,232.360001,0.294317067,0.0850750655,0.226865038,-0.00183922052,-0.000231730737,0.0500000007,0.300000101,0.000811574166,-0.0162527207,9504
30459,0.230491117,258.230011,0.409579664,0.0837992579,0.224729627,-0.00271541253,-0.000196585897,0.277777791,0.300000101,0.000866517308,-0.0145768197,9325
30460,0.321147203,299.470001,0.309675068,0.0820143446,0.225894302,-0.00217376719,-0.000206145065,0.238095239,0.300000101,0.000903834007,-0.0138157178,9019
30461,0.257213116,269.970001,0.279361427,0.0905554742,0.225468382,-0.00183267589,-0.000256010127,0.0476190485,0.300000101,0.000882223248,-0.0132812923,8890
30462,0.212218553,257.26001,0.280774742,0.0868463665,0.219682544,-0.00181369903,-0.000233226514,0.333333343,0.300000101,0.000868360861,-0.0156387147,9109
30463,0.145094529,216.320007,0.223615706,0.0874648765,0.223509103,-0.00159034098,-0.00024949736,0,0.300000101,0.000684353057,-0.0150230238,7951
30464,0.183417574,239.029999,0.373808563,0.080829367,0.217144012,-0.00260723452,-0.000223000825,0.142857149,0.300000101,0.000739934796,-0.0142234256,8438
30465,0.172504321,230.259995,0.216274261,0.0789062157,0.230086803,-0.0016374957,-0.000227229466,0.0869565234,0.300000101,0.000744362653,-0.0143646412,8859
30466,0.158533499,212.550003,0.361794859,0.0906786695,0.232945889,-0.00240065367,-0.000236254025,0.0909090936,0.300000101,0.0010131835,-0.0152001986,9147
30467,0.196033955,232.429993,0.298289061,0.0717879534,0.231485412,-0.0019632238,-0.000183709839,0.272727281,0.300000101,0.00114375271,-0.014161122,8820
30468,0.148489818,217.740005,0.259233892,0.0892300159,0.243148088,-0.00161078095,-0.000241695336,0.0476190485,0.300000101,0.00105202082,-0.0135668395,9326
30469,0.187152743,239.169998,0.300573707,0.0792993978,0.223155141,-0.00197121245,-0.000201820483,0.142857149,0.300000101,0.000903033244,-0.0158041455,9165
30470,0.205111861,248.100006,0.300775886,0.0830313116,0.22401461,-0.00224037701,-0.000254238548,0.0454545468,0.300000101,0.00118551729,-0.0128968069,8836
30471,0.125873864,217.789993,0.28428936,0.0979013145,0.22901842,-0.0021583247,-0.000307592505,0,0.300000101,0.00101999135,-0.014595273,9460
30472,0.161020741,234.380005,0.313884795,0.0865049213,0.221647546,-0.00246907887,-0.000265331269,0.157894731,0.300000101,0.000599375227,-0.0121958414,8982
30473,0.201959863,253.800003,0.297421217,0.0877954066,0.232348949,-0.0021137991,-0.000237852204,0.095238097,0.300000101,0.0012458103,-0.013563958,8934
30474,0.244912282,253.929993,0.3227202,0.0795328245,0.232273221,-0.00232873484,-0.000220934075,0.130434781,0.300000101,0.000884656736,-0.0151094673,8846
30475,0.189605251,232.149994,0.229453087,0.0759594366,0.24146837,-0.00178473862,-0.000200998489,0.130434781,0.300000101,0.000694161747,-0.0146715874,8972
30476,0.18138735,221.440002,0.303183794,0.0817844346,0.240947694,-0.00225536223,-0.000205193588,0.227272734,0.300000101,0.000945710752,-0.014348669,8868
30477,0.253657401,260.309998,0.347512335,0.0962227657,0.241439134,-0.00253576459,-0.000263116992,0.150000006,0.300000101,0.000927005545,-0.0152697815,9250
30478,0.319400191,297.359985,0.360449314,0.0981377736,0.23238115,-0.00279337843,-0.000274140009,0.349999994,0.300000101,0.000717332819,-0.013719189,9214
30479,0.250405908,251.880005,0.230136335,0.0656725988,0.230499893,-0.00151334901,-0.000165896592,0.217391312,0.300000101,0.000922828563,-0.0140520157,9011
30480,0.203311279,224,0.316330701,0.0820574462,0.230453193,-0.00239994819,-0.000209981605,0.157894731,0.300000101,0.000810049649,-0.0150554599,9088
30481,0.206597373,241.490005,0.313696474,0.0896391571,0.22616601,-0.002399805,-0.000215924636,0.0476190485,0.300000101,0.00100122532,-0.0138381915,8901
30482,0.174789995,241.759995,0.283321619,0.0948920473,0.228125811,-0.00214269431,-0.000241677742,0.0909090936,0.300000101,0.000694046903,-0.0145239439,9083
30483,0.198376194,251.070007,0.28850171,0.0783964023,0.224778354,-0.00206441688,-0.000204571406,0.200000003,0.300000101,0.0010175464,-0.0150769958,9289
30484,0.202970594,241.550003,0.297921628,0.0860274509,0.23282513,-0.00258077937,-0.000222468618,0.142857149,0.300000101,0.000892563898,-0.0163823124,9018
30485,0.261145949,276.809998,0.311457336,0.077555865,0.226225108,-0.00238594762,-0.000220031216,0.238095239,0.300000101,0.00088195689,-0.0133222509,9375
30486,0.246358335,265.440002,0.291814744,0.0800285563,0.231029361,-0.0022388224,-0.000210003796,0.304347843,0.300000101,0.00107105391,-0.0135311177,8825
30487,0.237816706,258.410004,0.270626277,0.0888675675,0.239257067,-0.00208263705,-0.000229444238,0.0454545468,0.300000101,0.00100888265,-0.0152142569,9038
30488,0.169035524,227,0.257775158,0.0825925767,0.233464539,-0.00187427341,-0.000224255069,0.181818187,0.300000101,0.00112132402,-0.0134682534,8975
30489,0.134690553,205.220001,0.238642901,0.0817509517,0.237395048,-0.00165804767,-0.000223159019,0.055555556,0.300000101,0.000830824312,-0.0142785702,8826
30490,0.176002666,231.080002,0.321219891,0.0843531936,0.236443341,-0.00262805005,-0.000229190613,0.181818187,0.300000101,0.000930157083,-0.0168999061,8930
30491,0.211895779,241.830002,0.249962464,0.0769067854,0.237988234,-0.00187334232,-0.000179865558,0.217391312,0.300000101,0.00109196082,-0.0142967245,9204
30492,0.303413689,298.809998,0.312665164,0.0841504559,0.230662197,-0.00236665085,-0.000223776209,0.333333343,0.300000101,0.00074707187,-0.012589951,8924
30493,0.253648758,278.640015,0.359028071,0.0934790969,0.227974027,-0.00240068091,-0.000248234574,0.0526315793,0.300000101,0.000983756268,-0.0149735603,9147
30494,0.245444745,276.410004,0.301577419,0.0819332227,0.220892459,-0.00240390003,-0.000229184676,0.111111112,0.300000101,0.000832978403,-0.0132644176,9251
30495,0.206531033,265.380005,0.359241843,0.0945696235,0.215858743,-0.00255365367,-0.000258766959,0.100000001,0.300000101,0.000507329125,-0.0147442035,9135
30496,0.220968798,274.690002,0.342172086,0.0861178264,0.208769083,-0.00240010815,-0.000202509313,0.333333343,0.300000101,0.00114817219,-0.0138789788,9557
30497,0.258001953,291.290009,0.331915498,0.0955752954,0.223639458,-0.00280918973,-0.000236348889,0.181818187,0.300000101,0.000803649076,-0.0120014399,7321
30498,0.25416702,282.170013,0.29292962,0.0900541916,0.223163351,-0.00217422307,-0.000239070447,0.130434781,0.300000101,0.000546403811,-0.0155603765,8922
30499,-0.136121526,17.5100002,0.049330879,0.040316157,0.748836637,-0.000469583261,-9.73340502e-05,0.565217376,0.300000101,0.000527807628,-0.014025039,1321
30500,-0.14538908,19.7800007,0.089318566,0.0646372959,0.397082329,-0.00090404693,-0.000181664043,0.25,0.300000101,0.000837741594,-0.0208334457,10089
30501,-0.136456028,27.2800007,0.102714643,0.0686220378,0.282805771,-0.00115806144,-0.000185121884,0.25,0.300000101,0.000834794366,-0.0204562955,10628
30502,-0.127012849,33.8400002,0.122429766,0.0718544349,0.241378725,-0.00112804223,-0.000234775245,0.300000012,0.300000101,0.000638014462,-0.017234182,10731
30503,-0.0898451433,38.4599991,0.102788992,0.0653232709,0.220351309,-0.00108566263,-0.000184277887,0.363636374,0.300000101,0.000351048133,-0.017923452,11020
30504,-0.0287860986,46.0999985,0.120918982,0.0625378266,0.195967063,-0.00133418967,-0.000148622072,0.466666698,0.300000101,0.000307687849,-0.0183814988,11376
30505,0.0272180829,55.8100014,0.137614161,0.0509569533,0.192482635,-0.00190934306,-0.000158989336,0.545454562,0.300000101,0.00108464132,-0.0138641866,11745
30506,0.101799391,70.0299988,0.142634943,0.0634540468,0.201083586,-0.00209245505,-0.000165355828,0.333333343,0.300000101,0.00140574283,-0.0139987851,11407
30507,0.212173462,94.1699982,0.159500375,0.0529455245,0.21553193,-0.00229786942,-0.000123693651,0.190476194,0.300000101,0.00199959404,-0.0155841149,10568
30508,0.292346984,116.080002,0.203698426,0.0668185279,0.226289153,-0.00256609963,-0.000179491602,0.25,0.300000101,0.00160146144,-0.0140138436,10799
30509,0.281817049,116.889999,0.179134578,0.0645158812,0.238017648,-0.0022347311,-0.000158319395,0.315789461,0.300000101,0.00198794692,-0.0145966373,10781
30510,0.264555812,127.879997,0.198293716,0.0717387199,0.241661131,-0.00259492011,-0.000180762014,0.333333343,0.300000101,0.0022197892,-0.0138876885,10692
30511,0.293992132,138.660004,0.181727216,0.0718023703,0.245203644,-0.00247989385,-0.00018980098,0.200000003,0.300000101,0.00210665539,-0.015313535,10746
30512,0.25923565,146,0.229015455,0.0763433799,0.25130263,-0.00315450109,-0.0002024032,0.208333343,0.300000101,0.00220755907,-0.0143285124,10719
30513,0.278040439,159,0.215578645,0.0727341324,0.25121364,-0.00297884271,-0.000195476532,0.217391312,0.300000101,0.00105528976,-0.0151708694,10776
30514,0.209918171,150,0.214372322,0.0838507786,0.243533254,-0.00288986624,-0.000239597313,0,0.300000101,0.00165431469,-0.0144776609,10544
30515,0.251134723,165.850006,0.237468004,0.0761293396,0.240425795,-0.00351478579,-0.000184834746,0.150000006,0.300000101,0.00168140116,-0.0147696212,10854
30516,0.325249135,183.869995,0.225404695,0.0799506828,0.238043398,-0.00355878542,-0.00022491852,0.0526315793,0.300000101,0.000891147822,-0.0150022274,10746
30517,0.243335515,172.330002,0.226710752,0.0731319785,0.224069744,-0.00315014157,-0.000197220405,0.263157904,0.300000101,0.000997844269,-0.0147521878,10705
30518,0.189469576,172.289993,0.267490774,0.0874254704,0.215270996,-0.00359477568,-0.000250011159,0.0526315793,0.300000101,0.000859126914,-0.0148068462,10698
30519,0.143386126,160.809998,0.210870221,0.0687951371,0.219916686,-0.00309055718,-0.000147252154,0.0526315793,0.300000101,0.00133642775,-0.013892238,11023
30520,0.24041824,193.139999,0.255155653,0.0748457536,0.217321843,-0.00337412558,-0.000194223379,0.210526317,0.300000101,0.000973676972,-0.0145691242,10742
30521,0.294077635,216.410004,0.281287938,0.0840781704,0.216694638,-0.00405383762,-0.000211282415,0.117647059,0.300000101,0.00103883538,-0.0141443275,10822
30522,0.285628527,222.289993,0.24239254,0.0674715638,0.227087796,-0.00348167703,-0.00017595313,0.117647059,0.300000101,0.00182561646,-0.0150568513,10998
30523,0.257812351,227.979996,0.302566022,0.0983096957,0.232974589,-0.00400896231,-0.000231356287,0.0909090936,0.300000101,0.000837635656,-0.0162718613,10735
30524,0.244419947,214.289993,0.247303128,0.0723858848,0.24237673,-0.00340310833,-0.000191896543,0.0454545468,0.300000101,0.00142589631,-0.0155895352,10583
30525,0.15319404,179.490005,0.248694152,0.0802295804,0.232456088,-0.00342278136,-0.000195419532,0.0416666679,0.300000101,0.000952719303,-0.0138950646,10608
30526,0.134402901,186.600006,0.203743696,0.0713736266,0.235822648,-0.00244895602,-0.000180092757,0.0416666679,0.300000101,0.00141733116,-0.0155360764,10589
30527,0.218670368,234.289993,0.334823161,0.0887207314,0.231937334,-0.00487164082,-0.00023207601,0.0476190485,0.300000101,0.00103337003,-0.0150109502,10439
30528,0.280758202,258.220001,0.25071317,0.0733198598,0.246416241,-0.00340449414,-0.00018137529,0.208333343,0.300000101,0.00131570897,-0.0157720335,10416
30529,0.182686463,227.240005,0.317698926,0.0990665331,0.224456191,-0.00471341005,-0.000290408236,0,0.300000101,0.000959631114,-0.0151225878,10693
30530,0.132241651,212.660004,0.291935772,0.0860622898,0.230608702,-0.00366091682,-0.000195334796,0.0909090936,0.300000101,0.00141715142,-0.0135979354,10690
30531,0.164619848,217.289993,0.252714634,0.0818553418,0.227080554,-0.00300732162,-0.000190927996,0,0.300000101,0.00102345506,-0.0140180653,10218
30532,0.22819525,255.289993,0.281306714,0.0731167495,0.22879532,-0.00367279327,-0.000192363746,0.190476194,0.300000101,0.000689555192,-0.0151211368,10449
30533,0.210448951,247.559998,0.361924887,0.103973076,0.228837579,-0.00454571703,-0.000320050254,0,0.300000101,0.000940644823,-0.0147188669,10783
30534,0.109728955,217.149994,0.259134442,0.0825724974,0.237470299,-0.00299104,-0.000243560455,0,0.300000101,0.000808414596,-0.0136028072,10636
30535,0.0995159149,211.710007,0.257568538,0.0840807632,0.252875447,-0.00302957906,-0.000211234292,0,0.300000101,0.00111622398,-0.0150128789,10534
30536,0.140462488,227.940002,0.325299621,0.0917502344,0.228040189,-0.00393253937,-0.000256812462,0.095238097,0.300000101,0.000791044906,-0.0161300916,10538
30537,0.161229536,241.509995,0.330346286,0.0878600329,0.226602644,-0.00442816317,-0.000233868879,0,0.300000101,0.000791523373,-0.0149275409,10792
30538,0.131022751,235.539993,0.324206203,0.0976317748,0.231362268,-0.00404634699,-0.000284904294,0,0.300000101,0.000817209017,-0.0130553087,10651
30539,0.131316885,220.520004,0.270703316,0.0837266967,0.234094605,-0.00320573291,-0.000192260646,0.0476190485,0.300000101,0.000502748182,-0.0151150813,10684
30540,0.108776607,181.229996,0.184488133,0.0608281828,0.224513337,-0.0026884994,-0.000158868817,0.0454545468,0.300000101,0.00080094923,-0.0154954977,10723
30541,0.197848201,234.429993,0.351208895,0.0801288858,0.227576733,-0.00400395459,-0.000212640749,0.347826093,0.300000101,0.000740771124,-0.0126300752,9238
30542,0.271090031,290.309998,0.342599839,0.0915585086,0.227650911,-0.00406154944,-0.000212495288,0.450000018,0.300000101,0.000585681933,-0.0128522245,10910
30543,0.131739199,220.839996,0.329215527,0.0805352181,0.230377287,-0.00465483172,-0.000189212034,0.217391312,0.300000101,0.000755318732,-0.0149357598,10765
30544,0.150710374,249.600006,0.297653854,0.0836509466,0.220935434,-0.00336822169,-0.000198331734,0.095238097,0.300000101,0.000735364622,-0.0172095206,10759
30545,0.0977794155,243.830002,0.351177961,0.093605496,0.227921844,-0.00407300331,-0.000247145246,0.130434781,0.300000101,0.000663235842,-0.0136104487,10566
30546,0.103122957,250,0.36803326,0.108984396,0.220958635,-0.00447332207,-0.000277864659,0.0909090936,0.300000101,0.00104437023,-0.0152903795,10929
30547,0.0672494844,226.770004,0.288943648,0.0800958574,0.235534355,-0.00352502381,-0.000198434151,0,0.300000101,0.000522036862,-0.014663565,10464
30548,0.0436448976,191.070007,0.246287555,0.0748142898,0.227829009,-0.00271698949,-0.000174438625,0.055555556,0.300000101,0.000748535851,-0.0140614882,9671
30549,0.0394801795,190.75,0.359202117,0.103237085,0.218968675,-0.0047407588,-0.000274558231,0,0.300000101,0.00061164028,-0.0143865123,10686
30550,0.0725009888,215.320007,0.242222488,0.0618965253,0.223811507,-0.00303166616,-0.000146763035,0.0454545468,0.300000101,0.000646471221,-0.0137422457,10905
30551,0.0999402702,233.990005,0.301420301,0.0811991021,0.23048839,-0.00414476544,-0.000209668768,0.100000001,0.300000101,0.000758061535,-0.014307268,10372
30552,0.105751641,256.570007,0.289568692,0.0932118371,0.234848738,-0.00347311771,-0.000229395577,0.142857149,0.300000101,0.000921177678,-0.015336168,10554
30553,0.125561476,280.089996,0.327407271,0.0850025862,0.225655288,-0.0042858189,-0.000212231767,0.0833333358,0.300000101,0.000908601447,-0.0156693533,10763
30554,0.121548764,275.649994,0.340000063,0.0808110535,0.231721282,-0.00440712692,-0.000207127101,0.173913047,0.300000101,0.000445618905,-0.0149772912,10791
30555,0.124490611,273.910004,0.352227688,0.0915490985,0.230893821,-0.00374121033,-0.000209234742,0.272727281,0.300000101,0.000663519197,-0.0148286661,10208
30556,0.137435511,269.119995,0.308387429,0.0762693807,0.221918926,-0.00407452509,-0.000197455549,0.0909090936,0.300000101,0.000487155572,-0.015146927,10703
30557,0.0694435388,209.429993,0.204120055,0.0856389701,0.225081086,-0.0030443205,-0.000215416774,0,0.300000101,0.000660990074,-0.0153177781,10614
30558,0.0420665704,217.929993,0.323603898,0.104760244,0.223474145,-0.00399706652,-0.000281532411,0.0526315793,0.300000101,0.000456883456,-0.0135444961,10882
30559,0.080826968,259.220001,0.335648596,0.0907190591,0.218189999,-0.00441031065,-0.000223414318,0.227272734,0.300000101,0.000468424056,-0.0133257769,10563
30560,0.122818463,267.950012,0.294300437,0.0652253181,0.210973248,-0.00337668811,-0.000133553447,0.0500000007,0.300000101,0.000542308553,-0.0141579928,10891
30561,0.12714,266.470001,0.305687189,0.0918484032,0.213819593,-0.00440989761,-0.000258818734,0.0500000007,0.300000101,0.000677348115,-0.0141605474,10747
30562,0.0991706699,253.339996,0.294983923,0.086662136,0.223683268,-0.00366734201,-0.00020659306,0.173913047,0.300000101,0.000793585612,-0.0150433863,10819
30563,0.0549107976,240.240005,0.325172156,0.103227392,0.219475627,-0.00336434017,-0.000253453007,0.0454545468,0.300000101,0.000728878542,-0.0155247552,10626
30564,0.0610123761,245.889999,0.340768009,0.0849394798,0.22756353,-0.00390198664,-0.000189324535,0.095238097,0.300000101,0.000930597889,-0.0129166637,10678
30565,0.1029917,282.809998,0.359031856,0.0989650339,0.235681623,-0.00444652699,-0.000259999331,0,0.300000101,0.000663256331,-0.0153575977,10705
30566,0.0674389675,245.690002,0.274847031,0.0855883136,0.226924747,-0.00305124186,-0.000210060971,0.0909090936,0.300000101,0.000558499421,-0.0151778655,10508
30567,0.0391333774,214.050003,0.273513615,0.0828986391,0.233464643,-0.00310665905,-0.000209150719,0.0526315793,0.300000101,0.000701233686,-0.0152025027,10853
30568,0.0307052098,213.289993,0.257499605,0.0827027634,0.231710047,-0.00278295181,-0.000198634749,0.0476190485,0.300000101,0.000863602792,-0.0137272868,10603
30569,0.14633134,307.26001,0.426994413,0.0963733569,0.228480011,-0.00484780595,-0.000223522351,0.272727281,0.300000101,0.000667639892,-0.0147422021,10791
30570,0.117102616,301.670013,0.301744938,0.0905463472,0.242457122,-0.00377324643,-0.000229837213,0.0869565234,0.300000101,0.00056837406,-0.0149098132,10650
30571,0.0455071218,223.190002,0.243018717,0.0772521943,0.248017341,-0.00253170193,-0.000178210292,0.13636364,0.300000101,0.000565884053,-0.0158492886,10560
30572,0.00737166591,169.789993,0.217289805,0.0681763738,0.241887331,-0.00218867254,-0.000180069401,0.0869565234,0.300000101,0.000740997901,-0.0161081124,10580
30573,0.0626721084,228.720001,0.348041743,0.0894577354,0.23408705,-0.00485393638,-0.000201261748,0.200000003,0.300000101,0.000604461413,-0.0166825708,10960
30574,0.0816391706,275.700012,0.391065449,0.107680701,0.219075605,-0.00417656312,-0.000280717446,0.13636364,0.300000101,0.00040376652,-0.0167761147,10510
30575,0.049243737,253.759995,0.257740796,0.0785983875,0.221681997,-0.00337373093,-0.000181453201,0.0588235296,0.300000101,0.00069754757,-0.0144249108,10862
30576,0.0648259521,256.700012,0.414498329,0.0988428742,0.220442623,-0.00492519606,-0.000260905857,0.150000006,0.300000101,0.000584326976,-0.0139715998,10757
30577,0.0789563358,264.209991,0.250295788,0.0788757503,0.222736061,-0.00320388586,-0.000188315753,0.0909090936,0.300000101,0.00054347387,-0.0160286333,10577
30578,0.0572078452,243.990005,0.349583536,0.0923611671,0.221138164,-0.00406606449,-0.000261494395,0.142857149,0.300000101,0.000558275264,-0.0159259085,10702
30579,0.0897632539,290.130005,0.388962239,0.0893394649,0.228695318,-0.00505189877,-0.000204402008,0.333333343,0.300000101,0.000613604032,-0.0129808858,10725
30580,0.087646611,295.790009,0.366050184,0.10480123,0.226699591,-0.00437287008,-0.000252777187,0.100000001,0.300000101,0.000533182756,-0.0139595261,10794
30581,0.0640224665,251.639999,0.340657592,0.0933470726,0.228725642,-0.00407886691,-0.000246318668,0.1875,0.300000101,0.000590941985,-0.0140684834,10731
30582,0.0853826106,275.519989,0.327716082,0.0892051756,0.225187227,-0.0043264553,-0.000222550196,0.111111112,0.300000101,0.000550825149,-0.0134069296,10978
30583,0.0692767352,239.009995,0.268248886,0.0822058767,0.220480248,-0.00323419226,-0.000228934383,0,0.300000101,0.000538867433,-0.0154190036,10599
30584,0.0797709972,246.309998,0.279570818,0.0763514563,0.22727786,-0.00340216886,-0.000183778757,0.181818187,0.300000101,0.000592797529,-0.0157398302,10354
30585,0.0972258598,264.98999,0.320776403,0.0895798206,0.234769151,-0.00393299107,-0.000207695673,0.208333343,0.300000101,0.00054997101,-0.0150779895,10616
30586,0.0958753824,277.670013,0.281041175,0.0887793377,0.230830714,-0.00325130741,-0.000213392239,0.0454545468,0.300000101,0.000519356399,-0.0143005885,10902
30587,0.0644112006,262.540009,0.278247863,0.0811019614,0.225933045,-0.00345639628,-0.000200157272,0.13636364,0.300000101,0.000407675398,-0.0119769536,10802
30588,0.0348543338,233.350006,0.330201924,0.0977603793,0.224578142,-0.0041666599,-0.000225831172,0.150000006,0.300000101,0.000611700525,-0.0156010985,10805
30589,0.074671939,262.859985,0.365083009,0.090641275,0.226884246,-0.0043168813,-0.000219058027,0.0476190485,0.300000101,0.000509319361,-0.0141172521,10896
30590,0.0899782851,275.350006,0.327631474,0.0938962847,0.222600505,-0.00403422723,-0.000224605828,0.0909090936,0.300000101,0.00049674738,-0.0141144283,10744
30591,0.100544371,304.019989,0.403066158,0.103966616,0.219450802,-0.00504543353,-0.000244348397,0.100000001,0.300000101,0.000504053547,-0.0135835577,9339
30592,0.0743971169,283.579987,0.287696749,0.0840041488,0.212836906,-0.00384512916,-0.00021436403,0.055555556,0.300000101,0.000335285702,-0.0148859983,11119
30593,0.0564637519,264.320007,0.17901355,0.0814266205,0.21879068,-0.00200035237,-0.000215635358,0,0.300000101,0.000549316173,-0.0151505498,10822
30594,0.0401167423,246.630005,0.365635246,0.0920613706,0.210814685,-0.00450126454,-0.000220244794,0.227272734,0.300000101,0.000686573039,-0.0150066363,10604
30595,0.0537806973,275.670013,0.349159509,0.0931163207,0.219646394,-0.00423858408,-0.000247633841,0.111111112,0.300000101,0.000699638971,-0.0159607306,10633
30596,0.0831387565,303.859985,0.345998257,0.0900004655,0.235736966,-0.00414635101,-0.000203109346,0.150000006,0.300000101,0.000564659247,-0.0155498357,6664
30597,0.115283348,304.320007,0.331591576,0.0886694565,0.23641102,-0.00410947343,-0.000199423317,0.300000012,0.300000101,0.000520396046,-0.015761951,10932
30598,0.109443553,279.130005,0.298751712,0.0911099389,0.233057663,-0.00357599999,-0.000208666679,0.0476190485,0.300000101,0.000566236267,-0.0147564895,10909
30599,0.0527208298,240.130005,0.288063198,0.0791831613,0.226135254,-0.00333364657,-0.000189737591,0.13636364,0.300000101,0.000397713651,-0.0168466885,10823
30600,0.0480410606,230.130005,0.257551104,0.0794882327,0.228269801,-0.00283026206,-0.000194410124,0.150000006,0.300000101,0.000463737291,-0.0155823249,10964
30601,0.112828307,275.570007,0.485446393,0.0973524153,0.227101311,-0.00592908217,-0.000213682273,0.238095239,0.300000101,0.000487923593,-0.0161571354,10764
30602,0.0834819376,260.940002,0.292080253,0.0824831799,0.232410043,-0.00356006413,-0.000203258824,0.100000001,0.300000101,0.000471645297,-0.0142383929,10746
30603,0.0514073372,247.460007,0.268578291,0.078819856,0.220786721,-0.00302375131,-0.000190740931,0.105263159,0.300000101,0.000491210667,-0.0155567499,11106
30604,0.00392352231,217.210007,0.316003561,0.0863695517,0.224704862,-0.00308241369,-0.00020061151,0.13636364,0.300000101,0.000432224479,-0.0134932073,10773
30605,0.0523507409,261.440002,0.290192962,0.0813036039,0.22510159,-0.00317741791,-0.000172898595,0.238095239,0.300000101,0.000450059539,-0.0150997378,10357
30606,0.0661833659,254.779999,0.272045821,0.0903490409,0.215247363,-0.00347848609,-0.000224460149,0.100000001,0.300000101,0.000421621546,-0.015034982,9583
30607,0.0449429974,236.630005,0.242717803,0.0623317696,0.219060421,-0.00267610117,-0.000139649448,0.111111112,0.300000101,0.000655484851,-0.0156732872,8597
30608,0.0558871478,263.529999,0.334272891,0.0993170515,0.231032133,-0.00376607105,-0.000224564734,0.100000001,0.300000101,0.000617173384,-0.0143436026,9663
30609,0.0562493429,277.589996,0.410212308,0.100923523,0.226643413,-0.00465900591,-0.000282903784,0.105263159,0.300000101,0.00048498105,-0.0124820257,9261
30610,0.0562732294,272.890015,0.266374052,0.0871133581,0.230501458,-0.00281629409,-0.000215453561,0.105263159,0.300000101,0.000459789037,-0.0160308722,9897
30611,0.0715738088,287.429993,0.457594723,0.0992243215,0.228576422,-0.0054438822,-0.000221884184,0.200000003,0.300000101,0.000552379992,-0.0142958583,10912
30612,0.0635614023,284.700012,0.284402102,0.0771705881,0.232243747,-0.00358361076,-0.00019134568,0.100000001,0.300000101,0.000614266261,-0.0141180158,11143
30613,0.0858860761,278.230011,0.318920851,0.0800493062,0.237128735,-0.00372064067,-0.000176273446,0.217391312,0.300000101,0.000501386006,-0.0137391267,10446
30614,0.0938606337,306.589996,0.446667731,0.101683117,0.23139298,-0.00505490368,-0.000243535513,0.238095239,0.300000101,0.000400175399,-0.015598665,10794
30615,0.0715690255,296.190002,0.346866667,0.0899994373,0.230521783,-0.00364376861,-0.000225049735,0.260869563,0.300000101,0.000449852087,-0.0145532219,10593
30616,0.0144307008,229.369995,0.27709499,0.0773402601,0.227593482,-0.00278524822,-0.000185629251,0.0476190485,0.300000101,0.000437754497,-0.0136611918,10774
30617,0.00963867642,207.759995,0.288239181,0.0733334646,0.222305268,-0.00303497445,-0.00016405918,0.142857149,0.300000101,0.00038190803,-0.0150270741,10640
30618,0.00366689079,196.970001,0.254174024,0.0699107423,0.224961251,-0.0026842833,-0.000162296797,0.0909090936,0.300000101,0.000381086807,-0.0160434525,10557
30619,0.0132741248,212.979996,0.306563109,0.0808818489,0.2177708,-0.00365316845,-0.00019261484,0.150000006,0.300000101,0.000572347257,-0.0136965243,10921
30620,0.0630244315,275.369995,0.369564503,0.0923284963,0.223063648,-0.00452422025,-0.00021651086,0.142857149,0.300000101,0.000439929077,-0.0157036297,10626
30621,0.0667055175,260.869995,0.295904249,0.081056878,0.245234728,-0.00359545788,-0.000184521807,0.260869563,0.300000101,0.000807662611,-0.0141599076,10616
30622,0.0136615522,236.520004,0.287573427,0.087782234,0.248170197,-0.00348259625,-0.000205510747,0.095238097,0.300000101,0.000511507445,-0.0147311846,10644
30623,0.0024091138,226.410004,0.272348493,0.0818860754,0.229213208,-0.00313029368,-0.000187071084,0.13636364,0.300000101,0.000421599252,-0.0151279662,10548
30624,0.0511611961,260.029999,0.431270659,0.0952671915,0.224921867,-0.0047626039,-0.000224652584,0.318181813,0.300000101,0.000330072449,-0.0158211589,10752
30625,0.0730443522,273.459991,0.289314598,0.0800643265,0.225139827,-0.00323844492,-0.000181680341,0.111111112,0.300000101,0.000637996884,-0.0139556099,10846
30626,0.0355594307,227.270004,0.287990957,0.0863837078,0.231482297,-0.00357391452,-0.000190096369,0.0909090936,0.300000101,0.000424343976,-0.0155048277,10733
30627,0.0787783191,270.290009,0.325258762,0.0715929419,0.236547202,-0.00433892105,-0.000151136162,0.260869563,0.300000101,0.000383800187,-0.0172618143,10374
30628,0.0425291061,256.76001,0.334779948,0.0966571495,0.231031284,-0.00371867209,-0.000221013834,0.142857149,0.300000101,0.000519331952,-0.0166028421,10768
30629,0.0324836485,227.429993,0.303060204,0.0767649785,0.223937124,-0.00368950889,-0.000177068156,0.318181813,0.300000101,0.000378732482,-0.0158155207,10842
30630,0.0348323211,234.809998,0.270415038,0.078509979,0.23088491,-0.00345117133,-0.000206610101,0.142857149,0.300000101,0.000447414321,-0.0160776116,10649
30631,0.00956485234,215.949997,0.290318936,0.0829015374,0.212018281,-0.0028694754,-0.000194447523,0.142857149,0.300000101,0.000378340628,-0.0145040741,10723
30632,0.0268220566,223.020004,0.285467297,0.077717185,0.216705859,-0.00331891933,-0.000177085327,0.055555556,0.300000101,0.000625939865,-0.0162466373,10743
30633,0.047261253,244.520004,0.372542262,0.0930369198,0.211761639,-0.00448145624,-0.000212385683,0.142857149,0.300000101,0.000420591416,-0.0145768411,10569
30634,0.0712560862,274.470001,0.325502723,0.0974859446,0.212757826,-0.00377329532,-0.000233798884,0.055555556,0.300000101,0.000376356096,-0.016836077,10345
30635,0.0500301607,259.660004,0.300066173,0.0783025846,0.214760512,-0.00388068403,-0.000162351585,0.0625,0.300000101,0.000643617939,-0.014252061,10222
30636,0.0916939527,317.950012,0.40928182,0.0934919342,0.231681496,-0.00470491406,-0.000238220469,0.13636364,0.300000101,0.000420909812,-0.0150982039,10706
30637,0.0516372994,272.850006,0.297158837,0.0863694549,0.219681978,-0.00369581091,-0.000188063612,0,0.300000101,0.000533875427,-0.0145002296,10793
30638,0.00774220144,226.539993,0.25103265,0.0812789351,0.22358124,-0.00271810708,-0.000204927564,0.0454545468,0.300000101,0.000581423519,-0.0142629528,10534
30639,0.0347392373,251.190002,0.404012233,0.0836789757,0.224739417,-0.00509895012,-0.000188746752,0.111111112,0.300000101,0.000698745484,-0.0148725705,11011
30640,0.0373788364,257.440002,0.330669463,0.0989937708,0.228391886,-0.00377006875,-0.000244004754,0.0526315793,0.300000101,0.00051107211,-0.0139995031,9795
30641,0.0227711126,228.279999,0.273853749,0.0871297494,0.235187262,-0.00332546607,-0.000185219513,0.217391312,0.300000101,0.000467368081,-0.0136818532,9948
30642,0.0134751648,200.029999,0.208304882,0.0729982406,0.223950416,-0.00248630135,-0.000166687649,0.100000001,0.300000101,0.00056126836,-0.0133479089,10691
30643,0.00977204554,207.330002,0.244350687,0.0870513022,0.223637491,-0.00269906572,-0.000189854036,0,0.300000101,0.000433187437,-0.014210334,10783
30644,0.0207297169,245.910004,0.364152461,0.0907013118,0.22812438,-0.00424288586,-0.000231396654,0.157894731,0.300000101,0.000401278696,-0.0129342526,10768
30645,0.0247210916,262.709991,0.280651689,0.080528453,0.233053297,-0.0033347772,-0.000188751539,0.100000001,0.300000101,0.000465312536,-0.0146838147,10766
30646,0.00263201469,232.529999,0.243948936,0.0756869838,0.224584579,-0.00275039929,-0.0001722288,0.200000003,0.300000101,0.000435732014,-0.0141988136,10830
30647,0.00606387062,232.559998,0.277779907,0.0872474238,0.217653602,-0.00350128929,-0.000213629799,0.0500000007,0.300000101,0.000420448894,-0.0140487701,10741
30648,0.0183599554,258.100006,0.384545326,0.0970882624,0.218893498,-0.00437862705,-0.000224732954,0.142857149,0.300000101,0.000557081541,-0.0150169507,10630
30649,0.0359860249,300.609985,0.413184315,0.0986739323,0.226708293,-0.00454240013,-0.000238049397,0.13636364,0.300000101,0.000505498669,-0.0159227978,10552
30650,0.0403172672,284.660004,0.360110581,0.088992402,0.232907236,-0.00397458533,-0.000221812035,0.173913047,0.300000101,0.000644785119,-0.0161392242,10323
30651,0.0814900771,305.589996,0.355479866,0.091122523,0.223602816,-0.00410492066,-0.000217309862,0.181818187,0.300000101,0.00033388086,-0.0147845661,10718
30652,0.0938380435,314.700012,0.327741593,0.0851832107,0.231349945,-0.00424021902,-0.000180948788,0.238095239,0.300000101,0.000542511581,-0.0168274529,10682
30653,0.0331232511,258.929993,0.384613574,0.0959674045,0.232500046,-0.00397190964,-0.000263141439,0.13636364,0.300000101,0.000415874907,-0.0167266205,10814
30654,0.0120557752,230.139999,0.229503334,0.0732022598,0.226068228,-0.00299174245,-0.000171780077,0.238095239,0.300000101,0.000413271715,-0.0146677867,10814
30655,0.0341528393,252.139999,0.379699111,0.0801090747,0.223855942,-0.00446144165,-0.000191145489,0.190476194,0.300000101,0.0007138371,-0.0152981356,10805
30656,0.0713994801,309.76001,0.354247838,0.0872768536,0.233225524,-0.0041562249,-0.000196454639,0.130434781,0.300000101,0.000523193739,-0.0162045117,10792
30657,0.0356819183,237.490005,0.250630289,0.0767740682,0.231033683,-0.00291745365,-0.000177400841,0.0869565234,0.300000101,0.000495205342,-0.0163569339,10422
30658,-0.0041364464,205.259995,0.299175024,0.0937325805,0.226187944,-0.0033059374,-0.000239064248,0.0500000007,0.300000101,0.000414790004,-0.015815191,10654
30659,-0.0191009622,216.270004,0.2847161,0.0911802649,0.222852647,-0.00331392884,-0.000217360051,0.13636364,0.300000101,0.000303340872,-0.01541638,10872
30660,-0.0239292532,193.970001,0.214600936,0.0696002692,0.21959357,-0.0022596973,-0.000146653882,0.166666672,0.300000101,0.000431009103,-0.0140852714,10618
30661,0.0138077121,214.940002,0.307324082,0.0745384693,0.219878316,-0.00307125342,-0.000163731936,0.100000001,0.300000101,0.000394240458,-0.0164844505,10899
30662,-0.000119685144,202.360001,0.226316079,0.0816570818,0.227722585,-0.00245367596,-0.000222599701,0.055555556,0.300000101,0.000471027422,-0.0154778985,10991
30663,-0.00264699012,197.470001,0.303037524,0.0859333277,0.222194582,-0.00325670186,-0.000203190357,0.0869565234,0.300000101,0.000593301258,-0.0162900295,10508
30664,0.0289877579,241.850006,0.270779908,0.0855555683,0.236715004,-0.00305344583,-0.000200585986,0.0869565234,0.300000101,0.000370996073,-0.0145228701,10638
30665,0.021940643,224.410004,0.268166691,0.0829905197,0.231935859,-0.00296417275,-0.000191806161,0.105263159,0.300000101,0.000446621794,-0.0158976596,10665
30666,-0.00351677928,195.860001,0.285561562,0.0859646425,0.221405119,-0.00352066988,-0.000198921189,0.0500000007,0.300000101,0.000403005048,-0.0150037929,10820
30667,0.0269281678,234.020004,0.321943551,0.0861532912,0.208774954,-0.00331407785,-0.000205472883,0.227272734,0.300000101,0.000424467144,-0.0146775972,10387
30668,0.0340043604,233.850006,0.273078114,0.072727941,0.224825859,-0.00307720713,-0.000170575106,0.13636364,0.300000101,0.000577675761,-0.0157083087,10842
30669,0.0560080335,251.990005,0.351399899,0.0769857094,0.230429381,-0.00411013281,-0.000192359134,0.150000006,0.300000101,0.000388294022,-0.0148693472,10857
30670,0.097356312,314.670013,0.40805009,0.0929563791,0.227721483,-0.0048446781,-0.000205726406,0.238095239,0.300000101,0.000323834625,-0.0136184245,10671
30671,0.0841562897,304.220001,0.257751018,0.0817946121,0.209038287,-0.0026584377,-0.000186937104,0.0588235296,0.300000101,0.000486548524,-0.0137998927,11057
30672,0.0421276763,268.369995,0.325176328,0.0853372291,0.215082139,-0.00390992593,-0.000192760315,0.105263159,0.300000101,0.000426584738,-0.0144653209,11008
30673,0.063594982,281.660004,0.302393645,0.0750452504,0.219665706,-0.00351109146,-0.000169243664,0.200000003,0.300000101,0.00036248556,-0.0147372698,10655
30674,0.0361139588,252.630005,0.259147078,0.0856500342,0.217211753,-0.00302966009,-0.00021201637,0.105263159,0.300000101,0.000452289329,-0.0140781747,10766
30675,0.0199924838,233.440002,0.32105422,0.0850869119,0.216621041,-0.00344751147,-0.000186652527,0.095238097,0.300000101,0.000390563335,-0.0131999822,10670
30676,0.0223398656,240.789993,0.267800987,0.0785858184,0.226205155,-0.00272396277,-0.000203115793,0.166666672,0.300000101,0.000520189351,-0.0146890394,10541
30677,0.0320791341,260.049988,0.365141064,0.101142056,0.246562809,-0.00383486599,-0.000217931432,0.238095239,0.300000101,0.000623273954,-0.0132051688,10411
30678,0.0146408007,229.419998,0.268795073,0.0919218659,0.233484149,-0.0029657369,-0.00020578297,0.0454545468,0.300000101,0.000414223818,-0.0150582315,10775
30679,0.0313990489,243.539993,0.332074136,0.0805106759,0.229562804,-0.00354724773,-0.00019544753,0.285714298,0.300000101,0.000411464396,-0.0158905052,10744
30680,0.0311056618,243.639999,0.342554778,0.0906024352,0.232876211,-0.003808368,-0.000196204594,0.055555556,0.300000101,0.000506631914,-0.0169751216,10801
30681,0.055100996,270.290009,0.309434772,0.0845440254,0.223298043,-0.00349166291,-0.000192191539,0.130434781,0.300000101,0.000365557149,-0.0148910368,10533
30682,0.0397765599,244.559998,0.294366419,0.0760745853,0.225431889,-0.0036100219,-0.000181704148,0.0869565234,0.300000101,0.000365503132,-0.0115127545,10075
30683,-0.00882541947,194.169998,0.253362149,0.0838987753,0.217286259,-0.00255909492,-0.000200059716,0,0.300000101,0.000320739637,-0.0145865539,10498
30684,0.0405110568,244.770004,0.359577745,0.0860525966,0.222962424,-0.00384346885,-0.000192030435,0.349999994,0.300000101,0.000453990506,-0.0163597316,10597
30685,0.0402578115,244.779999,0.287435621,0.0757227167,0.216564089,-0.00300770625,-0.000171443782,0.0500000007,0.300000101,0.000375858799,-0.0161530655,10875
30686,0.05306096,250.490005,0.355816931,0.0831330419,0.219601199,-0.00416501705,-0.000180219009,0.13636364,0.300000101,0.000606775982,-0.0153946336,10724
30687,0.0583510548,278.850006,0.371309131,0.0952924192,0.236592337,-0.00412764167,-0.000202236086,0.111111112,0.300000101,0.000384060666,-0.0144216744,10700
30688,0.0282545984,270.589996,0.351926267,0.0930876881,0.222377583,-0.00393662322,-0.000204427881,0.0526315793,0.300000101,0.000400571123,-0.0157726761,10973
30689,-0.0084856879,214.5,0.240432069,0.0703008771,0.218876764,-0.00298077962,-0.000147404426,0.095238097,0.300000101,0.000324742432,-0.0143643823,10381
30690,0.0171092469,230.850006,0.345244139,0.0853525624,0.21372366,-0.00408533588,-0.000195384855,0.142857149,0.300000101,0.000484351272,-0.015018248,9429
30691,0.0321747884,268.48999,0.385095775,0.0940622091,0.223469943,-0.00426552398,-0.000212541185,0.0500000007,0.300000101,0.000375964446,-0.0141907278,10702
30692,0.0254314393,270.040009,0.3271887,0.0849142894,0.225805372,-0.00367333717,-0.000195706292,0.200000003,0.300000101,0.000302092405,-0.0167720877,10717
30693,0.0313828439,274.040009,0.349460244,0.0980846658,0.224687442,-0.00377547881,-0.000208049343,0.0869565234,0.300000101,0.000517306267,-0.0151630407,10048
30694,0.057696525,289.339996,0.350942284,0.077654399,0.225135714,-0.00378552731,-0.000161805568,0.238095239,0.300000101,0.00044854189,-0.015872227,10679
30695,0.0818123072,284.410004,0.332232475,0.083190605,0.235432908,-0.00392038887,-0.000189730155,0.173913047,0.300000101,0.000506217941,-0.0139263067,9215
30696,0.0795804933,274.160004,0.314361632,0.083584711,0.224918336,-0.00390929962,-0.000219568101,0.095238097,0.300000101,0.00039745128,-0.0153943608,8514
30697,0.0437781438,266.540009,0.315202475,0.0843289495,0.22667861,-0.00364681077,-0.000198669397,0.181818187,0.300000101,0.000338213169,-0.0148193324,10726
30698,0.00554139121,216.820007,0.282970786,0.0784768686,0.227295682,-0.0030491089,-0.000177147289,0.095238097,0.300000101,0.000301166874,-0.0153136691,10555
30699,0.0105306478,212.110001,0.28137058,0.077940248,0.21890679,-0.00322280522,-0.000176824862,0.150000006,0.300000101,0.000424649945,-0.0141119193,10834
30700,-0.00818994548,206.350006,0.240243465,0.0748703778,0.220053658,-0.00267925183,-0.000185538302,0,0.300000101,0.000300698128,-0.015904285,10474
30701,-0.0134807182,201.389999,0.279055923,0.0754524469,0.213728115,-0.00320813782,-0.000189318787,0.095238097,0.300000101,0.00041288737,-0.0151981432,9795
30702,-0.00722290576,210.110001,0.251525134,0.0847606435,0.217623889,-0.00278179813,-0.000202888084,0.055555556,0.300000101,0.000559012929,-0.014984454,9931
30703,0.0261675268,248.110001,0.406368852,0.103539221,0.22428906,-0.00449428754,-0.000204244483,0,0.300000101,0.00042389115,-0.0146805411,10629
30704,0.0358165614,251.940002,0.292646348,0.0829135627,0.217452377,-0.00321512739,-0.000165584381,0.095238097,0.300000101,0.000317155238,-0.013996332,10603
30705,0.0149726458,227.050003,0.315230697,0.0855955929,0.218928799,-0.00347657432,-0.000196054811,0.166666672,0.300000101,0.000449064042,-0.0165548921,10778
30706,0.0247174613,257.880005,0.348848462,0.0835934728,0.225607634,-0.00434612436,-0.000185029276,0.181818187,0.300000101,0.00038950544,-0.0143471966,10432
30707,0.0552266948,281.140015,0.32460326,0.0900989026,0.229563802,-0.00372436037,-0.000198393624,0.217391312,0.300000101,0.000448774372,-0.0145103429,10609
30708,0.0433271602,262.399994,0.321464777,0.0916044861,0.228461206,-0.00380509789,-0.000206417535,0.13636364,0.300000101,0.000403005979,-0.015456859,9870
30709,0.0306037348,252.880005,0.363604963,0.0951114446,0.219366953,-0.00373756373,-0.000210644212,0.150000006,0.300000101,0.000400989898,-0.0159015376,9842
30710,0.0181938,238.660004,0.282265872,0.0882906765,0.225849614,-0.00331315468,-0.000217375738,0.105263159,0.300000101,0.000396270596,-0.0165123846,10868
30711,0.00634773588,228.669998,0.292415351,0.0821641907,0.22351253,-0.00351568521,-0.000193887608,0.181818187,0.300000101,0.000391302223,-0.0156783592,10837
30712,0.0281238873,243.449997,0.299862862,0.0816022679,0.224988371,-0.00364670134,-0.000188406775,0.190476194,0.300000101,0.000322785345,-0.0159191564,9798
30713,0.0174531639,242.339996,0.395908713,0.0963602066,0.221239626,-0.00419388944,-0.000230579986,0.157894731,0.300000101,0.000340916449,-0.0154549936,10881
30714,0.000898202183,216.089996,0.226007164,0.0752214193,0.212238222,-0.00242281985,-0.000150966647,0.0909090936,0.300000101,0.000575631624,-0.0134520149,10552
30715,0.0437960438,278.299988,0.484917581,0.119551405,0.21719414,-0.00550368335,-0.000252065511,0.210526317,0.300000101,0.000386201951,-0.0136831617,10985
30716,0.0355902538,289.019989,0.306345135,0.0800955594,0.218125641,-0.00337281404,-0.000180313058,0,0.300000101,0.000298077764,-0.0151256602,10551
30717,0.0468012765,288.910004,0.354200453,0.087590538,0.216727659,-0.00402397383,-0.000177333364,0.13636364,0.300000101,0.000408337248,-0.0141755268,10579
30718,0.0326571837,250.289993,0.290972263,0.0807479694,0.227863118,-0.00326137617,-0.000172722735,0.0588235296,0.300000101,0.000450750493,-0.0138409697,10965
30719,0.0174441952,226.600006,0.239436939,0.0727578774,0.22518985,-0.00262196572,-0.000182873526,0.100000001,0.300000101,0.000513499603,-0.0159517378,10590
30720,0.0638213009,279.709991,0.342651367,0.084431313,0.243434757,-0.00431799795,-0.000165003978,0.291666687,0.300000101,0.000511126942,-0.0165637322,10015
30721,0.0278375,240.520004,0.234226972,0.0780905634,0.251360476,-0.00231089094,-0.000166316924,0.13636364,0.300000101,0.000417160831,-0.018329544,10220
30722,-0.00611461373,212.050003,0.2894243,0.0820492655,0.235267162,-0.00319125177,-0.000184725155,0.13636364,0.300000101,0.000361274608,-0.0169178024,10454
30723,0.00946636498,246.039993,0.342744827,0.0979487151,0.218777224,-0.0040976028,-0.000229739075,0.150000006,0.300000101,0.000368964305,-0.0142963817,10610
30724,0.0212637223,254.460007,0.340965211,0.0969064683,0.216494977,-0.00388365565,-0.00021560918,0.0909090936,0.300000101,0.000319381215,-0.0164485555,10439
30725,0.0142310373,239.949997,0.316430777,0.085615173,0.211790383,-0.00322818942,-0.000192492298,0.142857149,0.300000101,0.000431494031,-0.0156040695,10740
30726,0.0106563,227.330002,0.286942869,0.0742634833,0.221370548,-0.00329623464,-0.000158193565,0,0.300000101,0.000466690166,-0.0154313464,10592
30727,0.0052618375,224.449997,0.252825528,0.0870351046,0.216987893,-0.00312731252,-0.000189892686,0,0.300000101,0.000417565665,-0.0140648903,10782
30728,0.0479583554,284.100006,0.354442328,0.0984785706,0.216580987,-0.00406016735,-0.000229444457,0.25,0.300000101,0.000321317377,-0.0162254553,10807
30729,0.0498019941,270.519989,0.280669004,0.0878639221,0.209375352,-0.00305249495,-0.000191185813,0.0526315793,0.300000101,0.000297530176,-0.0153651126,9898
30730,0.0392976105,260.230011,0.292359918,0.0699454769,0.218693525,-0.00305499882,-0.000156069684,0.208333343,0.300000101,0.00046945241,-0.0152031891,9575
30731,0.0354090743,258.059998,0.296767145,0.0832230598,0.225820825,-0.00299978326,-0.000182470772,0.166666672,0.300000101,0.000311065756,-0.015435,10199
30732,0.0311950371,245.729996,0.272679061,0.0712736621,0.213356584,-0.00270973193,-0.000167547725,0.25,0.300000101,0.000334852055,-0.0132367387,10835
30733,0.0254371017,244.630005,0.283135623,0.0825407356,0.217137665,-0.00287712249,-0.000170598956,0.105263159,0.300000101,0.000647439854,-0.0147456713,10643
30734,0.0151757775,237.830002,0.264485866,0.0821239576,0.226809293,-0.00315192575,-0.000194195774,0.100000001,0.300000101,0.000486829551,-0.0146943592,10511
30735,0.00228695082,232.789993,0.37927413,0.0989928842,0.219287202,-0.00414028624,-0.00021590259,0.0909090936,0.300000101,0.000331151183,-0.0150306216,10622
30736,0.011116608,256.059998,0.301134586,0.0834272727,0.220451221,-0.00391735276,-0.000187782643,0.190476194,0.300000101,0.000549394637,-0.0149333486,10434
30737,0.0136045944,268.399994,0.347909987,0.0955957845,0.220951378,-0.0039515337,-0.000208907586,0.0526315793,0.300000101,0.000565859722,-0.0147646619,10671
30738,0.0281564314,270.119995,0.290600061,0.0777904838,0.227640688,-0.003373079,-0.000171390056,0.125,0.300000101,0.000417210045,-0.0150231384,10396
30739,-0.00692098634,194.360001,0.249217063,0.0830772221,0.228272915,-0.00236714166,-0.00017318537,0.125,0.300000101,0.000365735439,-0.0171044338,10163
30740,0.0075921407,203.529999,0.31782338,0.0820685104,0.23038803,-0.00360024069,-0.000177274866,0.130434781,0.300000101,0.000506318058,-0.0156515799,9659
30741,-0.00214741495,210.509995,0.31393832,0.0885612965,0.224713385,-0.0034251404,-0.000193353553,0,0.300000101,0.000390194124,-0.0161230825,9641
30742,0.00486095389,228.399994,0.255261838,0.0761949271,0.230086207,-0.00266005169,-0.000149084284,0.173913047,0.300000101,0.000324305933,-0.0165936258,10725
30743,0.0115055004,229.820007,0.259042829,0.0743174478,0.226011872,-0.00269999309,-0.000176048299,0.166666672,0.300000101,0.000538907421,-0.0141633702,10289
30744,-0.00677238218,198.529999,0.229235575,0.082968533,0.230162859,-0.00212819874,-0.000192064734,0.0454545468,0.300000101,0.000353479176,-0.0152324978,9217
30745,0.0331192724,209.559998,0.27144891,0.0664991066,0.218492672,-0.00268833642,-0.000123476333,0.181818187,0.300000101,0.000311729149,-0.0170950443,10264
30746,0.0649534762,309.48999,0.464785308,0.101991862,0.217708439,-0.00498676253,-0.000226216842,0.238095239,0.300000101,0.000424740079,-0.015417276,10715
30747,0.0645832792,306.420013,0.256454796,0.0795589462,0.230188996,-0.0027149315,-0.000163985984,0.130434781,0.300000101,0.00041220861,-0.0144130839,10438
30748,-0.00398760475,221.820007,0.273271084,0.0883108675,0.235481963,-0.00286402483,-0.000207458754,0.0909090936,0.300000101,0.00032026894,-0.0155033981,10381
30749,-0.0250779763,198.889999,0.305245399,0.094331421,0.219273686,-0.00282290741,-0.000209197606,0.166666672,0.300000101,0.00036489527,-0.0155474134,11053
30750,-0.000503101095,215.199997,0.262003928,0.0779959261,0.224837184,-0.00272988994,-0.0001607577,0.130434781,0.300000101,0.000324058259,-0.0164449662,10485
30751,0.00775997434,216.190002,0.289438069,0.0876858458,0.212632865,-0.00314933108,-0.000170520419,0.0909090936,0.300000101,0.000406872132,-0.0153735951,10551
30752,0.0197874364,235.449997,0.306820363,0.0855404958,0.219027564,-0.00320380228,-0.000194885928,0.13636364,0.300000101,0.000430258282,-0.0132329809,10778
30753,0.00982570741,238.520004,0.312152117,0.0918086618,0.216039211,-0.00356059964,-0.000172296961,0.157894731,0.300000101,0.000290673808,-0.0156909842,10948
30754,0.0238371901,236.270004,0.286290228,0.0746342391,0.211915597,-0.00310981413,-0.000148325053,0.095238097,0.300000101,0.000427192921,-0.0149060478,10544
30755,0.057367526,290.619995,0.314079523,0.0888599604,0.212035224,-0.00334249134,-0.000176319576,0.150000006,0.300000101,0.000291903678,-0.01207776,10576
30756,0.0683773234,292.109985,0.338840902,0.0873279795,0.213666365,-0.00370413926,-0.000184053759,0.105263159,0.300000101,0.000548139506,-0.015926443,10565
30757,0.0400195196,279.570007,0.30482778,0.0925572589,0.223553702,-0.00346950791,-0.000180448449,0.117647059,0.300000101,0.000414222945,-0.016576184,9934
30758,0.0276556574,263,0.313349038,0.081034787,0.222968683,-0.00343408971,-0.000184056451,0.0869565234,0.300000101,0.000425083534,-0.0161165521,10424
30759,0.00334959431,218.289993,0.23541294,0.0867162272,0.225261614,-0.00240833079,-0.000178190327,0.150000006,0.300000101,0.000283167727,-0.0153005132,10804
30760,0.0200841259,217.600006,0.293854862,0.0782514811,0.208590716,-0.00315792416,-0.000160003663,0.227272734,0.300000101,0.000331756892,-0.0147133954,10837
30761,0.0531778075,256.299988,0.263684541,0.0697855875,0.225021482,-0.00270608417,-0.000140505537,0.150000006,0.300000101,0.000496081484,-0.0139677422,10187
30762,0.0577673092,268.890015,0.352114439,0.081488587,0.222421139,-0.00387035753,-0.00016566251,0.200000003,0.300000101,0.0004366668,-0.0165614467,10632
30763,0.0416823961,277,0.33452186,0.0819054171,0.221404836,-0.00349045591,-0.00015841765,0.25,0.300000101,0.000417054049,-0.0168639161,10222
30764,-0.00268824073,208.529999,0.230532452,0.0780969709,0.214005232,-0.00256547192,-0.000171786349,0,0.300000101,0.000322396489,-0.0150565309,10620
30765,-0.0172470193,190.449997,0.300349951,0.0906026289,0.202235505,-0.00297088502,-0.000196687921,0.105263159,0.300000101,0.000285424641,-0.014586716,10734
30766,0.0181218442,236.139999,0.447166353,0.108150937,0.205597878,-0.00437119883,-0.000221068112,0.142857149,0.300000101,0.00033269258,-0.0153675033,10961
30767,0.0163559653,247.970001,0.345941573,0.10855215,0.211911723,-0.00295272726,-0.000235416243,0.0588235296,0.300000101,0.000262067304,-0.0139036383,10788
30768,0.0127786398,239.979996,0.283329457,0.0813018307,0.215712473,-0.00282184314,-0.000159507443,0.157894731,0.300000101,0.000429328997,-0.0148340138,11001
30769,0.0313618444,221.419998,0.23761636,0.0651713684,0.217010558,-0.00219080085,-0.000137993775,0.142857149,0.300000101,0.000454598747,-0.014524905,11020
30770,0.0401326679,252.820007,0.36319986,0.0942544341,0.220302135,-0.00347760925,-0.000205964228,0.200000003,0.300000101,0.000399458018,-0.0150381709,10875
30771,0.0595739819,307.399994,0.333728671,0.0836837292,0.232083082,-0.00338204578,-0.000172258529,0.190476194,0.300000101,0.000428362138,-0.0153635871,10686
30772,0.0545069277,269.589996,0.292220682,0.0832925886,0.223196328,-0.0028508103,-0.000167594801,0.13636364,0.300000101,0.000364935666,-0.0140982484,10197
30773,0.0524582155,240.699997,0.257460743,0.0696137846,0.209813118,-0.00255025295,-0.000136655988,0.13636364,0.300000101,0.000394738308,-0.0146368891,9914
30774,0.0579340048,254.699997,0.308379501,0.0719895288,0.221742675,-0.00362323388,-0.000150635969,0.130434781,0.300000101,0.000204054013,-0.0150386831,9082
30775,0.0344170295,245.800003,0.272519827,0.0809073672,0.212763667,-0.00258856895,-0.00015274102,0.13636364,0.300000101,0.000356205594,-0.0141919628,8172
30776,0.00957107916,227.470001,0.276731908,0.0790618509,0.219743654,-0.0027839106,-0.0001592755,0.105263159,0.300000101,0.000438200164,-0.0158218388,9889
30777,0.0081175454,218.699997,0.286367834,0.0798389837,0.218975469,-0.00264595146,-0.000158269511,0.095238097,0.300000101,0.000476252986,-0.0157174282,9097
30778,0.0353123993,234.639999,0.264476955,0.0729312971,0.220489264,-0.00278858026,-0.000152520384,0.13636364,0.300000101,0.000369064568,-0.0142138768,10063
30779,0.0514008328,256.48999,0.300834537,0.0753253102,0.233908996,-0.00299204793,-0.000149660264,0.095238097,0.300000101,0.000410804554,-0.0144870561,10529
30780,0.0317436121,268.920013,0.334556937,0.0843809471,0.217391133,-0.00367298978,-0.000200753508,0.130434781,0.300000101,0.00039327066,-0.0166828334,10565
30781,0.0142615009,266.470001,0.33948943,0.0982287154,0.220447749,-0.0031529665,-0.000199565562,0.0526315793,0.300000101,0.000416313938,-0.0137279667,10758
30782,0.0219758991,271.170013,0.320461094,0.0888046771,0.229217336,-0.00317088165,-0.000183017328,0.095238097,0.300000101,0.000331323274,-0.0155763403,10065
30783,0.0213566944,238.949997,0.223847777,0.074571915,0.215032026,-0.00244883914,-0.000154723923,0.095238097,0.300000101,0.000378497964,-0.0140955383,10083
30784,0.00955094304,203.600006,0.2746059,0.0714038759,0.221177697,-0.00281862239,-0.000143435842,0.0833333358,0.300000101,0.000383260427,-0.014745703,10495
30785,0.048786521,239.190002,0.334886402,0.080170095,0.217110872,-0.00330370734,-0.000142869438,0.227272734,0.300000101,0.000386659696,-0.0153153017,10432
30786,0.0465994179,250.289993,0.328979343,0.0815591738,0.2212677,-0.00321835815,-0.000172812142,0.100000001,0.300000101,0.000424464175,-0.0164227504,10072
30787,0.037021298,270.079987,0.360427111,0.0862871557,0.216340393,-0.00354016502,-0.000190907769,0.349999994,0.300000101,0.000363587809,-0.0141971363,10245
30788,0.0348263569,275.73999,0.317958385,0.0915160701,0.218478233,-0.00358704664,-0.000209893944,0.190476194,0.300000101,0.000205986085,-0.0146470489,10780
30789,0.00979344174,223.350006,0.27762571,0.0807448402,0.214228779,-0.00283025112,-0.000145552942,0.0869565234,0.300000101,0.00044146998,-0.0134697258,9784
30790,0.000453344604,218.509995,0.307301432,0.0943510011,0.210804909,-0.00295523973,-0.000179110692,0.130434781,0.300000101,0.000262313639,-0.0159522239,10512
30791,0.00276286737,216.179993,0.229088381,0.0741102025,0.205747351,-0.00236901455,-0.000158277122,0.0526315793,0.300000101,0.000340069586,-0.0146294311,10804
30792,0.0501909591,269.23999,0.335061371,0.0881812796,0.209261641,-0.00345863216,-0.000162690907,0.176470593,0.300000101,0.000355780561,-0.0154654691,10832
30793,0.071783565,274.230011,0.291533113,0.0754253194,0.212064683,-0.00286802184,-0.000143545854,0.190476194,0.300000101,0.000329133036,-0.0157677066,10733
30794,0.0463093631,239.949997,0.285338312,0.0911529064,0.215976834,-0.00293380884,-0.000165823629,0.0476190485,0.300000101,0.000443571276,-0.0146322958,10782
30795,0.0450080894,236.199997,0.315571278,0.0843811035,0.215485245,-0.00343811652,-0.000178170681,0.095238097,0.300000101,0.0004489001,-0.0145229315,10676
30796,0.0652083457,276.519989,0.326853395,0.0832027122,0.217054784,-0.00380164757,-0.000167202219,0.238095239,0.300000101,0.000406964507,-0.0130935786,8396
30797,0.0594325028,302.859985,0.366841882,0.0896924436,0.218800098,-0.00398765272,-0.000183627475,0.263157904,0.300000101,0.000353427982,-0.0136533389,10983
30798,0.0108152786,247.550003,0.242520496,0.0790612474,0.220313713,-0.00260691997,-0.00018434407,0.0869565234,0.300000101,0.000543271133,-0.0142870182,10415
30799,0.00601349445,227.119995,0.335174233,0.0938567817,0.230973929,-0.00349910301,-0.000199066868,0.0909090936,0.300000101,0.000214129759,-0.0162188001,10556
30800,-0.00722547853,216.279999,0.241137952,0.0831059664,0.219079196,-0.00235884637,-0.000168411483,0.0526315793,0.300000101,0.000228708348,-0.0149677489,11004
30801,-0.00604588538,203.350006,0.333427876,0.078845121,0.202113241,-0.00331338146,-0.000167836566,0.210526317,0.300000101,0.000376815267,-0.0153878527,10908
30802,0.0457435548,263.76001,0.375833362,0.0927566439,0.210567817,-0.00362717221,-0.000189476457,0.200000003,0.300000101,0.000406564883,-0.0132143227,11034
30803,0.071912773,288.149994,0.278525531,0.0776927695,0.223619089,-0.00283988053,-0.000141452925,0.0909090936,0.300000101,0.000394011702,-0.0135362884,10834
30804,0.0320065282,244.729996,0.265339851,0.0793410465,0.225925773,-0.00282498542,-0.000142887307,0,0.300000101,0.000345049484,-0.0144254258,10591
30805,0.0204689223,207.679993,0.252188295,0.0689060166,0.220701382,-0.00273905718,-0.000148564141,0.181818187,0.300000101,0.000306774396,-0.015467735,10648
30806,-0.0278520528,174.210007,0.247638047,0.0755140856,0.221371531,-0.00253192428,-0.000148443287,0.142857149,0.300000101,0.00048376093,-0.0132022025,10633
30807,0.0380459651,247.160004,0.33631295,0.0746621266,0.220750451,-0.00357106677,-0.000147493716,0.13636364,0.300000101,0.000323625893,-0.0133523345,10846
30808,0.0572007746,274.440002,0.262440652,0.0752718374,0.224199533,-0.00266803545,-0.000167333026,0.0500000007,0.300000101,0.00034861872,-0.0154185295,10622
30809,0.0151946889,217.089996,0.23206073,0.0691256449,0.224551484,-0.00253301254,-0.000157937044,0.173913047,0.300000101,0.000318769191,-0.0152122853,10643
30810,0.00442454731,212.070007,0.279951364,0.083545275,0.22986035,-0.00278653321,-0.000195639921,0.0476190485,0.300000101,0.000434346759,-0.0169065855,10168
30811,0.0303358026,250.899994,0.277650177,0.0790695101,0.220440984,-0.00288233091,-0.0001632973,0.0434782617,0.300000101,0.00027821635,-0.0162958521,10329
30812,-0.0108570689,196.889999,0.268116027,0.07565438,0.213904127,-0.00290524517,-0.000156882306,0.0869565234,0.300000101,0.000345112174,-0.0150121162,10540
30813,0.0350804292,240.479996,0.328068286,0.0810871124,0.207107395,-0.00372695713,-0.000179929295,0.142857149,0.300000101,0.000280603068,-0.0147796972,10624
30814,0.0748286173,285.570007,0.29837054,0.0722698271,0.215104461,-0.00301898317,-0.000134021044,0.095238097,0.300000101,0.000361386017,-0.0165808797,10673
30815,0.0428087562,243.009995,0.221675709,0.0636239648,0.206210062,-0.00262232427,-0.000113266491,0.13636364,0.300000101,0.000465227815,-0.0140895275,10638
30816,0.026446797,216.699997,0.299814641,0.0801243559,0.206371129,-0.00298070977,-0.000153599627,0.0454545468,0.300000101,0.000185904879,-0.0136249382,10885
30817,0.0251799915,220.160004,0.23350361,0.0642797127,0.203317285,-0.00238545216,-0.000128092783,0.13636364,0.300000101,0.000394519418,-0.0128972474,10754
30818,-0.0234277528,172.009995,0.256545395,0.080246143,0.212872505,-0.00248073088,-0.000164118581,0.130434781,0.300000101,0.000308623741,-0.0143806208,10683
30819,-0.00334245642,192.649994,0.225241154,0.0792383403,0.210884064,-0.00204116292,-0.000158706578,0.0454545468,0.300000101,0.000375033036,-0.0140152192,10569
30820,0.0463586524,236.389999,0.305206418,0.0817770213,0.215177596,-0.00306951813,-0.000153917033,0.166666672,0.300000101,0.000372230599,-0.0150950458,10243
30821,0.0408334583,249.179993,0.268894196,0.0757954568,0.215442777,-0.00263716001,-0.000162204931,0.125,0.300000101,0.000320497551,-0.015609731,10518
30822,0.0286430735,239.490005,0.261581421,0.0704529211,0.217246741,-0.00250287587,-0.000126586252,0.055555556,0.300000101,0.000401417841,-0.0137667833,10682
30823,0.00419127196,227.160004,0.304338634,0.0805016235,0.214373991,-0.00282432465,-0.000163685851,0,0.300000101,0.000381335529,-0.0153637426,10677
30824,-0.00653051073,241.309998,0.368369788,0.100523189,0.211373135,-0.00316338358,-0.000198504757,0.142857149,0.300000101,0.00041850956,-0.0158846583,10332
30825,0.00354596903,257.959991,0.324813724,0.0923539996,0.229168683,-0.00296910922,-0.000198587659,0.166666672,0.300000101,0.000389623601,-0.0146083906,10065
30826,-0.00592700066,230.880005,0.264113843,0.0821975917,0.223863766,-0.00234376919,-0.000161219592,0.0416666679,0.300000101,0.000259732566,-0.0156816654,10631
30827,1.86115321e-05,221.369995,0.308608592,0.0822336674,0.214079604,-0.00274750683,-0.000187101774,0.130434781,0.300000101,0.000275921251,-0.0175777134,10610
30828,-0.0181378033,184.220001,0.191144034,0.0666288063,0.204946816,-0.00167068082,-0.000141759636,0,0.300000101,0.000243169983,-0.014747805,10747
30829,-0.00392093044,189.940002,0.281517208,0.0732330307,0.205920011,-0.00254350365,-0.000141933502,0.190476194,0.300000101,0.00033432059,-0.0136587052,10688
30830,0.061826665,279.070007,0.339395314,0.0790723413,0.215088367,-0.00372994738,-0.000147620609,0.130434781,0.300000101,0.000436748174,-0.0150218476,10476
30831,0.0509592295,287.029999,0.29064393,0.0884804949,0.226586148,-0.00248880358,-0.000180868927,0.0500000007,0.300000101,0.000331140967,-0.0161039736,10512
30832,0.00517345872,217.699997,0.215619117,0.065608345,0.211381078,-0.00187745527,-0.000132634217,0.0909090936,0.300000101,0.000388928544,-0.0158058219,10565
30833,0.00429588603,211.740005,0.331682652,0.0878126398,0.211430475,-0.00315331412,-0.000206572862,0,0.300000101,0.000306624395,-0.0130897081,10840
30834,-0.0296683647,188.710007,0.266797781,0.0773822889,0.216678083,-0.00233658287,-0.000164840807,0.0454545468,0.300000101,0.000355116092,-0.0149591733,10793
30835,0.0296732858,244.080002,0.352262288,0.0856303498,0.211809218,-0.00319203339,-0.000168057144,0.095238097,0.300000101,0.000428789179,-0.0147916619,10759
30836,0.0511377752,263.640015,0.296620458,0.0767439902,0.213544011,-0.00296191825,-0.000176732749,0.125,0.300000101,0.000315226935,-0.0140173463,10595
30837,0.0143604772,206.039993,0.273132712,0.0758518651,0.22266686,-0.00276000611,-0.000157255432,0.0909090936,0.300000101,0.0003146526,-0.0154413776,10482
30838,0.018242551,209.940002,0.237231553,0.0730282292,0.20913665,-0.0020437967,-0.000137717565,0.105263159,0.300000101,0.000445681973,-0.0144696068,10305
30839,0.0435141288,264.269989,0.289687335,0.0864227489,0.207932144,-0.00285849185,-0.00018173884,0.0909090936,0.300000101,0.000332546275,-0.0134510277,10061
30840,0.0189534295,249.179993,0.247638881,0.0869135782,0.209693044,-0.00250719837,-0.000178248243,0.0416666679,0.300000101,0.000264261442,-0.0120574525,10477
30841,0.00927226618,240.889999,0.303132892,0.0777417943,0.216041595,-0.00284096296,-0.000170906729,0.150000006,0.300000101,0.000430803513,-0.0130763184,10628
30842,0.0451264195,273.51001,0.311949283,0.0855642706,0.216914147,-0.00280498108,-0.000155857328,0.142857149,0.300000101,0.000381117046,-0.0175780393,10817
30843,0.0559248924,276.869995,0.297756076,0.0773099065,0.21240513,-0.00274881022,-0.000139424272,0.190476194,0.300000101,0.000283596048,-0.0120450566,10597
30844,0.0319065116,227.940002,0.215273947,0.0700426325,0.214710757,-0.00172694097,-0.000153438144,0,0.300000101,0.00034387823,-0.014557763,10677
30845,0.0260611568,232.570007,0.390490413,0.0905145556,0.209306806,-0.00353053678,-0.000174203888,0.166666672,0.300000101,0.000248384342,-0.0175421182,10883
30846,0.0605185144,260.109985,0.217931569,0.0645998716,0.211369321,-0.00200721365,-0.000131355177,0.142857149,0.300000101,0.000321030297,-0.0161478519,10741
30847,0.0668573752,257.720001,0.350044578,0.0785108507,0.216062218,-0.00306257932,-0.000183807046,0.125,0.300000101,0.000432462723,-0.0158518255,10391
30848,0.0344023369,268.790009,0.345023215,0.0837279037,0.221155569,-0.00286721904,-0.000180845949,0.238095239,0.300000101,0.000293042394,-0.0159297958,10149
30849,0.00061738689,230.339996,0.244736329,0.0761409029,0.20731315,-0.00224032393,-0.000181350129,0.095238097,0.300000101,0.000303033157,-0.0172927063,10268
30850,0.0311720315,238.910004,0.302389711,0.0762439445,0.219457299,-0.00277498621,-0.000152152061,0.260869563,0.300000101,0.000316944817,-0.014707651,10725
30851,0.0118273189,228.619995,0.223144531,0.0712643415,0.216037989,-0.00175836089,-0.000166876634,0.150000006,0.300000101,0.00028753691,-0.0178450458,10224
30852,-0.00656140596,214.399994,0.319542885,0.0909133404,0.209037825,-0.00271541206,-0.000183362339,0.142857149,0.300000101,0.000291314325,-0.0161513407,9194
30853,0.0409071557,266.920013,0.431008041,0.0897877142,0.209516972,-0.00411591493,-0.000227114928,0.238095239,0.300000101,0.000383674545,-0.0151752327,9346
30854,0.0437456965,255.309998,0.300920546,0.0747365877,0.214597881,-0.00254096603,-0.000160146024,0.0869565234,0.300000101,0.000285567512,-0.0144322067,9506
30855,0.0029735011,209.589996,0.266017795,0.0822757483,0.212938011,-0.00213966193,-0.000169742241,0.166666672,0.300000101,0.000407279294,-0.0143118864,9435
30856,0.00661342917,242.220001,0.379862547,0.0921367556,0.216842115,-0.00322935404,-0.000173361666,0.0454545468,0.300000101,0.000290099735,-0.0165887605,9005
30857,0.0282111242,273.529999,0.311006606,0.0887886882,0.204266846,-0.0025646037,-0.000177917827,0.142857149,0.300000101,0.00028131681,-0.0139840106,10473
30858,0.0427694246,271.51001,0.307640344,0.0691476539,0.212508723,-0.00265317038,-0.000138711039,0.285714298,0.300000101,0.000335388497,-0.0160339139,10548
30859,0.0395927727,255.509995,0.325394362,0.0852555707,0.220007226,-0.00247032684,-0.000179874813,0.130434781,0.300000101,0.000281520886,-0.0163861513,10756
30860,0.0414707251,235.399994,0.249174193,0.0584467426,0.215405151,-0.00258181919,-0.00012100504,0.095238097,0.300000101,0.00027672443,-0.0166893657,10537
30861,0.0153819099,204.699997,0.233670413,0.0733069181,0.213759348,-0.00183401082,-0.000132706846,0.0476190485,0.300000101,0.000321684754,-0.0148285832,10742
30862,0.00276785134,213.339996,0.258809239,0.0721820667,0.211431071,-0.002247917,-0.000172916232,0.150000006,0.300000101,0.000437566865,-0.0133189233,10743
30863,0.013555198,240.800003,0.275077403,0.0807245821,0.215902373,-0.00214330829,-0.000164105906,0.095238097,0.300000101,0.000333418808,-0.0138876326,10481
30864,0.0110395914,220.660004,0.194612578,0.063894324,0.216763675,-0.0015883965,-0.000140865945,0.105263159,0.300000101,0.000345567503,-0.0144243101,10847
30865,0.0142106256,234.300003,0.333491981,0.0822893605,0.224596426,-0.00292229559,-0.000195118133,0.157894731,0.300000101,0.000349049689,-0.0165847782,10962
30866,0.00461678067,238.960007,0.3301934,0.0860851929,0.199499935,-0.00273162895,-0.000223744326,0.0476190485,0.300000101,0.000244263996,-0.0158233494,10662
30867,0.0562557355,290.630005,0.362503171,0.0769151673,0.214669153,-0.0035803949,-0.000156537848,0.363636374,0.300000101,0.000479187642,-0.0170636177,10674
30868,0.0766265914,297.179993,0.278670192,0.0741215125,0.221884221,-0.00233816169,-0.000147308427,0.105263159,0.300000101,0.000329742063,-0.0133638242,10400
30869,0.0440450907,252.339996,0.305273235,0.0735119209,0.217768118,-0.00252432213,-0.000147350671,0.095238097,0.300000101,0.000382885046,-0.0148361512,9332
30870,-0.0118585546,208.270004,0.298944831,0.0821705088,0.22091803,-0.00285269506,-0.0001826566,0.0454545468,0.300000101,0.000369176909,-0.0159426574,9184
30871,-0.0357455947,188.070007,0.255313754,0.0737163723,0.208490252,-0.00222100667,-0.000156309281,0.0434782617,0.300000101,0.000229558194,-0.0174594428,10558
30872,-0.0234374031,210.919998,0.352246284,0.0843603685,0.200761557,-0.00335731916,-0.000187228143,0.222222224,0.300000101,0.000324060587,-0.0147502581,10602
30873,0.0010907437,241.149994,0.278321356,0.0769948587,0.199951977,-0.00229423027,-0.000175297697,0.0526315793,0.300000101,0.000347263966,-0.0158405453,11109
30874,0.00934190396,244.940002,0.310270697,0.0782909095,0.21027118,-0.00273986952,-0.000171862659,0.235294119,0.300000101,0.000285326678,-0.0150252935,11181
30875,0.0114566861,255.710007,0.346574187,0.0879290774,0.212765262,-0.00261825765,-0.000192726919,0.181818187,0.300000101,0.00034724857,-0.0181313287,10026
30876,0.00187641568,233.160004,0.257616103,0.0696661696,0.207907483,-0.00246036123,-0.000140563221,0,0.300000101,0.000378291064,-0.0139555689,9926
30877,0.0346890725,244.699997,0.341592312,0.0829796046,0.217465281,-0.00305229193,-0.00017378862,0.13636364,0.300000101,0.000274250866,-0.015003466,10583
30878,0.0531942509,264.269989,0.267000169,0.0695925802,0.211419016,-0.00249997922,-0.000133047753,0.238095239,0.300000101,0.000305821217,-0.0149485935,10442
30879,0.0309667196,252.639999,0.305455089,0.0828265697,0.211942881,-0.00275186193,-0.00017108368,0.0869565234,0.300000101,0.00028779835,-0.0151002174,10150
30880,0.0210066549,254.639999,0.315099418,0.0854924396,0.213107228,-0.00290900609,-0.000174141416,0.13636364,0.300000101,0.000333033124,-0.0147248991,10571
30881,0.0258114338,248.339996,0.267450601,0.0817011297,0.214094087,-0.00241476065,-0.000160276919,0.095238097,0.300000101,0.000284967216,-0.0143258255,10680
30882,0.018722428,229.830002,0.271841228,0.0756487399,0.206966937,-0.00224692444,-0.000175545938,0.0476190485,0.300000101,0.000364959269,-0.0144448765,10659
30883,0.032864932,254.460007,0.266459614,0.0699586198,0.213728949,-0.00234298524,-0.000141784112,0.190476194,0.300000101,0.000320210209,-0.0149434488,10471
30884,0.0227934439,238.399994,0.260903865,0.0779289305,0.214464754,-0.00233360915,-0.000157192728,0.0500000007,0.300000101,0.000273400336,-0.0149418516,10541
30885,0.00403999584,212.289993,0.224706501,0.0745226368,0.211216301,-0.00206987537,-0.000150862412,0.0909090936,0.300000101,0.000388003769,-0.015134952,10642
30886,-0.0109450836,208.169998,0.343954772,0.0890025347,0.217084333,-0.00297365943,-0.000182062024,0.0500000007,0.300000101,0.000203695148,-0.0139412498,10663
30887,-0.00453095278,228,0.263664812,0.0701107904,0.203871533,-0.00246617547,-0.000144603473,0.0500000007,0.300000101,0.000238188979,-0.0130880028,10577
30888,0.00721667754,237.649994,0.269195288,0.0733894035,0.204896137,-0.00210378016,-0.000145255108,0.150000006,0.300000101,0.0003352575,-0.0168930031,10885
30889,0.0220225621,244.610001,0.282658041,0.0695291236,0.210122034,-0.00254215091,-0.00017304768,0.0526315793,0.300000101,0.000497207977,-0.0145266876,9791
30890,0.045873601,261.910004,0.375235409,0.0958763659,0.218524978,-0.00301017659,-0.000218433488,0.217391312,0.300000101,0.000253035018,-0.0156675912,10418
30891,0.0402589664,259.100006,0.252841562,0.0698639676,0.222219914,-0.00208771368,-0.000143236743,0.095238097,0.300000101,0.00035823512,-0.0156347249,10766
30892,0.0225139074,215.979996,0.260410607,0.0646484196,0.224980921,-0.00229472434,-0.000142625518,0.0434782617,0.300000101,0.000254155515,-0.0149339624,10711
30893,0.013267166,207.509995,0.228934869,0.0733043253,0.219298244,-0.00191526045,-0.000171182342,0.150000006,0.300000101,0.000365418324,-0.0158142522,9606
30894,0.0176521838,228.210007,0.335679054,0.0850977674,0.220123887,-0.00309392787,-0.00019693737,0,0.300000101,0.000227981,-0.0155983958,10416
30895,0.00828418322,216.970001,0.262069106,0.0667789206,0.206289217,-0.00229766336,-0.000128079599,0.095238097,0.300000101,0.000370018184,-0.0149564603,10850
30896,0.0154373497,230.259995,0.310518682,0.0802590325,0.222505018,-0.00274946121,-0.000142845267,0.173913047,0.300000101,0.000320152059,-0.015284989,8336
30897,0.0204512402,250.779999,0.293208987,0.0792154819,0.206726164,-0.00259176013,-0.000169116378,0.200000003,0.300000101,0.000267266005,-0.015256512,10728
30898,0.0038017882,223.039993,0.265196681,0.080382593,0.210193366,-0.00208152947,-0.000179649738,0.055555556,0.300000101,0.000265194714,-0.0163391475,10877
30899,0.0225467868,248.330002,0.326099575,0.0776929036,0.213163003,-0.00303613744,-0.000147420767,0.181818187,0.300000101,0.000301515451,-0.0152941849,11044
30900,0.0278447568,256.48999,0.290721744,0.0731506571,0.211999536,-0.00243944349,-0.000150758089,0.238095239,0.300000101,0.000309434428,-0.0158108249,10867
30901,0.0266086068,246.539993,0.354109019,0.0821158439,0.21816799,-0.00319773005,-0.000164080833,0.300000012,0.300000101,0.000309090712,-0.015064721,11067
30902,0.059092287,284.720001,0.321149886,0.0779587552,0.2264902,-0.00277006836,-0.000157362767,0.142857149,0.300000101,0.000319172745,-0.0174137205,10795
30903,0.0308753084,241.160004,0.31435135,0.0768693909,0.216493547,-0.0028782282,-0.000163793535,0.0476190485,0.300000101,0.000327823043,-0.0162298791,10808
30904,-0.0104108136,186.350006,0.244043663,0.0779802278,0.216442615,-0.00226697768,-0.000160486801,0.0454545468,0.300000101,0.000368468434,-0.0152761694,10603
30905,0.000670772977,234.240005,0.328530729,0.0852184743,0.212088138,-0.00282002147,-0.000173488399,0.190476194,0.300000101,0.000299659063,-0.0173165165,10572
30906,0.00830958784,226.580002,0.332344919,0.0733953938,0.220132649,-0.00305656134,-0.000182674208,0.130434781,0.300000101,0.000295882317,-0.0147642279,10653
30907,0.0132159013,253.479996,0.316426426,0.0875276178,0.226315826,-0.00285601546,-0.00019922381,0.0909090936,0.300000101,0.0002602819,-0.0147168413,10764
30908,0.0120236818,234.350006,0.258777857,0.0758111179,0.210434437,-0.00222344836,-0.00014875154,0.13636364,0.300000101,0.000320678781,-0.0142902508,10632
30909,0.0212614257,220.300003,0.218254045,0.0656725764,0.216841698,-0.0020865316,-0.000127710809,0.200000003,0.300000101,0.000365906249,-0.0165233482,10544
30910,0.0256610401,244.210007,0.309554428,0.0821849406,0.218823299,-0.00280351285,-0.000158338138,0.130434781,0.300000101,0.000245717121,-0.0156392585,10257
30911,0.0218489021,246.240005,0.266724557,0.0724799633,0.21463035,-0.00252203341,-0.000146300488,0.0500000007,0.300000101,0.00030056815,-0.0151047297,10934
30912,0.00193397864,223.059998,0.255897909,0.067401737,0.205720946,-0.0024688018,-0.000138510848,0.142857149,0.300000101,0.000324168417,-0.0140082715,10650
30913,0.0198331624,243.690002,0.304066718,0.0829310715,0.217542276,-0.00293841539,-0.000181631272,0.173913047,0.300000101,0.000322433916,-0.0136591205,10540
30914,0.0224562194,241.820007,0.286996037,0.0846987441,0.208008021,-0.00240040617,-0.000183025462,0.0454545468,0.300000101,0.000294195226,-0.0143579654,10534
30915,0.0158633627,230.059998,0.318048716,0.0811019093,0.204564333,-0.00266786152,-0.000160064388,0.0500000007,0.300000101,0.000260383793,-0.0150295459,10843
30916,0.0044870181,223.149994,0.280747712,0.081159696,0.206357688,-0.00307199871,-0.000186118181,0,0.300000101,0.000322214561,-0.0148398736,11114
30917,0.0138517823,254.899994,0.315528303,0.0764592215,0.214440674,-0.00291081052,-0.000151545319,0.0909090936,0.300000101,0.000318435312,-0.015632702,10442
30918,0.033887241,274.730011,0.28288433,0.0815541074,0.204935789,-0.00278841634,-0.000209334205,0.190476194,0.300000101,0.000281103363,-0.0133869844,10780
30919,0.0300628915,246.699997,0.241220713,0.0674097091,0.211365432,-0.00224539707,-0.000138227377,0.166666672,0.300000101,0.000363716419,-0.0153386686,10468
30920,0.0249176733,232.350006,0.280383915,0.0786704198,0.216185868,-0.00242979801,-0.000168240003,0.0434782617,0.300000101,0.000302260625,-0.0146625955,10615
30921,-0.0154914912,215.669998,0.294847518,0.0853500739,0.203095645,-0.00263953046,-0.0001904698,0,0.300000101,0.000381434278,-0.0147923473,10650
30922,0.00344382599,223.199997,0.310706913,0.0765904859,0.210843474,-0.00299437018,-0.000145577287,0.0833333358,0.300000101,0.000315630226,-0.0163275991,10280
30923,0.0295295008,240.660004,0.274169266,0.0783204511,0.220066831,-0.00252313423,-0.000156389477,0.227272734,0.300000101,0.000232104532,-0.0148184141,10766
30924,-0.00462533254,200.880005,0.180942282,0.0775409266,0.207324386,-0.00175390148,-0.00018851865,0.0500000007,0.300000101,0.000312851451,-0.0158594921,10814
30925,0.0176316891,224.880005,0.393127292,0.0827589706,0.2029275,-0.00344312727,-0.00016587491,0.130434781,0.300000101,0.000383924722,-0.0143032139,10560
30926,0.0229000356,244.029999,0.33137098,0.08833462,0.225410625,-0.00298368605,-0.000179111201,0.181818187,0.300000101,0.000381008373,-0.013852709,10630
30927,0.0246354286,229.110001,0.267739475,0.0682129487,0.220194906,-0.00251011481,-0.000125267674,0.0909090936,0.300000101,0.000279306638,-0.0138095245,10359
30928,0.0292030144,232.809998,0.273001462,0.074758403,0.207020432,-0.00239342311,-0.000148549821,0.0909090936,0.300000101,0.000152673194,-0.0147285312,10630
30929,0.0104160393,223.309998,0.264816284,0.0738392621,0.200779408,-0.00261604995,-0.000145874132,0.0526315793,0.300000101,0.0003378244,-0.0179830771,10366
30930,0.0207103714,210.940002,0.262678355,0.0664072037,0.207175016,-0.00255656312,-0.000128176776,0.300000012,0.300000101,0.000265898649,-0.016674323,9588
30931,0.0328434408,227.410004,0.245453924,0.0628470182,0.205835789,-0.00200464693,-0.000129100008,0.0454545468,0.300000101,0.000425009843,-0.0162929781,10238
30932,0.0363785252,235.529999,0.27094236,0.0635024086,0.220981583,-0.00224880222,-0.000126182946,0.13636364,0.300000101,0.000283654022,-0.0158254039,10647
30933,-0.00142200827,212.179993,0.24522534,0.0666336045,0.213564605,-0.00198095734,-0.000135672031,0.150000006,0.300000101,0.000279312138,-0.0140637718,10737
30934,-0.00840941258,203.089996,0.289995283,0.0850894153,0.203798518,-0.00246444694,-0.00017574348,0.0476190485,0.300000101,0.000218369038,-0.0168305188,10487
30935,-0.00705470191,219.199997,0.286060095,0.0800475404,0.19755885,-0.00210905913,-0.000173324457,0,0.300000101,0.000200490889,-0.0140119223,10688
30936,-0.000382350874,219.509995,0.280316859,0.0694871396,0.197778583,-0.00241463468,-0.000164155645,0.111111112,0.300000101,0.000313683238,-0.0152876051,11022
30937,0.00306658959,230.339996,0.279450178,0.0811114013,0.19961682,-0.00234852894,-0.000166453057,0.0909090936,0.300000101,0.000314627803,-0.0153002981,10054
30938,0.00347499223,215.600006,0.244543254,0.0628478602,0.210114643,-0.00235682027,-0.0001144087,0.095238097,0.300000101,0.000315020472,-0.0165936686,9965
30939,0.00673433719,193.789993,0.225796744,0.0595691316,0.212411135,-0.00208702078,-0.000118013348,0.0833333358,0.300000101,0.000290895579,-0.0151888989,10610
30940,0.0283901803,232.910004,0.262009144,0.0705999732,0.216556072,-0.0019312225,-0.000136008472,0.0909090936,0.300000101,0.000312459975,-0.0133500183,10618
30941,0.0071600941,214.309998,0.296686053,0.0732411295,0.210241601,-0.00260061887,-0.000152861059,0.0476190485,0.300000101,0.000330975949,-0.0137245376,10848
30942,-0.0181938596,181.25,0.246097714,0.0698595569,0.205802321,-0.00186501804,-0.000140912176,0,0.300000101,0.000290864467,-0.0176828522,10820
30943,0.0303643141,241.020004,0.401317924,0.0847890377,0.220096514,-0.00307357078,-0.000141981029,0.13636364,0.300000101,0.000403343263,-0.0141058294,10785
30944,0.0300924424,253.399994,0.233115196,0.0700067133,0.222681284,-0.00190509832,-0.000150448075,0.0526315793,0.300000101,0.000306973991,-0.0156811867,10605
30945,0.00503454683,212.559998,0.234692857,0.0684952289,0.219133854,-0.00197324064,-0.000157931179,0.095238097,0.300000101,0.000328989816,-0.017457163,10745
30946,-0.0117264325,183.990005,0.199903369,0.0672882423,0.21475336,-0.00150771521,-0.000118129006,0.0416666679,0.300000101,0.000407874264,-0.014842595,10497
30947,0.00260023726,202.990005,0.337623864,0.0810769275,0.217824563,-0.00290644821,-0.000152964465,0.157894731,0.300000101,0.000261078443,-0.0150207952,10638
30948,0.0127697969,223.300003,0.295364797,0.0792395547,0.222887978,-0.00250678277,-0.000155188056,0.0909090936,0.300000101,0.000311688083,-0.0145371342,10801
30949,0.0157013703,216.160004,0.279372662,0.0790234581,0.209081411,-0.00260620099,-0.000166263897,0.173913047,0.300000101,0.00024515632,-0.0138509953,10630
30950,0.00577337109,185.660004,0.233158246,0.0689952523,0.207048774,-0.00207472127,-0.000110157933,0.095238097,0.300000101,0.000276257546,-0.0142316017,10783
30951,0.0479783975,237.259995,0.346326262,0.0753034428,0.209831685,-0.00294699916,-0.000152480512,0.238095239,0.300000101,0.000289747783,-0.0126248142,10665
30952,0.0186171178,202.210007,0.271417916,0.070211567,0.211013362,-0.00231834641,-0.000117240517,0.0869565234,0.300000101,0.000229434183,-0.0155164571,10420
30953,0.0281340461,216.309998,0.274586052,0.0608065128,0.21161136,-0.0021169018,-0.000120867662,0.217391312,0.300000101,0.000294818543,-0.0160559732,10623
30954,0.0320880376,242.830002,0.287257373,0.0644087568,0.205372974,-0.0020861337,-0.000123151854,0.227272734,0.300000101,0.000287233212,-0.0163471382,10381
30955,0.0364195332,241.789993,0.271563321,0.0690880492,0.219027266,-0.00217043818,-0.000136586517,0.130434781,0.300000101,0.000339508639,-0.0143459206,10716
30956,0.0221221056,224.889999,0.256441861,0.0757626444,0.221491814,-0.00198075897,-0.000122292535,0.200000003,0.300000101,0.00029290872,-0.0161141995,10808
30957,0.00401246874,227.309998,0.309670091,0.0767323524,0.221246049,-0.00265248865,-0.000161707329,0.181818187,0.300000101,0.000325637113,-0.0137295714,10716
30958,0.0244088937,231.649994,0.307620883,0.0722036511,0.209107324,-0.00236282544,-0.000138713978,0.0909090936,0.300000101,0.000234490799,-0.0138799092,10710
30959,0.00799242686,191.429993,0.239878744,0.0649163425,0.213797897,-0.00202364568,-0.000120380755,0.0434782617,0.300000101,0.000291620032,-0.0164270513,10394
30960,-0.0169931594,173.149994,0.231040344,0.0769328102,0.206153989,-0.00185931136,-0.000150350737,0.100000001,0.300000101,0.000201057832,-0.0145188477,10567
30961,-0.0153613975,189.979996,0.286645055,0.0769337192,0.198747039,-0.00244555273,-0.000154463938,0.176470593,0.300000101,0.000198163048,-0.0159796868,10251
30962,0.0208437406,217.350006,0.247576818,0.0601211488,0.205509111,-0.00206733518,-0.000107964785,0.150000006,0.300000101,0.000259528286,-0.0155851617,9571
30963,-0.000543746981,190.460007,0.205232248,0.0640084371,0.20517306,-0.00178133813,-0.00012225988,0,0.300000101,0.000326443929,-0.0164554678,10694
30964,-0.00884236768,170.830002,0.215796828,0.0626524612,0.202268422,-0.00187996111,-0.000108228363,0,0.300000101,0.000316686754,-0.0157580506,10938
30965,0.00152352534,189.059998,0.259925812,0.0766584501,0.21298191,-0.00185115449,-0.000145567727,0.150000006,0.300000101,0.000245161209,-0.0150677105,10732
30966,-0.00618156372,170.649994,0.257441223,0.0671796799,0.208098993,-0.00199298724,-0.000146323946,0,0.300000101,0.000298506086,-0.0150774419,10896
30967,0.00344909076,202.850006,0.376262337,0.0752129108,0.205972612,-0.00338432053,-0.00015530856,0.200000003,0.300000101,0.000240756504,-0.0155646335,10719
30968,0.0368462615,281.329987,0.331145436,0.0856247842,0.204834506,-0.00281084538,-0.000173000124,0.105263159,0.300000101,0.000386876141,-0.0167403463,10949
30969,0.0537703335,290.549988,0.321303487,0.0753557831,0.22195968,-0.00299597438,-0.000125559687,0.173913047,0.300000101,0.000466551865,-0.0154046714,10145
30970,0.0224661957,257.73999,0.300426871,0.0757211521,0.222541258,-0.00223890552,-0.000190413179,0,0.300000101,0.000273671845,-0.0163877606,10482
30971,0.00437680492,224.649994,0.274821073,0.0692507997,0.211009234,-0.00236629671,-0.000133314927,0.0526315793,0.300000101,0.000258777378,-0.0154259866,10689
30972,0.0344874375,240.389999,0.347994417,0.0764147639,0.204218328,-0.0031114025,-0.000140684104,0.181818187,0.300000101,0.000269487209,-0.0151968263,10435
30973,0.0408866033,250.639999,0.283071995,0.0728828982,0.204960793,-0.00242627342,-0.000123682417,0.157894731,0.300000101,0.000298813859,-0.0150077371,10899
30974,0.0631308183,292.630005,0.372069687,0.0861147866,0.209658146,-0.00318379677,-0.00016061464,0.315789461,0.300000101,0.000261604,-0.0145599181,10949
30975,0.0213107895,241.039993,0.231569082,0.0604212657,0.205328986,-0.00190234371,-0.000129130654,0,0.300000101,0.000234323044,-0.0161836203,10730
30976,0.00418601977,205.679993,0.342613131,0.0808889046,0.21175307,-0.00284494902,-0.000164138895,0.181818187,0.300000101,0.000295475562,-0.0156001896,10453
30977,0.00197730353,210.270004,0.279300272,0.0803282186,0.203477189,-0.00226312992,-0.000173456079,0.0909090936,0.300000101,0.000282340799,-0.0158696175,10358
30978,-0.0045730453,199.100006,0.304998845,0.0710364133,0.208006248,-0.00251552137,-0.000135510418,0.100000001,0.300000101,0.000341510924,-0.0164508782,10957
30979,0.0247098953,241.5,0.346499622,0.076640971,0.222460806,-0.00348496949,-0.000162756405,0.095238097,0.300000101,0.000318301521,-0.0164295174,10528
30980,0.0220056809,238.100006,0.272853136,0.0700137764,0.217113405,-0.00251369271,-0.000141921948,0.0869565234,0.300000101,0.00027134578,-0.0157162528,10756
30981,0.0325514227,251.320007,0.331741214,0.0757224858,0.206580877,-0.00304040662,-0.000154217778,0.166666672,0.300000101,0.000186581208,-0.0153777245,10410
30982,0.0123857306,226.610001,0.232010111,0.0648315176,0.200169891,-0.00221037748,-0.000127290725,0,0.300000101,0.000206534169,-0.0146426018,10709
30983,-0.000915036537,182.039993,0.232626393,0.0610473044,0.19989866,-0.00231744023,-0.000112089176,0.100000001,0.300000101,0.000340543833,-0.0136057595,10901
30984,0.0474636778,229.800003,0.285786241,0.0707997456,0.208545014,-0.00241438509,-0.000142032892,0.0454545468,0.300000101,0.000259738648,-0.0173271671,10563
30985,0.0273958873,228.759995,0.268314004,0.0678886622,0.205703586,-0.00228859042,-0.00014131068,0.130434781,0.300000101,0.000276815234,-0.0152837457,10370
30986,0.0550197363,265.220001,0.314885467,0.0653746277,0.200911567,-0.0028049578,-0.000140294025,0.173913047,0.300000101,0.00024915603,-0.0161441062,10542
30987,0.053570427,250.029999,0.269654542,0.0685323849,0.207573876,-0.00255243713,-0.000137898751,0.217391312,0.300000101,0.000285953982,-0.0163487643,10464
30988,0.0116792927,217.949997,0.279889703,0.0756634995,0.202645093,-0.00238938117,-0.00015103654,0.0476190485,0.300000101,0.000274170132,-0.0150907012,10668
30989,-0.0293696783,185.919998,0.270899236,0.072725594,0.199518293,-0.00232884055,-0.000161506119,0,0.300000101,0.000268034259,-0.0164840594,10372
30990,-0.00289134448,203.25,0.299118489,0.0707366914,0.197275743,-0.00283442764,-0.000146294638,0.142857149,0.300000101,0.000250464946,-0.0154149253,9434
30991,0.0465706028,269,0.393003881,0.0853656009,0.193890378,-0.00365247903,-0.00015458792,0.285714298,0.300000101,0.0002772882,-0.0153599735,10904
30992,0.0587983914,285.089996,0.317109168,0.0747607127,0.199455783,-0.00285725365,-0.00015938103,0.0454545468,0.300000101,0.000230029924,-0.0180660356,10883
30993,0.0162194856,223.369995,0.290555507,0.0702826083,0.207888633,-0.00230650255,-0.000144709935,0.095238097,0.300000101,0.000379168749,-0.0150516983,10984
30994,0.011304386,233.160004,0.327430069,0.0836764723,0.212958485,-0.00298635731,-0.000163312783,0.173913047,0.300000101,0.000269585173,-0.0168374721,10281
30995,0.0224337094,236.5,0.286977023,0.0641526952,0.205648705,-0.0027027342,-0.000128277214,0.0869565234,0.300000101,0.000371801551,-0.0154096084,10654
30996,0.0300494023,225.960007,0.28634885,0.0726011768,0.197501823,-0.00263757468,-0.000138996635,0.217391312,0.300000101,0.000226443037,-0.014800868,8423
30997,0.0366113819,272.679993,0.377001107,0.0820696875,0.192726433,-0.00275921985,-0.000190480903,0.157894731,0.300000101,0.000307740323,-0.0165143628,9830
30998,-0.096814774,15.1499996,0.0456806384,0.0373919234,0.680307865,-0.000423082325,-6.29821516e-05,0.478260875,0.300000101,0.00036081826,-0.0162956379,1174
30999,-0.100250371,18.0900002,0.069969207,0.051173117,0.348692596,-0.000432259869,-0.000104138388,0.25,0.300000101,0.000661504688,-0.0192779824,10056
31000,-0.0948339254,23.8999996,0.0857662261,0.0541244075,0.246367857,-0.000557646505,-0.000108818262,0.208333343,0.300000101,0.000633625605,-0.0182895549,10832
31001,-0.0871461034,32.4099998,0.111398876,0.0543680787,0.208750337,-0.000762116048,-0.00014801904,0.208333343,0.300000101,0.000411453511,-0.0184408128,10693
31002,-0.055488687,36.7799988,0.104977518,0.0547085889,0.183578938,-0.000753714063,-0.000128988308,0.380952388,0.300000101,0.000279904401,-0.0214911252,10970
31003,-0.00493051996,45.5600014,0.102131061,0.0436044596,0.177836105,-0.000906100497,-0.000113954884,0.349999994,0.300000101,0.000264657952,-0.0188569054,11164
31004,0.0536601916,57.4500008,0.133929551,0.0439941958,0.179520965,-0.000870337593,-7.17568328e-05,0.333333343,0.300000101,0.00062409736,-0.0148092201,10991
31005,0.11463993,74.4100037,0.16227068,0.0581164993,0.184185386,-0.00122902473,-0.000102311868,0.235294119,0.300000101,0.000863211113,-0.0138429282,11022
31006,0.203342453,110.169998,0.198605761,0.0594805889,0.200464889,-0.00176038081,-0.000127566425,0.190476194,0.300000101,0.000896587677,-0.0150786545,10590
31007,0.17436564,104.769997,0.141778842,0.0523848645,0.209578902,-0.00135052414,-9.36731158e-05,0.304347843,0.300000101,0.00101548072,-0.0151090808,10530
31008,0.196986437,116.07,0.179954395,0.0584245771,0.212577581,-0.00169947697,-0.000138045652,0.227272734,0.300000101,0.00084211491,-0.0145755038,10529
31009,0.180542484,124.449997,0.198509753,0.0569404326,0.208111137,-0.00158052065,-0.000111540947,0.173913047,0.300000101,0.000954007613,-0.013795129,10757
31010,0.177621648,128.229996,0.179014966,0.0594201051,0.207204819,-0.00163898221,-9.82565471e-05,0.13636364,0.300000101,0.00105704064,-0.0175739136,9192
31011,0.234205037,155,0.197835252,0.0526794717,0.212426633,-0.00186997023,-0.000100437319,0.25,0.300000101,0.000876953476,-0.0196296461,9252
31012,0.236772925,176.240005,0.246640489,0.0638399869,0.221252009,-0.00241347938,-0.000137869501,0.363636374,0.300000101,0.000522082206,-0.0158192404,10774
31013,0.158495873,152.399994,0.188152105,0.0640689209,0.223931074,-0.00164012879,-0.000125875958,0.0434782617,0.300000101,0.000843625399,-0.0148770539,10967
31014,0.198088914,172.960007,0.244797587,0.0646945685,0.220605463,-0.00232202886,-0.0001111702,0.125,0.300000101,0.000696677133,-0.0153371701,10402
31015,0.200695917,176.820007,0.209978268,0.0669091418,0.218253464,-0.00183049217,-0.000119145225,0.0434782617,0.300000101,0.000666456821,-0.0157947652,10310
31016,0.0998731256,153.029999,0.215480536,0.071321182,0.204853162,-0.00178100565,-0.000143963131,0.095238097,0.300000101,0.000506252574,-0.0147987911,11056
31017,0.0436586738,128.850006,0.204543307,0.069546029,0.200262532,-0.00195961888,-0.000157597315,0,0.300000101,0.000359014433,-0.0140009802,10805
31018,0.0589794219,138.110001,0.220406264,0.0641981512,0.195845395,-0.00194812217,-0.00012078134,0.095238097,0.300000101,0.00039069209,-0.0143876951,10753
31019,0.0943364054,160.289993,0.23872079,0.0702108815,0.202250764,-0.00205334206,-0.000133361216,0.238095239,0.300000101,0.000333608419,-0.0143158874,10883
31020,0.109031223,168.199997,0.184817374,0.0584190749,0.197650641,-0.00172620569,-8.84336987e-05,0.166666672,0.300000101,0.000548853481,-0.0134751871,11101
31021,0.10502468,176.720001,0.257124066,0.0695749596,0.202212185,-0.00223239348,-0.000131966808,0.130434781,0.300000101,0.000582194072,-0.0150343934,10667
31022,0.10599824,197.139999,0.231451795,0.0706011653,0.213074595,-0.00216211635,-0.000117473828,0.0454545468,0.300000101,0.000616295147,-0.0156917516,10537
31023,0.0993486196,187.800003,0.247074634,0.0677357167,0.214173838,-0.00208087103,-0.000129345397,0.0434782617,0.300000101,0.000486172852,-0.0153826931,10683
31024,0.0940368176,175.669998,0.243437171,0.0684389099,0.208634496,-0.00241063884,-0.000122608326,0.105263159,0.300000101,0.000330180832,-0.0175664853,10747
31025,0.118747346,202.210007,0.226690322,0.0599195883,0.215836734,-0.00230265781,-0.000138992938,0.0869565234,0.300000101,0.00056816946,-0.015936384,10430
31026,0.114438377,215.190002,0.29389447,0.0823342577,0.218237221,-0.00286779762,-0.00014229583,0.0476190485,0.300000101,0.0004581463,-0.0150328539,10992
31027,0.136653468,234.869995,0.300224572,0.0698521286,0.203454345,-0.0030546824,-0.000152929279,0.0500000007,0.300000101,0.000341178558,-0.0156518519,10846
31028,0.129567876,244.330002,0.29404074,0.0745219141,0.19427976,-0.00263074529,-0.000158578521,0.055555556,0.300000101,0.000472563872,-0.0157838464,10871
31029,0.03626284,200.660004,0.233275995,0.0711147934,0.203774154,-0.00216491497,-0.000143656638,0.0434782617,0.300000101,0.00036400184,-0.0141315041,10643
31030,0.0468433797,203.149994,0.332399815,0.0837163776,0.203821748,-0.00291222986,-0.000166866608,0,0.300000101,0.000366273365,-0.0146435574,11141
31031,0.0983328745,229.360001,0.270260066,0.07268852,0.195525736,-0.00242880522,-0.000137854528,0.0500000007,0.300000101,0.000348781236,-0.014108601,10465
31032,0.0680895597,222.059998,0.30791983,0.0754172504,0.201848119,-0.00301027647,-0.000136099377,0,0.300000101,0.000416704628,-0.0140908891,10645
31033,0.0365266912,189.080002,0.206610188,0.0646182373,0.204206094,-0.00218751328,-0.000121256322,0.0909090936,0.300000101,0.000371267728,-0.0163998958,10821
31034,0.0490238033,199.580002,0.284495831,0.0735387206,0.202135965,-0.00299861701,-0.00014360121,0,0.300000101,0.000285418559,-0.0150300898,10690
31035,0.00960699935,168.259995,0.215568885,0.0656567141,0.205929011,-0.00217431248,-0.000139123265,0,0.300000101,0.000350601156,-0.0150191691,10745
31036,0.00684182439,175.580002,0.214706063,0.0708880872,0.210281178,-0.00210178411,-0.000111686233,0.0476190485,0.300000101,0.000349335431,-0.0142922634,10915
31037,0.0272023175,222.169998,0.400359899,0.0981736258,0.203087866,-0.00417914707,-0.000191795363,0,0.300000101,0.000424425787,-0.0153381554,11118
31038,0.0500984788,264.440002,0.329848021,0.0785051137,0.213039041,-0.00332427025,-0.000161035947,0,0.300000101,0.000289220188,-0.0147384992,10769
31039,0.0381797552,242.039993,0.3258771,0.0722844377,0.220893919,-0.00292919856,-0.000143374506,0.13636364,0.300000101,0.000343759602,-0.0135993082,10618
31040,0.23807162,365.079987,0.368961006,0.0708553866,0.216496944,-0.00395509973,-0.000126362836,0.818181872,0.300000101,0.00023412508,-0.0134133026,10523
31041,0.0995432734,269.130005,0.279515475,0.0749816522,0.213063955,-0.00285327365,-0.000138312564,0.304347843,0.300000101,0.000254076149,-0.01428755,10476
31042,0.0326959752,217.699997,0.233376369,0.0657589361,0.203693986,-0.00224905973,-0.000121575737,0.095238097,0.300000101,0.000231919432,-0.0154327434,10906
31043,-0.0177404974,191.300003,0.242084131,0.069587484,0.200825721,-0.00237208139,-0.000148736101,0,0.300000101,0.000252083351,-0.0144764856,11142
31044,0.00204083184,228.869995,0.31776616,0.0706940293,0.205336615,-0.00324485241,-0.000133703536,0.100000001,0.300000101,0.000284804584,-0.0146527896,11018
31045,0.0288549215,262.160004,0.323584199,0.0726501569,0.203198552,-0.00311003253,-0.000120215525,0.0434782617,0.300000101,0.00030726823,-0.0146764731,10529
31046,0.0206251238,259.51001,0.334746718,0.0792716891,0.206794247,-0.00376087148,-0.000171204898,0.0476190485,0.300000101,0.000258710294,-0.0155386459,10872
31047,0.0126610091,262.48999,0.301450461,0.0744485855,0.204493493,-0.00300220912,-0.000127251493,0.0454545468,0.300000101,0.00023627402,-0.0172473583,10506
31048,-0.00714609819,219.830002,0.213969454,0.0623474792,0.213824511,-0.00222321274,-0.000115313909,0,0.300000101,0.000336213008,-0.0152110327,10483
31049,0.00581651833,243.550003,0.381359458,0.0876554772,0.199347958,-0.0040771612,-0.000144139398,0.181818187,0.300000101,0.000290857803,-0.017362969,10705
31050,0.00668572402,265.579987,0.274468541,0.0694102421,0.204295039,-0.00272528338,-0.000142393852,0,0.300000101,0.000195980378,-0.0152026173,10835
31051,-0.0236752946,202.050003,0.207419127,0.0607834794,0.205076337,-0.00208995701,-0.000111195608,0.130434781,0.300000101,0.000206362296,-0.0160844941,10613
31052,-0.0124012148,203.490005,0.330773145,0.0746593177,0.199241921,-0.00300833373,-0.000165864854,0.111111112,0.300000101,0.000247795659,-0.0148978084,10839
31053,0.00523913791,251.139999,0.367510259,0.0800843462,0.203252792,-0.0039197295,-0.000147346713,0.0526315793,0.300000101,0.000238688561,-0.0151023809,10892
31054,-0.0228012055,199.220001,0.213810682,0.0616343543,0.207950324,-0.00246491493,-9.79304314e-05,0,0.300000101,0.000266077783,-0.0145912478,10710
31055,-0.016934149,235.889999,0.353641212,0.0759742856,0.197776407,-0.00349147199,-0.000157546659,0.190476194,0.300000101,0.000240250287,-0.0166840199,10617
31056,0.00675006351,273.980011,0.293973356,0.0712501779,0.20555672,-0.0031036078,-0.000134092101,0.0909090936,0.300000101,0.0002195571,-0.0161456894,10653
31057,0.0275537465,300.529999,0.359999865,0.0853017867,0.201301143,-0.00392959034,-0.000158895913,0.200000003,0.300000101,0.000214812011,-0.0178680792,10980
31058,0.0109912055,278.380005,0.316164911,0.0763251334,0.203757852,-0.00299942377,-0.000141928715,0.0909090936,0.300000101,0.000242991649,-0.0157272406,10532
31059,-0.0253108498,226.690002,0.240496069,0.0695053488,0.206933305,-0.00238602818,-0.000124657876,0.0416666679,0.300000101,0.000227563229,-0.0152580179,10230
31060,-0.0251381174,229.990005,0.294104636,0.0727702752,0.212217376,-0.0029113153,-0.000152146298,0.0434782617,0.300000101,0.000255136663,-0.014377811,9829
31061,-0.0236617848,230.789993,0.242687359,0.0641174987,0.217168748,-0.00239933399,-0.000130261935,0.095238097,0.300000101,0.000209960795,-0.0166261531,10902
31062,-0.00907613616,273.609985,0.388162047,0.0837511495,0.197071478,-0.00354258646,-0.00016560308,0.277777791,0.300000101,0.000153545727,-0.0156516489,11174
31063,-0.0222054906,243.580002,0.246188775,0.0815625861,0.198143572,-0.00194364751,-0.000138489893,0,0.300000101,0.00017739243,-0.0135815348,11104
31064,-0.0344133191,188.259995,0.228297874,0.0668757409,0.196831405,-0.00234718528,-0.000118147858,0.13636364,0.300000101,0.000193392407,-0.0148373321,10609
31065,-0.0405266322,164.380005,0.191009149,0.0642652586,0.203312278,-0.00159098988,-0.000114798546,0,0.300000101,0.00024955775,-0.0139502389,9755
31066,-0.045623403,193.850006,0.307863325,0.0752822086,0.201652691,-0.00280266721,-0.000148019753,0.0416666679,0.300000101,0.000232959268,-0.015236143,10225
31067,-0.0342083015,239.949997,0.301063001,0.0703532472,0.194139346,-0.00314350077,-0.000152767199,0.157894731,0.300000101,0.000194558204,-0.0136499926,9913
31068,-0.0166836958,256.799988,0.263108194,0.0676136911,0.195089385,-0.00252087461,-0.000133810929,0.190476194,0.300000101,0.000191902669,-0.0167999994,10754
31069,-0.0095381299,273.829987,0.337935925,0.0810855329,0.197368547,-0.00308504654,-0.000145165148,0.105263159,0.300000101,0.000188356295,-0.0157223027,10950
31070,-0.00912799593,278.200012,0.315700531,0.0815900639,0.191361755,-0.00282350485,-0.000139608601,0.0588235296,0.300000101,0.000170031824,-0.0146449842,10829
31071,-0.0118123787,265.140015,0.257762551,0.0608841069,0.187398002,-0.00255262805,-0.000134078742,0.142857149,0.300000101,0.000123329693,-0.0154233202,10561
31072,-0.00638307957,258.309998,0.297252923,0.0704880431,0.188722432,-0.00299967756,-0.000103286788,0.0909090936,0.300000101,0.000261476089,-0.0134852659,10342
31073,-0.0179802626,242.410004,0.288974911,0.0638430864,0.199595258,-0.002761296,-0.000117232106,0.0454545468,0.300000101,0.000194542896,-0.0143301347,10493
31074,-0.0190652702,246.289993,0.287813008,0.0726315677,0.200765073,-0.00241128355,-0.000133073394,0.0625,0.300000101,0.000167653416,-0.0159108751,10944
31075,-0.033645805,227,0.339375138,0.079989545,0.193953991,-0.00278182584,-0.000160146927,0.142857149,0.300000101,0.0001432344,-0.0172053594,10639
31076,-0.0148008671,257.829987,0.284805596,0.060822174,0.18346104,-0.0028761006,-0.000127117251,0.157894731,0.300000101,0.000126901054,-0.013292484,11117
31077,-0.0284692962,248.399994,0.274854958,0.0805856138,0.186977088,-0.00240215659,-0.000164875499,0.130434781,0.300000101,0.000139026102,-0.0129495002,10914
31078,-0.0216283649,285.350006,0.40986985,0.082280688,0.194578081,-0.00352017186,-0.000158525901,0.157894731,0.300000101,0.000224070594,-0.0152092716,10699
31079,-0.035498105,265.679993,0.214327246,0.0574948303,0.208766744,-0.00206185761,-9.9126999e-05,0.0500000007,0.300000101,0.000203281001,-0.0142807839,10723
31080,-0.0305506475,273.410004,0.402496487,0.0890242532,0.198923796,-0.00347480131,-0.000193219428,0.0454545468,0.300000101,0.000163864301,-0.0167866349,10411
31081,-0.0297512393,286.730011,0.330576807,0.0786892399,0.195901081,-0.00286102737,-0.000166487269,0.157894731,0.300000101,0.000134650021,-0.0169003103,10528
31082,-0.0205337144,281.399994,0.305388987,0.0644181147,0.198248252,-0.00254122075,-0.000108872475,0.190476194,0.300000101,0.000152175344,-0.0148027502,10321
31083,-0.0108220661,274.850006,0.361289412,0.0667753741,0.196608305,-0.00308594108,-0.000113314098,0.13636364,0.300000101,0.000165673191,-0.0139084673,10849
31084,-0.0377034843,216.990005,0.221726999,0.0659031644,0.189726412,-0.00169006723,-0.00011745689,0.0869565234,0.300000101,0.000178470538,-0.0142415212,10099
31085,-0.0430663973,203.589996,0.294586837,0.0743778348,0.205649897,-0.00238124793,-0.000128242944,0.095238097,0.300000101,0.000154092311,-0.0138845714,10836
31086,-0.0255827736,217.929993,0.249143153,0.0653291568,0.209487975,-0.00207542209,-0.000106948151,0.166666672,0.300000101,0.000199792004,-0.0134764081,10498
31087,-0.0387596712,209.929993,0.254321545,0.0626835749,0.20407407,-0.00198942376,-0.000131581182,0.0833333358,0.300000101,0.000162912125,-0.0165948141,10866
31088,-0.0349588394,215.410004,0.24916105,0.0682291016,0.203243256,-0.00210749707,-0.000118835022,0.0526315793,0.300000101,0.000167243648,-0.0160158891,11002
31089,-0.0314428359,234.550003,0.315548837,0.0758530796,0.190361187,-0.00275324518,-0.000142018413,0.095238097,0.300000101,0.000142837365,-0.0130867418,10547
31090,-0.0231950618,263.179993,0.315608829,0.0682655573,0.207731575,-0.0026899185,-0.00011903268,0.363636374,0.300000101,0.000186741294,-0.0158952139,10742
31091,-0.0347886905,256.329987,0.278604031,0.0674144849,0.207180709,-0.0024658402,-0.000146243721,0.13636364,0.300000101,0.000120687757,-0.0172659401,9462
31092,-0.0305021126,246.630005,0.304500759,0.0696185976,0.203282475,-0.0026205969,-0.000120917335,0.0909090936,0.300000101,0.000195058616,-0.0146826115,9919
31093,-0.0210253187,246.580002,0.283917069,0.070650287,0.200381488,-0.00201796577,-0.00012074496,0.0869565234,0.300000101,0.000128456377,-0.0176033638,8220
31094,-0.0384057499,233.539993,0.27802664,0.0727246478,0.19201991,-0.00218263688,-0.000121169163,0.0454545468,0.300000101,0.000149783096,-0.0152112162,9215
31095,-0.0520207807,208.630005,0.220457152,0.063690491,0.19759123,-0.00183740188,-0.000121240686,0,0.300000101,0.000158894691,-0.0159285758,6381
31096,-0.0587163717,207.869995,0.281782389,0.0740699768,0.189678192,-0.00248190458,-0.000144030462,0.181818187,0.300000101,0.000138690943,-0.0149706649,10806
31097,-0.0252468772,259.299988,0.298310012,0.0648401976,0.189836979,-0.00270741596,-0.000112895177,0.142857149,0.300000101,0.000143751691,-0.0178256668,10621
31098,-0.024393186,253.850006,0.311527789,0.0724182278,0.195165738,-0.00279795146,-0.000125363789,0.0833333358,0.300000101,0.000195021756,-0.0145055335,10437
31099,-0.0495241284,228.059998,0.220784917,0.0660918206,0.207359597,-0.00174824148,-0.00012928083,0.0476190485,0.300000101,0.00016128314,-0.0162338614,11098
31100,-0.0475562699,198.649994,0.242952719,0.0586826801,0.20160155,-0.00198534108,-0.000120679913,0.217391312,0.300000101,0.000121355464,-0.0166221559,10417
31101,-0.0411333218,200.410004,0.351490915,0.0780888349,0.195627555,-0.00251636724,-0.00014430251,0.263157904,0.300000101,0.000120765617,-0.0168349482,11134
31102,-0.0422903039,259.769989,0.316062093,0.0693911612,0.195244908,-0.00254539796,-0.000132199071,0.0869565234,0.300000101,0.000178030896,-0.0176928025,9690
31103,-0.0342987329,288.700012,0.335969985,0.0680980682,0.200467914,-0.00296473713,-0.000125367951,0.315789461,0.300000101,0.000182259115,-0.0175975617,9076
31104,-0.0392036177,255.089996,0.262195379,0.0672842562,0.198550805,-0.00205828599,-0.000144134901,0.0476190485,0.300000101,0.000128552681,-0.0184065215,10477
31105,-0.0472138785,228.520004,0.292141348,0.0713482723,0.20855245,-0.00211173575,-0.000132349975,0.181818187,0.300000101,0.000185497367,-0.014758043,10719
31106,-0.036170274,242.830002,0.245148703,0.0679991767,0.213640854,-0.00185932347,-0.000113738002,0.130434781,0.300000101,0.000140778313,-0.0186954588,10556
31107,-0.0433988422,222.990005,0.288811147,0.0720004439,0.197747469,-0.00243910868,-0.000119958597,0.166666672,0.300000101,0.000190919309,-0.0157559272,10603
31108,-0.0442299098,192.779999,0.271231323,0.0684790015,0.209093183,-0.00215097563,-0.000122298283,0.13636364,0.300000101,0.000165811885,-0.0149001842,10320
31109,-0.0574306659,189.110001,0.251259565,0.0635490865,0.204273805,-0.00204868871,-0.000111446469,0.0434782617,0.300000101,0.000137694966,-0.0176801905,10463
31110,-0.0565856807,194.039993,0.268411249,0.0662130937,0.205426037,-0.00222282344,-0.000100564845,0.100000001,0.300000101,0.000118749311,-0.0159016829,10818
31111,-0.0463677235,226.850006,0.276126534,0.0660078004,0.190287113,-0.00226905756,-0.000142901481,0.181818187,0.300000101,0.000145963932,-0.0152163776,10853
31112,-0.0506435484,227.050003,0.307327479,0.0792724043,0.196325108,-0.00259198155,-0.000131325171,0,0.300000101,0.000160129406,-0.0166663248,11089
31113,-0.0602767318,191.860001,0.197962642,0.0585152507,0.198438853,-0.00171171001,-0.000118969401,0.0454545468,0.300000101,0.000169566294,-0.0164270233,10463
31114,-0.0624055862,177.429993,0.306730479,0.0669581741,0.200515255,-0.0023340215,-0.00011747612,0.0869565234,0.300000101,0.000206489058,-0.0136923045,10519
31115,-0.0561703779,198.229996,0.290725321,0.0735473782,0.202333331,-0.00234704954,-0.000133884329,0.0909090936,0.300000101,0.000124379847,-0.0141417254,10745
31116,-0.0632938519,175.179993,0.189834654,0.0609950423,0.203025252,-0.00160836952,-0.00011887178,0.0500000007,0.300000101,0.000154212757,-0.0162181854,10658
31117,-0.0497534908,180.710007,0.26586318,0.068319723,0.2000563,-0.001777775,-0.000129845474,0.0434782617,0.300000101,0.00018322024,-0.0144055383,10733
31118,-0.0468557477,218.729996,0.320355386,0.0700735971,0.204122707,-0.00266326801,-0.000118895776,0.13636364,0.300000101,0.000142113306,-0.0155618126,10946
31119,-0.052887138,205.179993,0.215530261,0.0641344115,0.189833701,-0.00153025181,-0.000108578315,0.100000001,0.300000101,0.000106176471,-0.0176929943,11067
31120,-0.0460647531,234.130005,0.328318238,0.0687224567,0.192860484,-0.00273224059,-0.000136612027,0.142857149,0.300000101,0.000120429577,-0.0161085371,10906
31121,-0.019175237,322.119995,0.354810148,0.0740995556,0.198970079,-0.00272810133,-0.000139050244,0.409090936,0.300000101,0.000192896128,-0.0149104772,10687
31122,-0.0375599377,278.769989,0.254635781,0.0623833835,0.209927887,-0.00212621433,-0.000108319065,0.0454545468,0.300000101,0.000158589653,-0.0151604852,10931
31123,-0.0675730258,181.910004,0.23869051,0.0637602732,0.21241872,-0.00183211081,-0.000121116238,0.0434782617,0.300000101,0.000156603724,-0.0165015403,9988
31124,-0.0483421758,211.149994,0.268751144,0.0650954172,0.21012947,-0.00215782458,-0.00010919373,0.181818187,0.300000101,0.000149612126,-0.0167613309,10832
31125,-0.0534620769,200.419998,0.294590861,0.0686060414,0.204094023,-0.00202043401,-0.00013494934,0.0909090936,0.300000101,0.000139904456,-0.0145201422,10955
31126,-0.0556551553,246.490005,0.294195741,0.0774887651,0.193347156,-0.00240400084,-0.000140862976,0.105263159,0.300000101,0.000159890988,-0.0124346195,11127
31127,-0.0649388731,236.520004,0.251110435,0.0645584017,0.199291274,-0.00178027479,-0.000110136563,0.0454545468,0.300000101,0.000173624881,-0.0135826217,10702
31128,-0.050892666,241.5,0.321881741,0.0755266026,0.198075503,-0.00254558399,-0.000125233244,0.190476194,0.300000101,0.000155989284,-0.0144802025,10867
31129,-0.0344340466,264.790009,0.274453133,0.0740438998,0.203012496,-0.00231583463,-0.000131922672,0.190476194,0.300000101,0.0001719758,-0.0158295725,10886
31130,-0.0579220504,201.990005,0.229222834,0.0666032806,0.199946329,-0.0018852686,-0.000112194946,0.0434782617,0.300000101,0.000147638042,-0.0170281772,10590
31131,-0.0569875389,192.020004,0.238744333,0.0585540645,0.191398501,-0.0020260145,-9.12289761e-05,0.0909090936,0.300000101,0.000134095462,-0.015289709,10606
31132,-0.0423097238,261.100006,0.333483219,0.074711144,0.193850845,-0.002462551,-0.000131235109,0.200000003,0.300000101,0.000128037893,-0.0136242947,10922
31133,-0.0463790782,262.269989,0.265751511,0.0672926754,0.199281007,-0.0019125375,-0.000121141187,0.0434782617,0.300000101,0.000198029345,-0.0155148171,10584
31134,-0.0424638204,258.230011,0.336893559,0.0675379857,0.193498224,-0.00273911003,-0.000124032071,0.0869565234,0.300000101,9.65023864e-05,-0.0181816425,10500
31135,-0.0390837453,267.48999,0.292642742,0.0688697547,0.19630599,-0.00228758715,-0.000131851091,0.157894731,0.300000101,0.000120372184,-0.0139797134,11132
31136,-0.0517828315,250.300003,0.263410717,0.0647519454,0.187420875,-0.00247622724,-0.000125576466,0,0.300000101,0.000147525512,-0.0152099449,10726
31137,-0.0543850623,233.970001,0.294917941,0.0655376911,0.190641984,-0.00226343027,-0.000108505257,0.095238097,0.300000101,0.000134433154,-0.0148314247,10704
31138,-0.045953732,224,0.252711266,0.0662619695,0.201379389,-0.00204631384,-0.000118875658,0.0869565234,0.300000101,0.000132258632,-0.0148031097,10488
31139,-0.0701583251,189.860001,0.255378991,0.0662883073,0.203975648,-0.00216907333,-0.000139053751,0.0869565234,0.300000101,0.000157328526,-0.0145778507,10474
31140,-0.0529215001,208.820007,0.277177095,0.0645472407,0.206836745,-0.00250389194,-0.000135991635,0.181818187,0.300000101,0.000143050245,-0.0156496726,10537
31141,-0.0443316214,228.809998,0.271192521,0.068528302,0.206555888,-0.0020747385,-0.000124917919,0.217391312,0.300000101,0.000129364751,-0.0140043097,10830
31142,-0.0643992424,167.580002,0.171754122,0.0567468926,0.189969823,-0.00125430233,-9.64867722e-05,0.0869565234,0.300000101,0.000130343193,-0.0131755006,10628
31143,-0.0614147224,199.699997,0.28986004,0.0640588775,0.201386392,-0.00241302256,-0.000111977351,0.0909090936,0.300000101,0.000159213625,-0.0141550452,10298
31144,-0.0392462835,269.309998,0.334247887,0.0745092779,0.196009576,-0.00252391235,-0.000142272896,0.222222224,0.300000101,0.000127686406,-0.0131543316,10169
31145,-0.0451292172,252.809998,0.248217657,0.0667846426,0.193505019,-0.00189699174,-0.000148390478,0.13636364,0.300000101,0.000146521168,-0.0139038935,10049
31146,-0.0517267026,235.979996,0.307709247,0.0710261464,0.198929429,-0.00235371874,-0.000127426523,0.173913047,0.300000101,0.000141965036,-0.016488025,9705
31147,-0.0570070818,203.860001,0.22089459,0.0629166514,0.193300098,-0.0018981162,-0.000130564731,0.190476194,0.300000101,0.00013388216,-0.0164397601,9616
31148,-0.070350118,201.139999,0.222128332,0.0643418133,0.191202268,-0.0017912318,-0.000125626961,0.0869565234,0.300000101,0.000126750398,-0.0180609506,9463
31149,-0.0740609393,182.699997,0.231228232,0.063667886,0.201909408,-0.00176153984,-0.000124934508,0.166666672,0.300000101,0.000128543514,-0.0157648548,10175
31150,-0.0533463731,186.399994,0.280287057,0.0681823269,0.190342337,-0.00229166495,-0.000114981529,0.25,0.300000101,0.000131371708,-0.0147225233,10283
31151,-0.038864959,204.710007,0.279630482,0.0711642131,0.202582717,-0.00220981892,-0.000115557224,0.125,0.300000101,0.000157616931,-0.0164198484,10735
31152,-0.0428815708,191.660004,0.240689039,0.0701789334,0.209210366,-0.00176868506,-0.000105762512,0.0434782617,0.300000101,0.000136256233,-0.0152265895,10840
31153,-0.0490635224,185.720001,0.215065345,0.0674005002,0.200160265,-0.00159143738,-0.000128719767,0,0.300000101,0.00013423081,-0.0156274773,10886
31154,-0.0559538975,177.419998,0.226655588,0.0638248026,0.183435559,-0.00182206102,-0.000110397188,0,0.300000101,0.000145337064,-0.0127059976,10463
31155,-0.059156213,214.300003,0.241811752,0.0633076504,0.197855979,-0.00176705245,-0.000144021469,0.0434782617,0.300000101,0.000147346058,-0.0143254036,10500
31156,-0.0415949114,214.229996,0.21794109,0.0505433492,0.199357495,-0.00197081012,-9.45973516e-05,0.142857149,0.300000101,0.000178099624,-0.0146120815,10799
31157,-0.0429788753,221.419998,0.325210303,0.077032268,0.204003394,-0.00229352387,-0.000134379734,0.190476194,0.300000101,0.000119292425,-0.0155259026,10796
31158,-0.0444560759,230.979996,0.237446576,0.0608779751,0.210012436,-0.0019392157,-0.000101928155,0.166666672,0.300000101,0.000155296875,-0.01551136,9797
31159,-0.0443625376,227.740005,0.292703718,0.0747724473,0.200176567,-0.00217513693,-0.000149734682,0.095238097,0.300000101,0.000152984576,-0.0142082255,9737
31160,-0.0511537604,218.449997,0.244445845,0.0652234554,0.19499591,-0.00207595271,-0.000117743723,0.0476190485,0.300000101,0.00013576608,-0.0144312801,10650
31161,-0.0713067725,213.110001,0.277267754,0.0721356645,0.195410773,-0.00224396819,-0.000131889959,0.217391312,0.300000101,0.000152135894,-0.0151097002,10697
31162,-0.0622682683,228.25,0.250867069,0.064390786,0.194898814,-0.00209418288,-0.000126169791,0.0909090936,0.300000101,0.000121326462,-0.0164393261,10675
31163,-0.0521771573,188.570007,0.238311425,0.0677008331,0.194813877,-0.00181020575,-0.000104204562,0.0434782617,0.300000101,0.000128618005,-0.0154056139,10541
31164,-0.0555125028,234.720001,0.312575549,0.0688094422,0.18975924,-0.00248844782,-0.000104981264,0.190476194,0.300000101,0.00012120646,-0.0166162252,10688
31165,-0.0460398905,242.929993,0.275740772,0.0598410368,0.190577433,-0.00214486173,-0.000123662598,0.150000006,0.300000101,0.000151280212,-0.0149283893,10756
31166,-0.0636406094,207.979996,0.261657327,0.0696597323,0.198193282,-0.00211341144,-0.000144091653,0.0434782617,0.300000101,0.000141512603,-0.0159470886,10598
31167,-0.0528428741,185.910004,0.231705919,0.0597701184,0.204114735,-0.00197555101,-0.000123080812,0.0869565234,0.300000101,0.000145471233,-0.0151791247,10797
31168,-0.0508302376,204.919998,0.238936797,0.0647137314,0.2080466,-0.00201613433,-0.000127339255,0.0869565234,0.300000101,0.000181169889,-0.0165317561,10802
31169,-0.0506096333,231.929993,0.368257493,0.0786775202,0.205025673,-0.00308688264,-0.00013483144,0.095238097,0.300000101,0.000123564358,-0.0159063991,10885
31170,-0.0603021197,216.720001,0.250351727,0.0667865723,0.18735151,-0.00211497722,-0.000138180243,0.0476190485,0.300000101,0.000102011196,-0.0152001847,10879
31171,-0.0666942894,177.160004,0.227794021,0.0629682541,0.186029226,-0.00171997759,-0.000114660848,0,0.300000101,0.000100359954,-0.0166669935,10697
31172,-0.0536645502,197.130005,0.249310926,0.0614526272,0.19770734,-0.00166829803,-0.000137770112,0.095238097,0.300000101,0.000113754628,-0.0164109692,10714
31173,-0.0650645345,177.529999,0.226545468,0.0552397408,0.192208856,-0.00164316164,-0.000116087365,0.0526315793,0.300000101,0.000110599271,-0.0159464758,10896
31174,-0.0497152992,204.429993,0.297005713,0.0643383786,0.196782276,-0.00192784588,-0.000143106925,0,0.300000101,0.000126995074,-0.0159529932,10707
31175,-0.0410775468,180.419998,0.232430011,0.058193855,0.194413304,-0.00159365148,-0.000100874051,0.0909090936,0.300000101,0.000148700972,-0.0148263806,10845
31176,-0.0403928943,232.660004,0.337473601,0.0713090822,0.204645202,-0.00247389753,-0.000123076825,0.217391312,0.300000101,0.000104639585,-0.0168233812,10742
31177,-0.0668542907,209.350006,0.198610514,0.058856979,0.197174549,-0.00132249482,-9.68438544e-05,0.0869565234,0.300000101,0.000151873668,-0.0167758986,10738
31178,-0.0529790781,222.399994,0.303351671,0.0632100254,0.218388587,-0.00222513126,-0.00011667746,0.166666672,0.300000101,0.000166729908,-0.0150241563,10774
31179,-0.051514253,202.479996,0.215165928,0.0630703941,0.2130602,-0.00150847086,-0.000117618853,0.0434782617,0.300000101,0.000116262454,-0.015995102,10469
31180,-0.0768223107,158.509995,0.223611996,0.0647565424,0.207841754,-0.00155590742,-0.000159719959,0.130434781,0.300000101,0.00013196902,-0.0144128688,10474
31181,-0.0614852682,186.350006,0.308131069,0.059854582,0.200003326,-0.00197258103,-0.000123338934,0.217391312,0.300000101,0.0001750378,-0.015147713,10668
31182,-0.0465176553,227.410004,0.285884589,0.0682431906,0.204304218,-0.00184399774,-0.000133500434,0.0909090936,0.300000101,0.000149031621,-0.0161110852,10832
31183,-0.0626456216,193.279999,0.278438538,0.0709558278,0.197054058,-0.00189616892,-0.00013426329,0,0.300000101,0.000128434753,-0.0148502002,10840
31184,-0.0581816249,193.389999,0.200186208,0.0543149896,0.188679025,-0.0012599004,-8.48149721e-05,0.150000006,0.300000101,0.000106905049,-0.0140820472,10954
31185,-0.0470752642,217.940002,0.274101526,0.0668792427,0.187863633,-0.00187458156,-0.000124885686,0.0476190485,0.300000101,0.000117903284,-0.0176024064,10968
31186,-0.0572591461,203.610001,0.229420438,0.0583621636,0.193109632,-0.00181971444,-0.000112922367,0.0434782617,0.300000101,0.000122585712,-0.0163785107,10511
31187,-0.0515252985,177.369995,0.235285223,0.0580645464,0.197876185,-0.0018167597,-0.000109144668,0.142857149,0.300000101,0.000135668015,-0.0176691301,10815
31188,-0.0485116653,173.039993,0.254737526,0.0600944459,0.194793031,-0.00183744205,-9.81129342e-05,0.181818187,0.300000101,0.000186641118,-0.0145045491,10550
31189,-0.056558352,227.669998,0.293552667,0.0649195835,0.203626722,-0.0023071114,-0.000110818706,0.0476190485,0.300000101,0.000130448607,-0.0175571796,10711
31190,-0.0529624633,204.070007,0.333040893,0.06570559,0.206667781,-0.00216496806,-0.000106660824,0.227272734,0.300000101,0.000151557659,-0.0155178532,10560
31191,-0.0590466335,169,0.188180536,0.0578876995,0.209252089,-0.001203052,-0.00010371043,0.0434782617,0.300000101,0.000138773146,-0.0146253901,10516
31192,-0.0643014535,153.089996,0.230083257,0.0621540956,0.205271602,-0.00162238465,-0.000124048864,0.0869565234,0.300000101,0.000136905437,-0.0172995329,10816
31193,-0.0552936941,211.729996,0.37263903,0.0741367862,0.204846263,-0.00227368879,-0.000161123782,0.095238097,0.300000101,0.000123298189,-0.0170371737,9807
31194,-0.041331809,254.960007,0.274729401,0.0614093505,0.193169266,-0.00184041657,-0.000122499492,0.0909090936,0.300000101,0.00014109457,-0.016067123,9700
31195,-0.0445597991,195.779999,0.202807054,0.0629156455,0.202369258,-0.00145217031,-0.000113499256,0.0833333358,0.300000101,0.000122636338,-0.0172445048,8378
31196,-0.0481594726,180.410004,0.217135757,0.0585048646,0.185946435,-0.00154795393,-0.000105184219,0.0476190485,0.300000101,6.99506127e-05,-0.0165057834,10690
31197,-0.0545230359,189.300003,0.217665106,0.0536774173,0.184118509,-0.00150089606,-0.000114249371,0,0.300000101,0.000119556506,-0.0171523523,10684
31198,-0.0401760489,217.539993,0.293607891,0.0628123134,0.188916087,-0.00194653391,-0.00011002089,0.0869565234,0.300000101,0.000103176317,-0.0144694569,9959
31199,-0.0396540537,232.619995,0.205887958,0.0580696277,0.184079632,-0.00150075892,-9.0297508e-05,0.0909090936,0.300000101,0.000111258749,-0.014479463,10357
31200,-0.0390485935,263.440002,0.409489781,0.0712937042,0.187309474,-0.00302601,-0.000133207228,0.142857149,0.300000101,0.00012771679,-0.0136587042,10821
31201,-0.0377276614,272.929993,0.302497149,0.0707529187,0.187647432,-0.00214432273,-0.000145930084,0.166666672,0.300000101,0.000118847143,-0.0145377694,10368
31202,-0.0637418553,165.360001,0.209982008,0.0636431053,0.191169351,-0.00132276746,-9.702237e-05,0.0434782617,0.300000101,0.000112224749,-0.0157317799,10653
31203,-0.0488392748,214.759995,0.305486381,0.0646138936,0.198907644,-0.00205643033,-0.000125019331,0.0909090936,0.300000101,0.000143786878,-0.0171235465,9652
31204,-0.0452650413,229.190002,0.224518865,0.0530668013,0.190767094,-0.00154523249,-9.50458634e-05,0.0416666679,0.300000101,0.000128148444,-0.0151041942,9674
31205,-0.044182159,224.860001,0.31452179,0.0681655034,0.191977784,-0.0020921065,-0.000119840115,0.105263159,0.300000101,0.000133703536,-0.0165693276,9783
31206,-0.0418520905,229.800003,0.251835227,0.0581715517,0.198510498,-0.00198973087,-0.000102932143,0.0909090936,0.300000101,8.55940671e-05,-0.0182078984,10796
31207,-0.0624891967,198.970001,0.247996375,0.0695092678,0.1901232,-0.0019107277,-0.000169941544,0.130434781,0.300000101,0.000110922971,-0.0162476711,8852
31208,-0.0484105013,240.070007,0.259850949,0.0575851128,0.198610783,-0.00191605068,-9.50027897e-05,0.272727281,0.300000101,0.000148104751,-0.0184485782,10601
31209,-0.044149369,222.479996,0.226970404,0.0578432605,0.196712792,-0.00178751419,-0.000106827501,0.217391312,0.300000101,0.000136810515,-0.0161518659,10873
31210,-0.0378271863,246.720001,0.341830075,0.0745280534,0.198532686,-0.002534142,-0.000121577286,0.181818187,0.300000101,0.000147979183,-0.0157065988,10791
31211,-0.0446186475,233.660004,0.26820603,0.0692540184,0.201751634,-0.00202277722,-0.000117575109,0.0416666679,0.300000101,0.000127781983,-0.0151091125,10638
31212,-0.0543320812,197.440002,0.26774022,0.0635010004,0.198791921,-0.00171885639,-0.000125403967,0.0434782617,0.300000101,0.00014356694,-0.0172612369,10645
31213,-0.0507189296,188.949997,0.251164436,0.0578684807,0.194616079,-0.00204459997,-0.000103378319,0.0869565234,0.300000101,0.000120953096,-0.0156989638,10171
31214,-0.0408538282,204.199997,0.226844415,0.0572543293,0.200954601,-0.00164510543,-9.84552535e-05,0.130434781,0.300000101,0.000133116977,-0.0146587668,10326
31215,-0.0525145866,211.860001,0.276549131,0.067779012,0.19552511,-0.00189823983,-0.000122510988,0.095238097,0.300000101,0.00013380959,-0.0160102416,10852
31216,-0.0607488379,199.169998,0.213476092,0.0585268475,0.190937206,-0.001444633,-0.000114461836,0,0.300000101,0.000112062502,-0.0151353059,10138
31217,-0.0608270429,203.649994,0.306065112,0.0734590217,0.191711396,-0.00211664219,-0.000153218323,0.0526315793,0.300000101,0.000128202082,-0.0162231009,10703
31218,-0.0451931283,220.610001,0.227477163,0.0570847318,0.189647317,-0.0019190833,-0.000116064046,0.173913047,0.300000101,0.000100656915,-0.0154263489,10683
31219,-0.0622463562,185.399994,0.270221442,0.0709646717,0.196003661,-0.00151736604,-0.000115788403,0.0500000007,0.300000101,0.000136332324,-0.0141629549,11070
31220,-0.0588928089,187.479996,0.270807922,0.0683596954,0.198114797,-0.00191424729,-0.000129728534,0.0434782617,0.300000101,0.000132009372,-0.013771737,10436
31221,-0.0545521677,158.899994,0.156489149,0.0546124056,0.184127063,-0.00115601881,-8.97361315e-05,0.0526315793,0.300000101,0.000103143597,-0.0155240782,11024
31222,-0.0409899913,199.470001,0.288352937,0.0566552654,0.192882538,-0.00196166616,-0.000117986732,0.142857149,0.300000101,0.000150414286,-0.0157365613,10982
31223,-0.0344893783,241.820007,0.286235809,0.0621551573,0.191162869,-0.00221530022,-0.000122026831,0,0.300000101,0.000128787986,-0.0176152363,10760
31224,-0.0340204239,236.600006,0.276985526,0.0581418015,0.195115492,-0.00202612835,-0.000102894432,0.157894731,0.300000101,7.03941478e-05,-0.0172055494,10852
31225,-0.0615099035,223.460007,0.307762474,0.0775990337,0.191129252,-0.00211056834,-0.000150690859,0.0434782617,0.300000101,0.00012524327,-0.0149668688,10811
31226,-0.0605255738,202.259995,0.261982769,0.0577779748,0.189634532,-0.00191841542,-0.000104248,0.130434781,0.300000101,9.27402507e-05,-0.0159903616,8757
31227,-0.0557299517,201.460007,0.263953269,0.0626423135,0.191181153,-0.00170518667,-0.000121584308,0.130434781,0.300000101,0.000115568771,-0.0167275425,10808
31228,-0.0551131479,201.800003,0.287840635,0.0650634542,0.19154793,-0.00204807776,-0.000122300131,0.0476190485,0.300000101,0.000105522304,-0.0164200272,10814
31229,-0.0496440902,174.110001,0.210884094,0.0587088428,0.187700987,-0.00160070357,-0.000104357488,0.105263159,0.300000101,0.000135835187,-0.0145266214,10630
31230,-0.0547323227,174.880005,0.261466354,0.0649530664,0.191456795,-0.00167330203,-0.000115438852,0,0.300000101,0.000150896725,-0.0164093804,10568
31231,-0.044596713,199.460007,0.284666598,0.0646726042,0.198412985,-0.00198571524,-0.000110239831,0.0909090936,0.300000101,0.000109543937,-0.0154558253,10454
31232,-0.0477957577,211.970001,0.219806284,0.0560647212,0.190768048,-0.00131948979,-0.000100519042,0.0476190485,0.300000101,0.000111575137,-0.016833052,10843
31233,-0.0477758497,208.610001,0.276499927,0.0609650612,0.186493143,-0.00216805236,-0.000121158395,0.190476194,0.300000101,9.54354473e-05,-0.0157973636,10622
31234,-0.0352280773,239.970001,0.315168381,0.0670187846,0.180870026,-0.00232460839,-0.000141830096,0.0526315793,0.300000101,0.000108643202,-0.0167277697,10858
31235,-0.0328760967,240.449997,0.250424981,0.0634017512,0.178016901,-0.00185145868,-0.000122520389,0.105263159,0.300000101,0.000108253131,-0.0133487266,11021
31236,-0.0335878506,226.229996,0.286776751,0.0621176325,0.174516559,-0.00162889133,-0.000108884589,0.0909090936,0.300000101,0.000125225386,-0.0190981813,10528
31237,-0.040878512,224.690002,0.280832618,0.0599848181,0.195262879,-0.0019542505,-0.000115436807,0.173913047,0.300000101,0.000100132267,-0.0156145189,10726
31238,-0.0430958606,249.660004,0.240297213,0.0602962598,0.187235832,-0.00160339731,-0.000111684421,0.105263159,0.300000101,0.000124377708,-0.0142335752,10459
31239,-0.0512753613,247.75,0.341784298,0.070284389,0.183664352,-0.00232996186,-0.000153596222,0.0476190485,0.300000101,0.000131944224,-0.0151453493,10706
31240,-0.0673207715,201.270004,0.277926564,0.0649109334,0.184144899,-0.00180918537,-0.000126572762,0.095238097,0.300000101,0.000113495153,-0.0144180479,10490
31241,-0.0536174811,235.919998,0.300851882,0.0643847212,0.1957376,-0.00216973713,-0.000126558021,0.095238097,0.300000101,0.000137226671,-0.0166682601,10416
31242,-0.0509624258,218.889999,0.227420241,0.0681503043,0.193394646,-0.00135138852,-0.000114793125,0.0500000007,0.300000101,0.000122567028,-0.0164411217,10358
31243,-0.0619131029,196.410004,0.26270777,0.0616540238,0.189661711,-0.00185824523,-0.000113495349,0.0476190485,0.300000101,9.39343008e-05,-0.0160429515,10353
31244,-0.0486325845,213.279999,0.249629498,0.0481191948,0.195961267,-0.00181312929,-0.00010691135,0.0909090936,0.300000101,0.000209097823,-0.0153744789,10850
31245,-0.0483321697,209.389999,0.282986552,0.0627753213,0.198840544,-0.00183242629,-0.000107970307,0.0454545468,0.300000101,0.000153315021,-0.0140430927,10651
31246,-0.043518018,219.639999,0.316766411,0.068174243,0.202897817,-0.00213896972,-0.000112754635,0.227272734,0.300000101,0.000151701955,-0.0148911541,10376
31247,-0.0319283009,247.649994,0.198741227,0.0531749688,0.185046524,-0.0014567523,-9.42157494e-05,0.0434782617,0.300000101,0.000111949848,-0.0143577419,10693
31248,-0.0502932444,190.570007,0.259278983,0.0585438497,0.190874025,-0.00195865519,-0.000109643697,0.217391312,0.300000101,0.000106629501,-0.0144525012,10285
31249,-0.048883453,210.470001,0.27889502,0.0671425462,0.199481398,-0.00195230194,-0.000124620667,0.13636364,0.300000101,0.000118424949,-0.015382655,10866
31250,-0.0557066686,217.960007,0.252436936,0.0655399412,0.190145671,-0.00181494688,-0.000138365489,0.105263159,0.300000101,0.000121496014,-0.0149125317,11074
31251,-0.0453186594,204.630005,0.237039208,0.058511138,0.198726654,-0.00153784628,-0.000105476087,0.13636364,0.300000101,0.00011290337,-0.0166987926,10635
31252,-0.0476978905,201.800003,0.226790026,0.0597726852,0.195705652,-0.00161146477,-0.000117927615,0.0476190485,0.300000101,9.39706515e-05,-0.0166979246,10775
31253,-0.0537504517,185.979996,0.201642513,0.0593680814,0.176689535,-0.00136739877,-9.88078682e-05,0,0.300000101,0.000102853825,-0.0144811235,10569
31254,-0.0503980033,168,0.179076195,0.0549811237,0.186806887,-0.00143683841,-0.000104144645,0.0454545468,0.300000101,0.000109626868,-0.0159766153,9580
31255,-0.0426861569,230.729996,0.331982046,0.065321058,0.187308893,-0.00253229146,-0.000143945173,0.200000003,0.300000101,9.04198314e-05,-0.018137522,10794
31256,-0.0420027524,253.289993,0.251311153,0.061504472,0.185036182,-0.00188504311,-0.000117603748,0.100000001,0.300000101,0.000134819144,-0.0157396961,10553
31257,-0.0478566997,199.199997,0.234634772,0.0581913851,0.188649818,-0.00165951345,-0.000103299935,0,0.300000101,0.000156573311,-0.0158599075,9998
31258,-0.0532650836,205.779999,0.261921257,0.0558831096,0.194402158,-0.00164037535,-9.19067388e-05,0.173913047,0.300000101,0.000136698611,-0.0174477473,10569
31259,-0.0385860428,263.920013,0.319811195,0.0656650886,0.198502764,-0.00239307201,-0.000109451888,0.217391312,0.300000101,0.000105634848,-0.0167167298,10644
31260,-0.0354924388,255.589996,0.267362893,0.0675869584,0.192654222,-0.00202394184,-0.000122109181,0.0909090936,0.300000101,0.000105791441,-0.0159683973,10635
31261,-0.0433099978,201.419998,0.236249968,0.0507397279,0.194927812,-0.0016920804,-9.28127411e-05,0.095238097,0.300000101,0.000106602565,-0.0184619576,10558
31262,-0.0562762208,185.869995,0.250510514,0.0658704787,0.194874451,-0.00167156756,-0.000135350783,0.13636364,0.300000101,0.000135856913,-0.0139452135,10715
31263,-0.0596739277,177.169998,0.226280317,0.0566350073,0.187161595,-0.00165530399,-0.000109843575,0.0434782617,0.300000101,0.000119303892,-0.0159011036,10542
31264,-0.0534084253,200.839996,0.302916467,0.0715971738,0.194903135,-0.00215489976,-0.000151323984,0.157894731,0.300000101,0.000102743281,-0.016940454,10450
31265,-0.0411831625,260.329987,0.325704366,0.0655269176,0.187824368,-0.00239205034,-0.000120467266,0.0476190485,0.300000101,0.000113603724,-0.0158872139,10396
31266,-0.0460235253,216.309998,0.216116369,0.0612246133,0.19432503,-0.00167381158,-0.00010910345,0.0909090936,0.300000101,0.000143882688,-0.0141818663,10375
31267,-0.0449285991,193.029999,0.247143999,0.0533155315,0.183591098,-0.00176828308,-0.000102778424,0.130434781,0.300000101,0.000118765631,-0.0142907035,10570
31268,-0.0404157676,236.649994,0.372586071,0.0692072064,0.197820961,-0.0024036672,-0.000124769649,0.142857149,0.300000101,0.000120474302,-0.0156791247,10795
31269,-0.0395743363,233.800003,0.241410926,0.0583042279,0.191385448,-0.00152535026,-0.000114914132,0.0869565234,0.300000101,0.000101021811,-0.0162784774,9908
31270,-0.0360280722,246.970001,0.329909921,0.0653202683,0.190755159,-0.00216647028,-0.000148643143,0.142857149,0.300000101,0.000109421933,-0.015835518,9944
31271,-0.0486635976,206.610001,0.219508544,0.0581034049,0.19914791,-0.0014823291,-0.000104471088,0.095238097,0.300000101,8.66381961e-05,-0.0149150463,10442
31272,-0.0518086553,181.130005,0.232114777,0.0542805716,0.190860391,-0.00151084561,-9.52808841e-05,0.173913047,0.300000101,9.45883949e-05,-0.0148803182,10662
31273,-0.0653723255,206.559998,0.259099752,0.0641053617,0.192927763,-0.00158611045,-0.000123113976,0.0454545468,0.300000101,9.22601612e-05,-0.0157166012,10447
31274,-0.0575860441,197.509995,0.250116497,0.0606870539,0.189648628,-0.00164410309,-0.000102597383,0.100000001,0.300000101,0.000127212916,-0.0164345242,10878
31275,-0.0387829319,237.770004,0.315070122,0.0610582158,0.198898777,-0.00227614027,-0.000130698754,0.208333343,0.300000101,0.000140482472,-0.0162762478,10632
31276,-0.0426614806,224.960007,0.235630944,0.0570146479,0.195417523,-0.00148984208,-0.000104723367,0.190476194,0.300000101,0.000101556026,-0.0167293921,10786
31277,-0.0532831624,204.259995,0.291534245,0.0654384568,0.194054842,-0.00215519685,-0.000144633508,0.0909090936,0.300000101,0.000100241879,-0.0150966244,10658
31278,-0.0527440235,194.279999,0.24578537,0.0648073405,0.192971826,-0.00163737405,-0.000120312478,0.0909090936,0.300000101,9.66914668e-05,-0.0151229519,10487
31279,-0.0370068587,220.029999,0.303711176,0.059978392,0.193487749,-0.00237074425,-0.000111218564,0.217391312,0.300000101,0.000115121205,-0.016514862,10418
31280,-0.0404646248,236.660004,0.240175843,0.0591681339,0.190189451,-0.00170326501,-9.96088129e-05,0.0476190485,0.300000101,0.000145303333,-0.0155867413,10786
31281,-0.0553225689,219.529999,0.28927201,0.0621080473,0.194662437,-0.00228645816,-0.000128576386,0.166666672,0.300000101,0.000104465078,-0.0157390963,10166
31282,-0.0490346514,246.279999,0.339876115,0.0643506274,0.192692548,-0.00261611748,-0.000147091167,0.125,0.300000101,0.000113298498,-0.0158198494,10673
31283,-0.0390093997,189.729996,0.192136645,0.0466997325,0.181946084,-0.00144970731,-9.48639499e-05,0.0869565234,0.300000101,0.000112779853,-0.0176881794,10739
31284,-0.0642276183,154.990005,0.232503399,0.0587970689,0.177934051,-0.001603593,-0.000114279901,0.0434782617,0.300000101,8.92311073e-05,-0.0155470483,10577
31285,-0.0616781376,199.169998,0.270725936,0.0640742257,0.183297381,-0.00212863414,-0.000130936925,0.0476190485,0.300000101,7.01936442e-05,-0.0164184589,10762
31286,-0.0521789119,184.369995,0.203958556,0.0518615469,0.178442478,-0.00154752936,-9.27006404e-05,0.0869565234,0.300000101,7.94725129e-05,-0.0173834264,10334
31287,-0.0255758446,240.220001,0.399992645,0.0632400513,0.184520945,-0.00324908574,-9.90534245e-05,0.263157904,0.300000101,0.000108430002,-0.0180297755,10649
31288,-0.0200711656,303.230011,0.388212383,0.0733339638,0.181627125,-0.00270761899,-0.000139228112,0.125,0.300000101,0.000147560437,-0.0169850141,10267
31289,-0.0348900594,285.700012,0.345352083,0.0713931173,0.192858845,-0.00252567907,-0.000125386359,0.190476194,0.300000101,0.000102987469,-0.0179485399,10501
31290,-0.0315148942,276.089996,0.325640082,0.063637495,0.192742795,-0.0023575481,-0.000132222849,0.260869563,0.300000101,0.00011690853,-0.0153826019,10490
31291,-0.0381207839,244.779999,0.274623454,0.0604273267,0.189615175,-0.00208820379,-0.000125425489,0.333333343,0.300000101,0.000119828073,-0.0146190412,10636
31292,-0.0627860278,165.440002,0.209452629,0.058010295,0.195023417,-0.00133446371,-0.000102971237,0,0.300000101,9.51468392e-05,-0.0138837406,10631
31293,-0.0637251362,153.779999,0.187629417,0.0545459725,0.190665662,-0.00130584056,-9.33538759e-05,0,0.300000101,0.000107554602,-0.0158817675,10495
31294,-0.0586839877,193.710007,0.231049299,0.0624632239,0.199284673,-0.00164455967,-0.000122311569,0.125,0.300000101,0.000119304379,-0.01444468,10260
31295,-0.0531835184,203.419998,0.258875012,0.0598868616,0.199529171,-0.00187837495,-0.000115632101,0.0434782617,0.300000101,0.000121934332,-0.0169186294,8260
31296,-0.0576284714,211.619995,0.257881135,0.0603362136,0.199601814,-0.00178618007,-0.000115969822,0.0454545468,0.300000101,0.000115611372,-0.0162017811,10606
31297,-0.0426249392,254.970001,0.278919995,0.0634950027,0.191200227,-0.00203892076,-0.000113931135,0.150000006,0.300000101,8.37891421e-05,-0.0155972894,10571
31298,-0.0429602563,244.490005,0.260560721,0.0621669888,0.193278342,-0.00159239187,-0.000119574921,0.0416666679,0.300000101,0.000115440154,-0.0132270148,10558
31299,-0.0644217879,173.710007,0.204508588,0.0514900461,0.185740113,-0.0013599348,-9.68820314e-05,0.100000001,0.300000101,7.47527447e-05,-0.0153818512,10750
31300,-0.0643608198,159.759995,0.173547685,0.0515051298,0.173305839,-0.00120614644,-0.000107505293,0.0476190485,0.300000101,8.73461031e-05,-0.0153800072,10678
31301,-0.0554176234,178.910004,0.249229819,0.0576888397,0.182118267,-0.00172410649,-0.000123662918,0.100000001,0.300000101,8.09634876e-05,-0.0171498228,10987
31302,-0.0436904654,215.139999,0.239187241,0.0517961867,0.186708733,-0.0018267252,-8.61959124e-05,0.100000001,0.300000101,0.000114409006,-0.0146449693,10031
31303,-0.0453859121,206.580002,0.210250273,0.0599010848,0.185501277,-0.0016277153,-0.000106305517,0.0869565234,0.300000101,7.04522608e-05,-0.0145957684,10541
31304,-0.0414721258,225.039993,0.316676527,0.0642717555,0.191713452,-0.00247641047,-0.000122381869,0.217391312,0.300000101,0.000124513143,-0.0145780025,10284
31305,-0.0494135432,219.080002,0.259963095,0.0573156103,0.198774621,-0.00173252565,-0.000113820686,0.166666672,0.300000101,0.00011048458,-0.0148411188,10641
31306,-0.0516072698,151.770004,0.191504881,0.0524327159,0.194243103,-0.00126572722,-9.11609968e-05,0.0869565234,0.300000101,0.000122736528,-0.0137788625,10595
31307,-0.0454287045,162.899994,0.241919518,0.0591642819,0.199951217,-0.00165857282,-0.000112966234,0,0.300000101,0.000129339198,-0.0135146081,10258
31308,-0.0485576205,188.789993,0.246212795,0.0599898584,0.206409782,-0.0019357506,-0.000108479406,0.0869565234,0.300000101,0.000159424788,-0.0166892707,9828
31309,-0.0474496596,197.929993,0.257273316,0.0588687211,0.20361118,-0.00174889225,-0.000108501175,0.166666672,0.300000101,0.000104252773,-0.0152367996,10715
31310,-0.0410001464,179.020004,0.192007974,0.0487995744,0.206666976,-0.0015839769,-8.91492455e-05,0.0454545468,0.300000101,9.27303336e-05,-0.0169514511,10305
31311,-0.0573924929,156.490005,0.188540071,0.0530440174,0.19249998,-0.00130843092,-0.000101109879,0.166666672,0.300000101,8.38298438e-05,-0.0144042717,10584
31312,-0.0656830966,161.559998,0.299596369,0.0721075311,0.193888843,-0.00193649181,-0.000121578305,0.0869565234,0.300000101,9.80581608e-05,-0.0166810658,10553
31313,-0.0403198525,263.799988,0.342441171,0.0685627908,0.193411112,-0.0025834972,-0.000110572706,0.200000003,0.300000101,0.000127214793,-0.0159435365,10851
31314,-0.0311589278,252.720001,0.223116085,0.0550432429,0.195991486,-0.00173496327,-0.000105881561,0.130434781,0.300000101,0.000115880233,-0.0171216074,10422
31315,-0.0457852148,203.669998,0.227973863,0.0592347011,0.195919126,-0.00144657935,-0.0001018611,0,0.300000101,0.000126863684,-0.0179506764,10714
31316,-0.0499054529,202.949997,0.250920594,0.0636707619,0.195882112,-0.00171590666,-0.000111322981,0.0454545468,0.300000101,9.28383888e-05,-0.0188026,10773
31317,-0.0516901463,197.75,0.231923714,0.0608677529,0.19545868,-0.00172424514,-0.000124508966,0.095238097,0.300000101,0.000102658931,-0.0160226636,10782
31318,-0.045006495,193.740005,0.186037466,0.0473280288,0.183745593,-0.00135709334,-0.000102211576,0.0909090936,0.300000101,7.79691181e-05,-0.0159567855,10884
31319,-0.0450434387,166.100006,0.238016859,0.0564770028,0.184258863,-0.00153459492,-0.000101618323,0.095238097,0.300000101,8.80525913e-05,-0.01625623,10667
31320,-0.0452479944,186.809998,0.268332005,0.060151536,0.191163406,-0.00187134452,-0.000121291858,0.055555556,0.300000101,0.000109907109,-0.01840025,10763
31321,-0.0377622955,257.869995,0.408975929,0.0704671443,0.185690433,-0.00299966475,-0.000124975268,0.217391312,0.300000101,0.000103183593,-0.0151640838,10724
31322,-0.0490628108,193,0.25394392,0.0609963872,0.193176612,-0.00167222193,-0.000125860461,0,0.300000101,9.42359184e-05,-0.015504282,10818
31323,-0.0416867249,196.380005,0.263030231,0.0574165583,0.183097288,-0.0021021578,-0.000105808555,0.0454545468,0.300000101,9.79910183e-05,-0.0162307788,10193
31324,-0.0531803928,215.809998,0.247935161,0.0587804094,0.190454602,-0.00163474225,-0.000110316316,0.142857149,0.300000101,0.000101470694,-0.0140083786,10632
31325,-0.0471085571,218.190002,0.264364034,0.0513984598,0.18119745,-0.00217228336,-0.000111470712,0.105263159,0.300000101,8.59552529e-05,-0.0165494196,10901
31326,-0.0298917945,253.089996,0.264259905,0.0510122664,0.181264579,-0.00180710957,-9.38153826e-05,0.190476194,0.300000101,0.000113389498,-0.016029954,10807
31327,-0.0358921625,238.479996,0.248177096,0.0555644147,0.188762113,-0.0016597996,-0.000127612409,0.0476190485,0.300000101,0.000111907211,-0.0150555475,10390
31328,-0.0323566198,244.559998,0.240197971,0.0497651771,0.19505845,-0.00194220734,-0.000103686158,0.0869565234,0.300000101,9.96016606e-05,-0.0166934077,9645
31329,-0.0526101813,174.110001,0.169390902,0.058306329,0.193480939,-0.00106321333,-0.000117967858,0,0.300000101,0.000121190031,-0.0146727059,10383
31330,-0.0678299218,173.350006,0.241188437,0.0628354773,0.197643042,-0.00163078075,-0.000121629731,0.0476190485,0.300000101,8.88429131e-05,-0.0173865147,10655
31331,-0.0511559993,181.539993,0.224953875,0.0503106602,0.178035304,-0.00180717895,-0.000123174497,0.0500000007,0.300000101,9.04918707e-05,-0.0159539003,10676
31332,-0.0309501011,221.880005,0.265754879,0.0555375181,0.186008915,-0.00191701797,-0.000100878999,0.181818187,0.300000101,7.36936781e-05,-0.0147328619,10722
31333,-0.0250289794,252.259995,0.248489022,0.0612650663,0.181792736,-0.00175708835,-0.000107228203,0.0476190485,0.300000101,8.92641474e-05,-0.0142970458,10874
31334,-0.0389447175,226.710007,0.257903457,0.0612180158,0.178346425,-0.00178237364,-0.000127064239,0.0909090936,0.300000101,8.3120307e-05,-0.0170394965,9949
31335,-0.0392714404,208.070007,0.267488152,0.0560013577,0.18379128,-0.00183930562,-9.86387822e-05,0.166666672,0.300000101,0.000120252247,-0.0147612058,9515
31336,-0.0340036415,223.130005,0.207596347,0.0536474399,0.195248052,-0.00148882554,-9.71851332e-05,0.0454545468,0.300000101,0.000106951782,-0.0163805299,10272
31337,-0.0349488296,235.320007,0.278352499,0.0601150915,0.188531041,-0.00191063283,-0.000118011631,0.25,0.300000101,7.73618231e-05,-0.01793072,10341
31338,-0.049976863,215.339996,0.22390151,0.0535438918,0.185097218,-0.0015441844,-0.00010384601,0,0.300000101,0.000113265436,-0.016087776,10516
31339,-0.0395208001,194.410004,0.266205877,0.0571858995,0.186700225,-0.00182025565,-0.000109605477,0.0909090936,0.300000101,7.16254872e-05,-0.0189977437,10680
31340,-0.0467625298,185.970001,0.244777262,0.0665087476,0.186735377,-0.00180672586,-0.000123984209,0.217391312,0.300000101,0.000125007486,-0.01392987,10667
31341,-0.0417214446,239.770004,0.295161068,0.0611422062,0.19398354,-0.0023134714,-0.000121590936,0.125,0.300000101,0.000106832573,-0.0175030194,9592
31342,-0.0493412577,194.289993,0.181407601,0.0517090522,0.198173165,-0.00135659846,-0.000109480992,0.0869565234,0.300000101,7.73883221e-05,-0.0157918818,10767
31343,-0.0562832244,206.660004,0.345045775,0.0794611648,0.184591353,-0.00225101202,-0.000137828494,0.105263159,0.300000101,0.00011321043,-0.013689287,10615
31344,-0.0491955392,210,0.232418954,0.0605863295,0.179309905,-0.0015264831,-0.000110547437,0.0434782617,0.300000101,8.26150572e-05,-0.0160115417,10459
31345,-0.0617074035,169.020004,0.254131168,0.0644719526,0.18290633,-0.00158812059,-0.000130092551,0,0.300000101,0.000103102888,-0.0181893166,10505
31346,-0.0575355403,193.539993,0.238418579,0.0561685152,0.182351559,-0.00175036979,-0.000122003075,0.130434781,0.300000101,0.000108741384,-0.0132008521,10686
31347,-0.0500831865,158.679993,0.203488171,0.0499463342,0.195291683,-0.00139541365,-0.000108977576,0.0434782617,0.300000101,0.000147058323,-0.0162571575,10467
31348,-0.0364815556,200.440002,0.233970419,0.0563842356,0.19532612,-0.00172522594,-0.000109988709,0.238095239,0.300000101,8.32012229e-05,-0.0172798764,10610
31349,-0.0334671848,216.990005,0.243483007,0.0519301221,0.18987596,-0.00168493763,-0.00012292403,0.208333343,0.300000101,7.83118885e-05,-0.0183945708,10524
31350,-0.0351347588,215.979996,0.239868417,0.0529142283,0.188596904,-0.00162408082,-0.000105685598,0.217391312,0.300000101,9.89074833e-05,-0.0156057309,10634
31351,-0.0357731096,219.820007,0.211424261,0.0554915182,0.191125333,-0.00179281761,-0.000107455351,0.100000001,0.300000101,0.000134619215,-0.015882045,10676
31352,-0.0372660533,224.360001,0.227889404,0.0524400063,0.188294157,-0.00154627033,-0.000109193199,0.100000001,0.300000101,0.000110972825,-0.0156868566,10540
31353,-0.0350346193,263.01001,0.320327699,0.0616130643,0.185760826,-0.00238857791,-0.000112454247,0.200000003,0.300000101,0.000105900261,-0.0158467162,10637
31354,-0.0373592377,272.940002,0.268671155,0.0619359501,0.19315514,-0.00212227833,-0.000110562265,0,0.300000101,0.000105821484,-0.0157920867,10578
31355,-0.0437356457,235.009995,0.281617254,0.0653745234,0.188916013,-0.00185480248,-0.000173983703,0,0.300000101,8.33083104e-05,-0.0158614628,10104
31356,-0.0528513528,194.080002,0.267797679,0.0602404773,0.19006291,-0.00193821872,-0.000104975312,0.0869565234,0.300000101,0.000126527011,-0.0175718404,10704
31357,-0.0491507873,194.580002,0.228617936,0.0592471883,0.192118809,-0.00156999694,-0.000119451477,0.0416666679,0.300000101,9.40055834e-05,-0.0177234169,9864
31358,-0.0475222431,190.809998,0.277855694,0.0605098419,0.194809318,-0.00212591095,-0.000125224309,0.125,0.300000101,0.000106337444,-0.0153788486,10583
31359,-0.0518452562,184.100006,0.218202263,0.0600533187,0.181657717,-0.00149069016,-0.000123348553,0.130434781,0.300000101,0.000101326063,-0.0146996779,10490
31360,-0.0601167604,163.809998,0.25297749,0.0658193752,0.185339868,-0.00163087482,-0.000115965326,0.0434782617,0.300000101,9.61512706e-05,-0.0151671767,10016
31361,-0.0537992679,208.479996,0.279119372,0.0633144528,0.190323874,-0.00168828422,-0.000122242825,0.0476190485,0.300000101,0.0001020993,-0.0175448507,10009
31362,-0.0419636704,215.320007,0.252601594,0.0600605533,0.194591552,-0.00185927527,-0.000110171466,0.0434782617,0.300000101,0.000116546908,-0.0167867113,10442
31363,-0.0375833362,219.440002,0.245713681,0.0571395271,0.199742109,-0.00168004108,-0.000115795548,0.0833333358,0.300000101,9.54161733e-05,-0.0156353004,9904
31364,-0.0405031368,252.759995,0.232880011,0.0572646782,0.187653705,-0.00164306606,-9.34604104e-05,0.0434782617,0.300000101,0.000138880569,-0.0166310091,10370
31365,-0.0566204563,201.119995,0.225454062,0.0578992367,0.182899877,-0.00138482556,-0.000117427378,0,0.300000101,8.77826023e-05,-0.0165208578,8382
31366,-0.0400627404,204.440002,0.253828496,0.0541774221,0.184067518,-0.00167912082,-8.45464165e-05,0.227272734,0.300000101,0.000101082995,-0.0163492393,8083
31367,-0.0332088359,221.720001,0.264953554,0.0591500513,0.189353511,-0.00188435928,-9.98883552e-05,0.208333343,0.300000101,8.552894e-05,-0.0182361584,9916
31368,-0.0295370389,233.039993,0.249048129,0.0512481742,0.188134849,-0.00201211823,-9.13960321e-05,0.0434782617,0.300000101,0.000110891786,-0.0172449294,9689
31369,-0.0350217558,209.759995,0.205875054,0.0523226932,0.191855118,-0.00144356082,-0.00011060726,0.0454545468,0.300000101,0.000102198246,-0.0158077329,10300
31370,-0.0295079798,207.309998,0.285190046,0.0543800667,0.192351028,-0.00188376219,-0.000104424245,0.173913047,0.300000101,9.41709077e-05,-0.0154004944,10784
31371,-0.0421635099,211.100006,0.241251081,0.0565976389,0.189505607,-0.00154298218,-0.00011987277,0.217391312,0.300000101,8.3305822e-05,-0.015225891,10683
31372,-0.0415191725,226.389999,0.289587229,0.0563011765,0.207365319,-0.00189734285,-0.000110053763,0.125,0.300000101,0.000104644707,-0.0140708145,10523
31373,-0.0449892059,155.839996,0.181363359,0.0507517271,0.195697725,-0.00131150207,-9.57937082e-05,0.0869565234,0.300000101,7.98274414e-05,-0.0163034163,10361
31374,-0.052148737,129.679993,0.171662435,0.0523432493,0.193866789,-0.00101096998,-9.53738127e-05,0.0434782617,0.300000101,9.78603348e-05,-0.0171765592,10839
31375,-0.0622774996,149.199997,0.209639683,0.0573229752,0.193895906,-0.00132698612,-0.000104388062,0.0869565234,0.300000101,7.791198e-05,-0.015804762,10797
31376,-0.0529075786,158.229996,0.160989299,0.0445358232,0.183162659,-0.00112189911,-8.69515789e-05,0.0434782617,0.300000101,5.81943532e-05,-0.0150621496,10656
31377,-0.0443058386,179.380005,0.236224681,0.0638954118,0.177586883,-0.00155486667,-0.00012733585,0.095238097,0.300000101,9.43954074e-05,-0.0157100298,10411
31378,-0.0337182358,204.729996,0.255662858,0.0510808118,0.185462862,-0.00200559129,-9.19893137e-05,0.157894731,0.300000101,9.91004708e-05,-0.0163227413,10348
31379,-0.0480425954,219.360001,0.217175245,0.0566457585,0.188012213,-0.00162133249,-0.000106590196,0.0434782617,0.300000101,0.000107501372,-0.0134652825,10338
31380,-0.0573667027,181.929993,0.185926437,0.0548685156,0.189267278,-0.00124041468,-9.0004105e-05,0,0.300000101,7.56307636e-05,-0.0151897492,10582
31381,-0.0383802056,191.770004,0.22030507,0.0514110923,0.190066218,-0.00140729989,-9.18977894e-05,0.125,0.300000101,7.88093166e-05,-0.0158624277,10622
31382,-0.0389480442,178.070007,0.188395187,0.0517661683,0.196081758,-0.00137035211,-0.000100119854,0,0.300000101,7.2138886e-05,-0.0166500565,10755
31383,-0.0507095903,170.720001,0.222565353,0.0570016168,0.18583262,-0.00165672856,-0.000115881354,0.105263159,0.300000101,7.87915487e-05,-0.0152845588,10973
31384,-0.0492242463,173.710007,0.217100859,0.0509102419,0.187694654,-0.00145905488,-0.000104726649,0,0.300000101,0.00011402322,-0.013502771,10738
31385,-0.0484625548,153.009995,0.143027812,0.0516114794,0.188920006,-0.00109814433,-8.62809466e-05,0.0500000007,0.300000101,0.000106952437,-0.0154038165,10861
31386,-0.0543673746,168.410004,0.264338553,0.0661590472,0.184678853,-0.00168755674,-0.000129587366,0,0.300000101,0.00010654761,-0.016668478,10076
31387,-0.043284446,211.270004,0.329119682,0.0628903285,0.188062847,-0.00210412405,-0.000113813279,0.157894731,0.300000101,9.6698328e-05,-0.0173693784,10793
31388,-0.0342594348,239.220001,0.270495594,0.0610231347,0.190559909,-0.00172126328,-0.00012933313,0.095238097,0.300000101,9.21820829e-05,-0.0174626783,10933
31389,-0.0398807488,224.779999,0.246850312,0.058494892,0.197086781,-0.00161156419,-0.000110317487,0.0434782617,0.300000101,8.83876564e-05,-0.0185011066,10195
31390,-0.0600290112,183.539993,0.249362603,0.0596550219,0.193407655,-0.00160624518,-0.000133597001,0.0454545468,0.300000101,9.32953408e-05,-0.0156356078,10075
31391,-0.0405468978,174.580002,0.213897645,0.053998597,0.192062348,-0.00140585669,-9.49985624e-05,0.0434782617,0.300000101,9.38076046e-05,-0.0154908309,10072
31392,-0.0374484137,225.029999,0.343254387,0.063226141,0.199956596,-0.00238075037,-0.000117151721,0.166666672,0.300000101,8.82079985e-05,-0.0151931336,8470
31393,-0.0482292175,201.179993,0.227227643,0.0586241707,0.184439868,-0.00126535585,-0.000118552263,0.190476194,0.300000101,8.56003317e-05,-0.0168713983,8640
31394,-0.0402963087,227.119995,0.305266529,0.0613991879,0.182341099,-0.00213646144,-0.000111711277,0.0476190485,0.300000101,8.68194766e-05,-0.0170674548,10679
31395,-0.0288398843,227.300003,0.212465286,0.0477183871,0.181720853,-0.00120633584,-8.93672332e-05,0.150000006,0.300000101,9.21032697e-05,-0.0166087821,8316
31396,-0.0334971249,221.199997,0.242015362,0.0588105135,0.185250074,-0.00153695,-0.000112074726,0.0454545468,0.300000101,9.52808477e-05,-0.0173290037,10153
31397,-0.0378002338,215.360001,0.206127957,0.0489360727,0.182128519,-0.00132845109,-9.18721562e-05,0.0869565234,0.300000101,8.22341244e-05,-0.0195475798,10459
31398,-0.0431615897,190.789993,0.283490539,0.0621434748,0.181511447,-0.00162488362,-0.000109782646,0,0.300000101,0.000119575714,-0.0169836376,10741
31399,-0.0371359512,199.580002,0.2671718,0.0531850643,0.187185645,-0.00164758996,-9.12238393e-05,0.13636364,0.300000101,9.78547469e-05,-0.0169309564,10814
31400,-0.0321896486,229.100006,0.308038056,0.0624810681,0.186597273,-0.001969025,-0.000124411366,0.208333343,0.300000101,6.49322683e-05,-0.0182659794,10332
31401,-0.0390279815,240.199997,0.252787083,0.0581014901,0.190555796,-0.00170464779,-0.000115895738,0.130434781,0.300000101,0.000105315703,-0.0141762327,10821
31402,-0.0496615246,177.520004,0.193359166,0.0558243208,0.19136107,-0.00130324636,-0.000111800669,0.0434782617,0.300000101,9.12385367e-05,-0.0128638214,10077
31403,-0.0519490391,199.440002,0.259934098,0.0561094172,0.177843004,-0.00160589477,-9.42094557e-05,0.0476190485,0.300000101,9.96677118e-05,-0.0141517567,10866
31404,-0.0524312258,183.160004,0.239444822,0.0559539758,0.186947867,-0.00150912791,-0.000117942443,0,0.300000101,0.000109464054,-0.0147380279,10594
31405,-0.0475910828,196.550003,0.2659477,0.0600078963,0.19040978,-0.0016037462,-0.000109763198,0.0416666679,0.300000101,8.86440976e-05,-0.016818108,10733
31406,-0.0393713154,188.880005,0.214928716,0.0548209362,0.186238855,-0.00140295632,-9.78555981e-05,0.125,0.300000101,8.17592372e-05,-0.0168360025,10559
31407,-0.0333968513,214.520004,0.282122552,0.058779411,0.189277694,-0.0019317714,-0.000111550369,0.13636364,0.300000101,8.19422785e-05,-0.0179216806,9373
31408,-0.0425975844,176.029999,0.228105709,0.0577520691,0.174246356,-0.0013894157,-0.000118520678,0,0.300000101,7.44813296e-05,-0.0142797353,10513
31409,-0.0343679301,231.539993,0.315252542,0.0673266873,0.186113596,-0.0020061587,-0.000112821799,0.0416666679,0.300000101,0.000101975813,-0.0159968045,10535
31410,-0.0331694074,252.419998,0.294759601,0.0620476156,0.185827002,-0.00167665572,-0.000110162437,0.217391312,0.300000101,8.10795245e-05,-0.0186503064,10676
31411,-0.0382708833,207.779999,0.244479477,0.0532273948,0.18484357,-0.00145784509,-9.09807131e-05,0.0434782617,0.300000101,0.000110932764,-0.0156343989,10658
31412,-0.0468960442,191.899994,0.274616539,0.0641913563,0.185307592,-0.00164556259,-0.000126382845,0.0454545468,0.300000101,0.000109868757,-0.0155867767,11083
31413,-0.0469442643,231.880005,0.286978066,0.0627577305,0.197460115,-0.00193545944,-0.000118906275,0.0434782617,0.300000101,8.89668445e-05,-0.015820168,10754
31414,-0.0618240237,193.149994,0.221709147,0.0621563457,0.177136511,-0.00118562661,-0.000120467594,0.105263159,0.300000101,9.87733511e-05,-0.0162880216,11123
31415,-0.0507401899,180.289993,0.233233556,0.0524909757,0.177111894,-0.00142463227,-9.86477389e-05,0.0500000007,0.300000101,6.53164025e-05,-0.0160229784,10981
31416,-0.0442216992,160.029999,0.21725148,0.0538543426,0.177138895,-0.00101055345,-0.000128860978,0,0.300000101,8.15976891e-05,-0.0158794168,10654
31417,-0.0463694334,177.259995,0.249108896,0.0594342686,0.178343803,-0.00182210037,-0.00010592422,0,0.300000101,9.64715946e-05,-0.01646371,10735
31418,-0.0303884055,230.630005,0.287745744,0.0605170578,0.180727288,-0.00177805708,-0.000109120447,0.0434782617,0.300000101,8.56183397e-05,-0.0168439969,10715
31419,-0.037913572,217.580002,0.249863043,0.0629465058,0.182199761,-0.00146970653,-0.000122650425,0.095238097,0.300000101,8.93543984e-05,-0.0148116788,11046
31420,-0.0469943061,208.259995,0.259511858,0.0573042333,0.186353415,-0.00161286723,-0.000116723488,0.0909090936,0.300000101,0.000105761923,-0.0165363811,10858
31421,-0.0487950295,160.589996,0.20931004,0.0485986099,0.188766748,-0.00118593848,-9.23544212e-05,0.0416666679,0.300000101,9.85273509e-05,-0.0161236003,10672
31422,-0.0386416242,186.460007,0.205585852,0.0523985475,0.194360897,-0.00153703347,-9.84767175e-05,0.130434781,0.300000101,8.06483295e-05,-0.0169549659,10805
31423,-0.0482209697,133.559998,0.236599058,0.0487656668,0.184144109,-0.00124254357,-9.56180738e-05,0.0454545468,0.300000101,6.341876e-05,-0.0146009317,10748
31424,-0.0449979939,148.190002,0.19031392,0.0553267151,0.186587557,-0.00107798853,-0.000115735551,0.0869565234,0.300000101,8.4505984e-05,-0.0152276019,10905
31425,-0.0407191105,177.869995,0.219474286,0.0546675883,0.187551603,-0.00141192449,-0.000102759768,0.0454545468,0.300000101,0.00010805182,-0.0174145475,10661
31426,-0.0377901085,192.910004,0.231797487,0.0516381823,0.184296712,-0.00129625294,-9.2068185e-05,0.13636364,0.300000101,6.93004258e-05,-0.0178742968,10230
31427,-0.0425398834,201.369995,0.340841115,0.0650241151,0.178614706,-0.00218538381,-0.000149030908,0.208333343,0.300000101,7.49159517e-05,-0.0173311755,10771
31428,-0.0356599987,210.720001,0.24016203,0.0611243732,0.173705548,-0.00129788939,-0.000105269763,0.173913047,0.300000101,8.21670619e-05,-0.0168993268,10552
31429,-0.03605197,203.940002,0.253241301,0.0574555732,0.177359521,-0.00144534733,-9.50710746e-05,0.0454545468,0.300000101,0.000103211416,-0.0161018129,10851
31430,-0.0453588963,213.679993,0.286304146,0.0572981015,0.180552453,-0.00183641654,-9.40890532e-05,0.0434782617,0.300000101,8.42003574e-05,-0.016555585,10495
31431,-0.0469454229,212.410004,0.218447521,0.0542071275,0.181224987,-0.00129067386,-0.000110731657,0.130434781,0.300000101,0.000107111002,-0.016683232,10357
31432,-0.0425386131,161.649994,0.183717445,0.0501165651,0.186652347,-0.00124309701,-0.000100636964,0.100000001,0.300000101,8.89126459e-05,-0.0150401928,10931
31433,-0.0384381339,177.580002,0.264537603,0.0584206954,0.194639087,-0.00171943323,-0.000122244528,0.130434781,0.300000101,9.9414603e-05,-0.016723875,10342
31434,-0.0393060297,166.960007,0.2158501,0.055504363,0.188094974,-0.00145426986,-0.000106510815,0.0833333358,0.300000101,6.96346469e-05,-0.0171700716,9863
31435,-0.0476635695,165.160004,0.281014472,0.0609092675,0.180346608,-0.00150367268,-0.00011601462,0.13636364,0.300000101,9.6271091e-05,-0.0158196855,10562
31436,-0.0396016724,217.759995,0.247448951,0.0593265668,0.179497838,-0.00142377452,-0.000103837468,0.130434781,0.300000101,8.42208829e-05,-0.0156830065,10500
31437,-0.0454512164,161.600006,0.179495424,0.0511885583,0.180707991,-0.00113445241,-9.27116853e-05,0.0454545468,0.300000101,8.33302183e-05,-0.0150377052,10659
31438,-0.038966503,182.449997,0.259364426,0.0549720265,0.176048011,-0.00175893668,-0.000100375415,0.0869565234,0.300000101,9.96373856e-05,-0.0168433879,10742
31439,-0.0334468782,177.259995,0.213418633,0.0571383908,0.178569943,-0.00149955938,-0.000103578517,0,0.300000101,7.62430427e-05,-0.0155802956,10550
31440,-0.0305562932,211.130005,0.293734014,0.0696126223,0.187263697,-0.00187361089,-0.000147938525,0.150000006,0.300000101,8.37947009e-05,-0.0152480984,10985
31441,-0.0314839743,212.740005,0.262875795,0.0547445044,0.193298548,-0.00177660096,-0.000104109517,0.125,0.300000101,8.61040826e-05,-0.0166158471,10385
31442,-0.0274428725,258.470001,0.320633203,0.0652807578,0.190389723,-0.00191662239,-0.000120344674,0.130434781,0.300000101,7.75759254e-05,-0.0164772999,10490
31443,-0.0234201867,263.48999,0.282272995,0.057837747,0.190171808,-0.00198250543,-0.000101376201,0.0909090936,0.300000101,9.93486537e-05,-0.0157679729,10594
31444,-0.0263973419,214.710007,0.182233661,0.0512962826,0.182535738,-0.00140723528,-9.19574595e-05,0.0869565234,0.300000101,7.08949956e-05,-0.0135999573,10367
31445,-0.0313138328,213.110001,0.285817862,0.0537302792,0.172772437,-0.00198405189,-0.000108459579,0.181818187,0.300000101,7.89151527e-05,-0.0173112657,10702
31446,-0.0341416523,231.369995,0.236155748,0.0581600554,0.175476059,-0.00156708201,-0.00010268332,0.142857149,0.300000101,7.62799682e-05,-0.013401744,10678
31447,-0.0418582112,193.860001,0.24778603,0.0620529875,0.177215755,-0.00199791719,-0.000134720161,0.0869565234,0.300000101,8.07791803e-05,-0.0154220117,10776
31448,-0.0367695391,211.679993,0.236133218,0.0585300252,0.175599337,-0.00150143495,-9.68811e-05,0.142857149,0.300000101,6.50636794e-05,-0.0173446648,9939
31449,-0.039167691,174.960007,0.219220102,0.0550071001,0.175764769,-0.00154118042,-0.000115073402,0.0833333358,0.300000101,9.72605121e-05,-0.0154725946,9792
31450,-0.0213638563,243.539993,0.294163376,0.0629564002,0.186259806,-0.00193494686,-0.000102703765,0.217391312,0.300000101,0.00010789193,-0.0156620927,10595
31451,-0.0298061725,217.339996,0.214643717,0.0556308553,0.189396545,-0.00137741538,-9.62207268e-05,0.0869565234,0.300000101,0.000112662987,-0.0159897041,10437
31452,-0.0335574225,203.610001,0.224899054,0.0546217225,0.190927014,-0.00138877321,-9.99001422e-05,0.0869565234,0.300000101,6.73483228e-05,-0.017560225,10528
31453,-0.0440410972,204.059998,0.290983438,0.0587232858,0.188648045,-0.0019935118,-0.000107515691,0.095238097,0.300000101,9.17514408e-05,-0.0159870721,10496
31454,-0.0440149829,214.839996,0.310405374,0.0555700399,0.18653962,-0.00220616045,-0.000112975787,0.0869565234,0.300000101,6.3407846e-05,-0.0180504583,9853
31455,-0.0446384735,193.460007,0.260954738,0.0644553378,0.178552598,-0.00171194423,-0.000137782481,0.095238097,0.300000101,7.92590654e-05,-0.0160621107,10720
31456,-0.0602998771,156.470001,0.217074186,0.0582394153,0.179702371,-0.00139130116,-0.000111256973,0,0.300000101,8.05801974e-05,-0.0145154819,10580
31457,-0.0444255657,167.910004,0.253239751,0.0585524552,0.190365478,-0.00162502402,-0.000111736314,0,0.300000101,0.000111551708,-0.0162374135,10740
31458,-0.0365091376,200.860001,0.201675281,0.0472106524,0.200007662,-0.00143453979,-9.09952214e-05,0.130434781,0.300000101,9.61443293e-05,-0.0173357222,9248
31459,-0.0307960622,188.970001,0.191932574,0.0495266058,0.190351218,-0.00113091979,-8.75676997e-05,0.0434782617,0.300000101,9.8427714e-05,-0.0155619103,10892
31460,-0.0533789173,173.779999,0.242301702,0.0613922998,0.186897978,-0.00143817835,-0.00012188917,0.0909090936,0.300000101,7.75652661e-05,-0.0168488175,11051
31461,-0.0461852327,173.080002,0.181040302,0.0468834229,0.171951503,-0.00115267967,-8.93975812e-05,0.105263159,0.300000101,7.79091206e-05,-0.0158831514,10878
31462,-0.0374936908,166.479996,0.209562033,0.0515701212,0.186081558,-0.00157733867,-0.000121016892,0.0476190485,0.300000101,0.000136098141,-0.0146636413,10936
31463,-0.0304698106,228.869995,0.278128505,0.0551408157,0.189654022,-0.00180940761,-9.86713567e-05,0.13636364,0.300000101,8.44170718e-05,-0.0155858817,10957
31464,-0.0446030572,153.940002,0.169161633,0.0510475114,0.18567434,-0.00101365929,-9.32657786e-05,0,0.300000101,0.000100834142,-0.0176922996,10845
31465,-0.0373420976,160.570007,0.208904475,0.0473496914,0.196180269,-0.00130271015,-8.30870558e-05,0.125,0.300000101,9.39258389e-05,-0.0174900945,10749
31466,-0.0431985706,170.009995,0.243163213,0.0570460074,0.189494818,-0.00154450885,-0.000102270562,0.0416666679,0.300000101,8.08125478e-05,-0.0164172351,10601
31467,-0.0520340577,144.059998,0.185679063,0.049025178,0.192132697,-0.00106401206,-0.000102145306,0,0.300000101,6.70264562e-05,-0.0127603645,10687
31468,-0.0355493948,167.339996,0.186955735,0.0539355576,0.179925367,-0.00116053154,-9.56972508e-05,0.0416666679,0.300000101,8.95489065e-05,-0.0152410045,10710
31469,-0.0340850614,213.960007,0.276478976,0.0612926409,0.189567178,-0.00182955165,-0.000101194142,0.130434781,0.300000101,0.00010490774,-0.0180784184,10456
31470,-0.0272224192,239.25,0.233857855,0.0595614985,0.183417141,-0.00168125739,-9.73750139e-05,0,0.300000101,7.61664851e-05,-0.0173124783,10936
31471,-0.0379315466,199.649994,0.219618306,0.0559552163,0.173435852,-0.00144920789,-0.000106028281,0.095238097,0.300000101,7.8027515e-05,-0.0149930874,10840
31472,-0.0345279388,190.139999,0.252209634,0.0559085011,0.175895795,-0.00152392266,-9.86278756e-05,0.0869565234,0.300000101,9.8606979e-05,-0.0149891116,10833
31473,-0.0454934463,183.339996,0.212813348,0.0556783378,0.192461997,-0.00130734127,-0.00010643265,0.0454545468,0.300000101,9.51181355e-05,-0.016332414,10205
31474,-0.0481482223,156.059998,0.204129398,0.0513447635,0.185798407,-0.00154498045,-0.000104981125,0.095238097,0.300000101,8.77629936e-05,-0.0164102037,10248
31475,-0.0355646685,181.720001,0.237110078,0.0584053397,0.188767701,-0.0015409732,-0.000102117643,0,0.300000101,9.43664199e-05,-0.0164057538,10592
31476,-0.037643116,190.25,0.228542998,0.0515721925,0.183182582,-0.00160438532,-0.00010509717,0.0869565234,0.300000101,8.05599047e-05,-0.0173505377,10724
31477,-0.0394202732,205.809998,0.257552743,0.0560443774,0.186322093,-0.00190053449,-0.000104333565,0.125,0.300000101,7.82249772e-05,-0.0167526547,10833
31478,-0.0421228185,178.580002,0.206163451,0.0563591532,0.18050912,-0.00144441263,-0.000120302451,0.0454545468,0.300000101,8.93653851e-05,-0.0140471477,10513
31479,-0.03581452,183.25,0.256957531,0.0560741499,0.181952953,-0.00180852786,-9.26010762e-05,0.125,0.300000101,8.19318157e-05,-0.0159768425,10698
31480,-0.0349941701,222.490005,0.300544739,0.0612535179,0.18774806,-0.00189905975,-0.000110097841,0.0869565234,0.300000101,6.5462882e-05,-0.0158996731,10808
31481,-0.0408372842,181.5,0.183865428,0.0530853346,0.182134196,-0.00114580058,-0.000106524873,0,0.300000101,9.01041349e-05,-0.0139401946,11037
31482,-0.0357678719,181.080002,0.231156513,0.0544847921,0.181458861,-0.00146172394,-9.55137148e-05,0.130434781,0.300000101,8.42183508e-05,-0.0160212405,10972
31483,-0.026756255,206.110001,0.236820996,0.0524890423,0.185347289,-0.00191224227,-0.000100622463,0.095238097,0.300000101,9.51782131e-05,-0.0167384446,10572
31484,-0.0225775521,218.380005,0.22069788,0.0549202561,0.182059735,-0.0013518862,-8.15438398e-05,0.0434782617,0.300000101,9.29188682e-05,-0.0159928743,10538
31485,-0.0343413576,219.320007,0.267892897,0.0608508997,0.181730419,-0.00179648888,-0.000119013275,0.0869565234,0.300000101,0.000104575622,-0.0158434287,10798
31486,-0.0418917239,231.990005,0.321670949,0.0637968555,0.182970226,-0.00208413694,-0.000127441075,0.0869565234,0.300000101,7.28628511e-05,-0.0180502478,10487
31487,-0.0297365095,225.679993,0.275004745,0.0605937317,0.182815135,-0.00194470549,-0.000106650332,0.142857149,0.300000101,8.83108441e-05,-0.0142524159,10825
31488,-0.0279083084,179.119995,0.154723406,0.0465244167,0.177532598,-0.00107636908,-7.67315505e-05,0.166666672,0.300000101,6.99517477e-05,-0.0180510543,10605
31489,-0.0205759387,238.440002,0.275886863,0.0579954609,0.192497909,-0.00205458794,-0.000106773208,0.208333343,0.300000101,0.000112025096,-0.0170715787,10515
31490,-0.0457101017,178.149994,0.291284055,0.0699190795,0.188329548,-0.00162393833,-0.000119461678,0.0869565234,0.300000101,9.42315164e-05,-0.0169041827,10615
31491,-0.0359472185,230.820007,0.255360186,0.0577090085,0.192935228,-0.00159822125,-0.000113835747,0.190476194,0.300000101,8.61023e-05,-0.0179967936,10530
31492,-0.0448367111,189.440002,0.202397913,0.052321367,0.190368772,-0.0014191831,-9.55654177e-05,0.0454545468,0.300000101,6.82927857e-05,-0.0160541032,10952
31493,-0.0402347445,217.779999,0.235400617,0.0552255549,0.192582577,-0.00160192559,-0.00011562599,0.173913047,0.300000101,8.5153275e-05,-0.0173393209,10464
31494,-0.0447325222,168.220001,0.194551364,0.0547264516,0.183759451,-0.00132002716,-0.00010589396,0.13636364,0.300000101,8.80428634e-05,-0.0160416253,10625
31495,-0.0348410718,194.929993,0.209533244,0.0498817265,0.190101236,-0.00141882664,-8.64831236e-05,0.0909090936,0.300000101,7.07209183e-05,-0.0184627175,8589
31496,-0.0486129224,165.699997,0.247441664,0.0592801496,0.178815484,-0.00187405618,-0.000121682177,0,0.300000101,7.11606335e-05,-0.0144828539,10630
31497,-0.0551886074,146.729996,0.223034039,0.0549903102,0.180863738,-0.00138342066,-0.000115856586,0,0.300000101,6.33439049e-05,-0.0162529889,10808
31498,-0.0504517183,153.360001,0.185405895,0.0574099943,0.183143914,-0.00126641581,-0.000112246482,0,0.300000101,8.91203599e-05,-0.0153485341,10814
31499,-0.036959812,194.210007,0.229993984,0.0528679639,0.183621928,-0.00151130138,-8.90324154e-05,0.130434781,0.300000101,9.28956506e-05,-0.0150088901,10437
31500,-0.0279668979,230.880005,0.267371714,0.0597263649,0.183291018,-0.00190689671,-0.000116687967,0.0909090936,0.300000101,9.73233182e-05,-0.0163693298,10707
31501,-0.0432269014,176.770004,0.245522901,0.0605289936,0.184884831,-0.00162430143,-0.000122544618,0.0909090936,0.300000101,7.18825831e-05,-0.0147874728,10624
31502,-0.0528053716,139.169998,0.180217505,0.0529241338,0.189703092,-0.00120899291,-0.0001009517,0.0416666679,0.300000101,9.12550167e-05,-0.0137016708,10740
31503,-0.0591428354,125.25,0.183890849,0.0510912947,0.187512904,-0.00116748351,-0.000106141939,0,0.300000101,7.5379503e-05,-0.0161978025,10736
31504,-0.0585687943,116.760002,0.196043521,0.0537131578,0.182304591,-0.00132438273,-0.00013210137,0.0434782617,0.300000101,8.71129887e-05,-0.0139873261,10922
31505,-0.0400814004,168.899994,0.220862135,0.0508333631,0.180110693,-0.00154400931,-8.83441535e-05,0.13636364,0.300000101,7.42571647e-05,-0.0158142373,10781
31506,-0.044813361,156.910004,0.205002859,0.0493372977,0.177808613,-0.00129856775,-0.000103476057,0.0476190485,0.300000101,9.23773405e-05,-0.0135821374,10745
31507,-0.0383879021,158.199997,0.17998828,0.0481367931,0.174860448,-0.00115090795,-8.07397737e-05,0.095238097,0.300000101,9.63912898e-05,-0.0147495652,10956
31508,-0.0213552713,190.660004,0.228291646,0.0522878841,0.180406094,-0.00147302647,-0.000100986101,0.0869565234,0.300000101,9.46234868e-05,-0.0145488204,9647
31509,-0.0343789756,186.419998,0.191025585,0.050809104,0.191132277,-0.00113154622,-8.88306604e-05,0.0434782617,0.300000101,7.56672453e-05,-0.0143637862,10386
31510,-0.0370592363,161.929993,0.191026494,0.0550323501,0.192213506,-0.00137946662,-0.000102541228,0,0.300000101,0.000100502017,-0.0150461718,10816
31511,-0.0348538421,146.100006,0.142207325,0.042419415,0.202786729,-0.000951633905,-9.04442131e-05,0,0.300000101,9.62369377e-05,-0.015733989,10637
31512,-0.0235594399,189.220001,0.217959911,0.0530831106,0.188332975,-0.0015171686,-9.58387027e-05,0.0434782617,0.300000101,8.11237915e-05,-0.0161064379,10714
31513,-0.0376599096,190.699997,0.28446123,0.0624523424,0.181733713,-0.00162751891,-0.00012323496,0.0526315793,0.300000101,7.07960062e-05,-0.0173092112,10867
31514,-0.0493840016,180.660004,0.272999823,0.0605350249,0.182998896,-0.00153117476,-0.000132483823,0.166666672,0.300000101,7.03886326e-05,-0.0159995127,10734
31515,-0.0448057465,185.029999,0.250314027,0.0559416227,0.181491658,-0.00155274186,-0.000110467277,0,0.300000101,6.45854889e-05,-0.0160858873,10948
31516,-0.0411262549,212.490005,0.326627374,0.0635226145,0.182000265,-0.00212671282,-0.000113578411,0.13636364,0.300000101,8.90765878e-05,-0.0148271676,10577
31517,-0.0333564878,190.490005,0.175505385,0.0481372215,0.19383201,-0.00111266295,-8.67999988e-05,0.0454545468,0.300000101,8.80438893e-05,-0.0143020637,10827
31518,-0.031390883,203.889999,0.217030078,0.0538868345,0.18119061,-0.00146238995,-0.000107749431,0.173913047,0.300000101,7.40225878e-05,-0.0172677413,10489
31519,-0.0417117067,160.570007,0.168575749,0.0536865406,0.179583952,-0.00123445387,-0.000108400025,0.0500000007,0.300000101,7.39624011e-05,-0.0163280889,10844
31520,-0.0270022079,183.669998,0.225114927,0.0524587706,0.176177651,-0.00151518977,-9.47588342e-05,0.157894731,0.300000101,7.32974513e-05,-0.0158389732,10493
31521,-0.0326773711,217.059998,0.318822831,0.0696481764,0.173774958,-0.00203098217,-0.000136612478,0.0416666679,0.300000101,8.52538287e-05,-0.0157422628,10682
31522,-0.0343286544,228.289993,0.276094705,0.0656480715,0.189403147,-0.0017796813,-0.000128828862,0.181818187,0.300000101,9.12247342e-05,-0.0172892176,10476
31523,-0.0317611508,182.759995,0.154493615,0.0513503514,0.180465862,-0.00116645347,-9.4346462e-05,0.0500000007,0.300000101,8.72323508e-05,-0.0165267121,10527
31524,-0.0355820246,201.699997,0.219833478,0.0599532053,0.1854572,-0.00158992445,-9.6809039e-05,0.0434782617,0.300000101,8.02389695e-05,-0.0173494052,10489
31525,-0.040638905,165.850006,0.189097822,0.0485835411,0.17089209,-0.00104746595,-8.75253172e-05,0.0476190485,0.300000101,7.47851882e-05,-0.016812969,10777
31526,-0.039746061,157.259995,0.211481377,0.0516035967,0.177245066,-0.00143034814,-9.26480279e-05,0.0476190485,0.300000101,7.32927801e-05,-0.018167628,10381
31527,-0.0310702138,193.529999,0.216894791,0.054928422,0.177125543,-0.00139105634,-0.000101451755,0.166666672,0.300000101,5.92244905e-05,-0.0120669566,10507
31528,-0.0279291999,204.490005,0.27013281,0.0551988967,0.173656821,-0.00191219,-8.71292577e-05,0.25,0.300000101,7.21087708e-05,-0.0178849325,10858
31529,-0.0315002017,218.5,0.200787574,0.0483918078,0.178055078,-0.00131633726,-9.32497642e-05,0.0434782617,0.300000101,7.02801917e-05,-0.0170845445,10446
31530,-0.0393480621,214.440002,0.218256459,0.0585947484,0.172310054,-0.00140411698,-0.000117426454,0.142857149,0.300000101,6.00622116e-05,-0.0137713468,10682
31531,-0.0333792418,214.570007,0.297429919,0.0630583614,0.168297097,-0.00217037508,-9.7666074e-05,0.13636364,0.300000101,8.6489752e-05,-0.017105246,10728
31532,-0.023202572,250.089996,0.301871926,0.0581958555,0.180927157,-0.00201256201,-0.000101282538,0.125,0.300000101,0.000106838299,-0.0180883594,10811
31533,-0.0293927919,205.729996,0.22901842,0.0561904013,0.186259553,-0.00153356686,-9.60093676e-05,0.166666672,0.300000101,7.53394779e-05,-0.0163904186,10314
31534,-0.0265286081,204.25,0.216296241,0.0541718826,0.173580408,-0.00130645616,-9.52622504e-05,0.105263159,0.300000101,8.60564687e-05,-0.0155495303,10565
31535,-0.0191927589,226.139999,0.273889601,0.0542094707,0.176324934,-0.00194840226,-9.4879324e-05,0.0909090936,0.300000101,7.69886537e-05,-0.0165384039,10615
31536,-0.0300669875,188.960007,0.204961345,0.0520344339,0.1688869,-0.0013828954,-9.88893589e-05,0.0454545468,0.300000101,9.56629156e-05,-0.0147549491,10764
31537,-0.030308133,183.210007,0.22055769,0.0556516647,0.170048803,-0.00133213832,-0.000101885889,0.0909090936,0.300000101,0.000100179008,-0.0136184832,10841
31538,-0.0191030055,231.990005,0.269925833,0.0594104342,0.172963426,-0.0017911162,-0.000111022018,0.0909090936,0.300000101,7.21385004e-05,-0.0177110732,10897
31539,-0.0373556055,189.199997,0.275476217,0.060102962,0.176568806,-0.00160866429,-0.000131082154,0.0869565234,0.300000101,7.88186953e-05,-0.0162739996,10622
31540,-0.0399332047,185.179993,0.252889842,0.0543705672,0.173057005,-0.00187108456,-0.000107372223,0.0833333358,0.300000101,6.4283704e-05,-0.017437337,10817
31541,-0.0366303548,201.779999,0.222889319,0.0612071492,0.180880398,-0.00141975237,-0.000111469009,0.0869565234,0.300000101,0.000114702591,-0.0161112435,10583
31542,-0.0524482168,144.369995,0.202889711,0.0608783066,0.181525409,-0.00128077448,-0.000116978736,0,0.300000101,8.72146557e-05,-0.0157274492,10440
31543,-0.0431196243,165.970001,0.26577571,0.0602807961,0.174901947,-0.00175485457,-0.000144561534,0.142857149,0.300000101,8.03291259e-05,-0.0164441764,10760
31544,-0.0288426504,221.259995,0.274028391,0.057791777,0.174990535,-0.0017359372,-0.000106764099,0.0869565234,0.300000101,9.40627651e-05,-0.015533939,10722
31545,-0.0388333201,178.570007,0.19190301,0.0546674058,0.179370552,-0.00116400584,-0.000107320979,0.0869565234,0.300000101,7.98850815e-05,-0.0169642009,10678
31546,-0.0403697714,168.529999,0.237952262,0.0530098192,0.174713358,-0.00164643896,-0.000109513057,0.0476190485,0.300000101,8.17353939e-05,-0.0169472061,10709
31547,-0.0278387498,230.779999,0.280591756,0.0631686747,0.17572841,-0.0019572631,-0.000124945407,0.130434781,0.300000101,9.14324191e-05,-0.016821824,10417
31548,-0.0325784013,160.740005,0.170886785,0.0492559932,0.185427397,-0.000991750974,-8.83405155e-05,0.0833333358,0.300000101,8.66536284e-05,-0.0158624221,10796
31549,-0.0339472517,162.830002,0.215900943,0.0569782816,0.173906505,-0.00138944492,-0.000106056752,0.0454545468,0.300000101,8.55029211e-05,-0.0148838107,10430
31550,-0.0393310003,186.839996,0.215732932,0.0540878251,0.175933838,-0.0014001677,-0.000108324355,0.0909090936,0.300000101,5.69150325e-05,-0.0167076811,10869
31551,-0.0400795527,197.490005,0.26009047,0.0568507574,0.168638229,-0.00165472704,-0.000129545268,0.0869565234,0.300000101,6.4638145e-05,-0.0146818822,10604
31552,-0.0317347497,203.369995,0.270180702,0.0576922894,0.177374572,-0.00167315768,-0.00011480564,0.105263159,0.300000101,0.000101731079,-0.0166931264,10986
31553,-0.0269144103,214.649994,0.272651851,0.0567956828,0.182262272,-0.00184644561,-0.000118254742,0.125,0.300000101,5.35617655e-05,-0.0166664533,10690
31554,-0.0427130908,164.350006,0.212722942,0.0510043614,0.170459509,-0.00144541427,-0.000114155664,0.0416666679,0.300000101,7.32745757e-05,-0.015287132,10717
31555,-0.0510476492,142.520004,0.162079737,0.0485622771,0.169955358,-0.00111507496,-0.000102713027,0,0.300000101,6.84468323e-05,-0.0142353559,10668
31556,-0.0394444466,153.979996,0.21950835,0.0567850284,0.161855698,-0.00106456573,-0.000115352472,0.0909090936,0.300000101,7.69888065e-05,-0.0140678305,10829
31557,-0.0282632597,195.690002,0.298229456,0.0607856922,0.169322416,-0.00166426902,-0.000105647938,0.142857149,0.300000101,8.35003375e-05,-0.0163828954,10988
31558,-0.0313998125,213.639999,0.287893355,0.0624514893,0.169142962,-0.00151047285,-0.00012860827,0,0.300000101,8.72699384e-05,-0.0150612472,9845
31559,-0.0190015659,258.320007,0.324553937,0.0591088049,0.178081959,-0.0018177235,-0.000140761695,0.0833333358,0.300000101,0.000127884821,-0.0164038409,10240
31560,-0.0299846567,232.050003,0.295746863,0.0661583841,0.188858032,-0.00145398697,-0.00012325542,0.0476190485,0.300000101,6.36221375e-05,-0.0179612786,10946
31561,-0.0403986983,190.029999,0.247721151,0.0593930669,0.174083993,-0.00136307429,-0.000146351085,0,0.300000101,7.48389502e-05,-0.0157586541,10658
31562,-0.0260548145,200.270004,0.307138026,0.0551988706,0.180281758,-0.00176791754,-0.000100197336,0.181818187,0.300000101,9.15781056e-05,-0.016358573,10648
31563,-0.0156746618,202.169998,0.260755509,0.0578207299,0.181120366,-0.00137619115,-9.64919382e-05,0,0.300000101,7.54539651e-05,-0.0156978965,10795
31564,-0.0322313197,181.25,0.26047951,0.0615287274,0.178956568,-0.00142942881,-0.000127100531,0.0454545468,0.300000101,8.37804982e-05,-0.0166613497,10935
31565,-0.0336327925,189.839996,0.257192492,0.0554262623,0.186661407,-0.00160487625,-0.000100712023,0.13636364,0.300000101,7.67640158e-05,-0.0169762485,10927
31566,-0.032308843,177.399994,0.25623247,0.050904803,0.17892012,-0.00148536672,-0.000115727707,0.0476190485,0.300000101,7.24624697e-05,-0.0162726529,10715
31567,-0.0287224557,173.479996,0.211914733,0.0475677811,0.178822219,-0.00104521308,-8.42799564e-05,0.0500000007,0.300000101,7.93412182e-05,-0.0147393886,11005
31568,-0.0384558924,158.690002,0.22151649,0.0502185076,0.174986467,-0.00112411578,-8.68162388e-05,0,0.300000101,8.54569516e-05,-0.0175555348,10793
31569,-0.0346769616,167.339996,0.261449724,0.0572996996,0.177018985,-0.00161825411,-0.000107491738,0.095238097,0.300000101,7.53319109e-05,-0.0178200901,10947
31570,-0.0278394185,231.119995,0.321363807,0.0656471178,0.17217049,-0.0016339164,-0.000128848027,0.0909090936,0.300000101,7.20891767e-05,-0.0147082787,10919
31571,-0.047721643,167.869995,0.168441504,0.0508884154,0.170079112,-0.00103698624,-0.000112655078,0.0476190485,0.300000101,6.77516364e-05,-0.0176225584,10957
31572,-0.048278667,155.949997,0.268237084,0.0615097545,0.167340681,-0.00138742733,-0.000107588494,0.157894731,0.300000101,7.5751952e-05,-0.0139625156,10861
31573,-0.0245817509,186.210007,0.192488298,0.0498341322,0.163570672,-0.00105217507,-0.000100300524,0.0833333358,0.300000101,8.58174535e-05,-0.0146111744,10929
31574,-0.0284430739,187.839996,0.264825195,0.0547030494,0.165992722,-0.00142638339,-0.000119132637,0.0869565234,0.300000101,7.06697028e-05,-0.0181722455,10262
31575,-0.0312274862,194.699997,0.23036997,0.0592953749,0.163765952,-0.00109325652,-9.76690426e-05,0.0500000007,0.300000101,9.38901867e-05,-0.0171399936,10882
31576,-0.0289176665,215.419998,0.268826574,0.060910929,0.170688689,-0.001476684,-0.000109753797,0.0500000007,0.300000101,7.13717745e-05,-0.013549828,10755
31577,-0.0242276769,207.179993,0.313237071,0.0604750328,0.177457213,-0.00188124715,-0.000138447154,0.0476190485,0.300000101,8.1834638e-05,-0.0177101195,10891
31578,-0.0303904098,187.490005,0.207045212,0.0472629145,0.174925506,-0.00125520455,-9.95921437e-05,0.095238097,0.300000101,9.82534548e-05,-0.0143783363,10923
31579,-0.0301665664,253.429993,0.300804675,0.0655839667,0.179077238,-0.00196950324,-0.000129894121,0.181818187,0.300000101,0.000104466533,-0.0145475417,10799
31580,-0.0234001651,212.289993,0.252319574,0.0561246797,0.179450065,-0.00132003182,-0.000129186868,0.208333343,0.300000101,6.3006366e-05,-0.0155825866,10753
31581,-0.0393369496,181.610001,0.209299922,0.0603398457,0.178959176,-0.00117592316,-0.000120155819,0.0869565234,0.300000101,9.05829729e-05,-0.0152306892,10917
31582,-0.0341956615,208.960007,0.211236194,0.0558436029,0.173597381,-0.00118618167,-9.41799153e-05,0,0.300000101,8.17002947e-05,-0.0152805261,11041
31583,-0.0347473174,201.800003,0.299081743,0.0559781268,0.183490321,-0.00167233124,-0.000110294204,0.181818187,0.300000101,7.69022809e-05,-0.0147290714,10642
31584,-0.029380789,203.539993,0.20429875,0.0557040684,0.183057398,-0.00124479248,-0.000107310763,0.157894731,0.300000101,6.39436985e-05,-0.0141487652,10943
31585,-0.0388469957,186.889999,0.215060696,0.0616370365,0.181390584,-0.0013323134,-0.000113459406,0.0454545468,0.300000101,8.86954222e-05,-0.0152571388,10397
31586,-0.0383988135,197.399994,0.241187766,0.0549491458,0.180900842,-0.00157267763,-0.000114266477,0.130434781,0.300000101,8.75760597e-05,-0.0181806311,10640
31587,-0.0437715687,190.509995,0.227285787,0.0603731349,0.179031163,-0.00144631008,-0.000108663713,0.0909090936,0.300000101,8.20207933e-05,-0.0165883396,10724
31588,-0.0376588665,209.880005,0.252050191,0.0596907884,0.175725982,-0.00158557296,-0.000104579347,0.095238097,0.300000101,8.19322377e-05,-0.0165820923,10966
31589,-0.0186390448,256.869995,0.335948586,0.0589633659,0.177614748,-0.00184166501,-0.000124066923,0.291666687,0.300000101,6.27777699e-05,-0.0162911899,10567
31590,-0.0269425344,260.959991,0.312658757,0.0679171458,0.171628714,-0.00218556239,-0.000146963546,0.100000001,0.300000101,8.70739968e-05,-0.0164641738,10954
31591,-0.0353752002,208.820007,0.271091938,0.0597885549,0.177970529,-0.00147326232,-0.000105640196,0.0416666679,0.300000101,7.87532044e-05,-0.016227359,10622
31592,-0.0365217477,181.649994,0.171448216,0.049898386,0.192408964,-0.000998861971,-9.23134503e-05,0.0833333358,0.300000101,0.000108432345,-0.015694499,10369
31593,-0.0366873704,179.539993,0.223312005,0.057681229,0.178032443,-0.00123858766,-0.000105423918,0.130434781,0.300000101,0.000108292101,-0.0159245972,10283
31594,-0.0374317728,162.460007,0.205907151,0.0536526404,0.190915287,-0.00139844452,-0.000103679733,0.166666672,0.300000101,6.61666199e-05,-0.0149546824,10709
31595,-0.0424606428,187.399994,0.288447171,0.0583647862,0.187346607,-0.00182644802,-0.000118897144,0.130434781,0.300000101,7.57882299e-05,-0.0166508406,8580
31596,-0.0530994199,124.139999,0.181346208,0.0558957756,0.176709816,-0.00109740463,-0.000104756866,0,0.300000101,7.37790688e-05,-0.0148797575,10720
31597,-0.0371683538,156.679993,0.245025918,0.0545861609,0.178658351,-0.00161887147,-0.00012159883,0.150000006,0.300000101,7.09089145e-05,-0.0158022027,11052
31598,-0.0240869634,221.399994,0.268920958,0.0590178743,0.181904837,-0.00174077821,-0.000129786946,0.095238097,0.300000101,5.86941751e-05,-0.0172706116,10991
31599,-0.0342208147,203.199997,0.214351445,0.0528336763,0.181933686,-0.00154475775,-0.000104490318,0.173913047,0.300000101,0.000100533885,-0.014474839,10708
31600,-0.0305163097,213.130005,0.254531354,0.0572567768,0.17835778,-0.00148501119,-0.000106511077,0.181818187,0.300000101,7.92564169e-05,-0.0151690943,10552
31601,-0.0344092697,209.009995,0.256221533,0.0580912195,0.174253732,-0.001712283,-0.000120776458,0.0909090936,0.300000101,7.19747986e-05,-0.0148673011,10865
31602,-0.0361850001,200.100006,0.267934442,0.0598042123,0.173503399,-0.00147253822,-0.000114052484,0.0909090936,0.300000101,0.000101600141,-0.0166607406,10529
31603,-0.03764157,184.860001,0.205525324,0.0535153747,0.181627899,-0.00118025288,-0.000103767961,0.0434782617,0.300000101,7.5964148e-05,-0.0153218359,10402
31604,-0.0378027409,192.229996,0.254034102,0.0615491383,0.185011834,-0.00162090664,-0.000128360625,0,0.300000101,9.28985683e-05,-0.0156934075,10734
31605,-0.0373677984,207.729996,0.285805106,0.0617112853,0.185843349,-0.00176070724,-0.000122225931,0.0909090936,0.300000101,0.000100406229,-0.0157150831,10910
31606,-0.0371383913,186.899994,0.243808746,0.0557857603,0.183423996,-0.00152344594,-0.000120254081,0,0.300000101,6.35371398e-05,-0.0159744713,10707
31607,-0.0404309295,176.110001,0.236394987,0.0584337004,0.168954656,-0.00162674394,-0.000121469995,0,0.300000101,6.64865729e-05,-0.0134648625,10872
31608,-0.0334849991,160.470001,0.209665775,0.0539380461,0.17468971,-0.00163436588,-9.36879151e-05,0.130434781,0.300000101,6.9579386e-05,-0.014367369,10545
31609,-0.043580465,164.330002,0.255037218,0.0670521632,0.171031594,-0.00159009197,-0.000130488828,0,0.300000101,7.57113303e-05,-0.0138429562,10529
31610,-0.0351155736,180.169998,0.204615593,0.0569863319,0.165760756,-0.00128141628,-0.000101627185,0.0526315793,0.300000101,7.37846349e-05,-0.0167437457,10390
31611,-0.032953158,214.25,0.308577299,0.0683331415,0.172353357,-0.00189313735,-0.000148454914,0.0454545468,0.300000101,6.48333953e-05,-0.0147429807,10709
31612,-0.0366946422,200,0.197535157,0.0558316708,0.167923138,-0.00142637256,-0.000114356073,0.095238097,0.300000101,7.03605692e-05,-0.0144539541,10859
31613,-0.0264190827,192.990005,0.246383831,0.0588641576,0.170145452,-0.00177618244,-0.000107348111,0.0869565234,0.300000101,9.66201333e-05,-0.0138028758,10851
31614,-0.0240831748,207.229996,0.223994717,0.0534696281,0.18952921,-0.00145919737,-9.69005923e-05,0.173913047,0.300000101,9.29756425e-05,-0.0156195108,10859
31615,-0.0258778203,193.110001,0.196263552,0.0598172508,0.181032225,-0.00144516001,-0.000117689946,0.0909090936,0.300000101,5.88888252e-05,-0.0168927126,10975
31616,-0.0360009558,151.479996,0.156665757,0.0508511215,0.182022393,-0.00110940542,-0.000112603549,0.173913047,0.300000101,6.28206544e-05,-0.0127847753,10830
31617,-0.0344950147,170.600006,0.280294925,0.052234754,0.175158799,-0.00191249955,-0.000123436272,0.0476190485,0.300000101,7.77689347e-05,-0.0156503916,10886
31618,-0.0109576657,253.720001,0.298226416,0.058540415,0.177450657,-0.00204973179,-8.800043e-05,0.125,0.300000101,8.6348824e-05,-0.0154356156,10574
31619,-0.0222026464,220.970001,0.235650524,0.0541644804,0.177012563,-0.00160924566,-0.000105285762,0.0476190485,0.300000101,7.83916985e-05,-0.0161867309,10884
31620,-0.034387093,184.279999,0.204404563,0.0556818247,0.179388314,-0.00127557316,-0.000118912838,0.0416666679,0.300000101,7.37440278e-05,-0.0160998572,10789
31621,-0.0449520834,164.960007,0.207093835,0.0528764389,0.179428488,-0.00134690211,-9.83676655e-05,0.238095239,0.300000101,9.53498602e-05,-0.0167690851,11086
31622,-0.04246727,151.070007,0.213431939,0.0596191324,0.177956209,-0.00148268067,-0.000119824348,0.0869565234,0.300000101,6.31155854e-05,-0.0177450757,10932
31623,-0.0402696058,157.600006,0.218471617,0.0550306588,0.175264776,-0.00121266406,-9.30645183e-05,0.0476190485,0.300000101,6.28811176e-05,-0.0180044696,10924
31624,-0.0274904445,195.809998,0.280743003,0.0610798411,0.173480436,-0.00177192269,-0.000114527786,0.130434781,0.300000101,9.18027727e-05,-0.015729133,10855
31625,-0.0161550995,220.830002,0.260301918,0.0635539442,0.184584707,-0.00144385779,-0.00011744834,0.130434781,0.300000101,7.95232627e-05,-0.0159247369,10702
31626,-0.0316940472,168.110001,0.193898544,0.0551247895,0.171662375,-0.00128805032,-0.000101993108,0.095238097,0.300000101,5.85851085e-05,-0.0144557655,10881
31627,-0.0248203278,208.520004,0.277632594,0.0639058053,0.173965856,-0.00162321317,-0.000115186616,0.0909090936,0.300000101,6.01557185e-05,-0.0160519611,10817
31628,-0.0220660251,227.139999,0.256426334,0.0601756684,0.176188439,-0.00162782695,-0.000116060786,0.181818187,0.300000101,8.14772866e-05,-0.0156387631,10905
31629,-0.0252858363,177.380005,0.217756316,0.0570148155,0.168140262,-0.0013401485,-9.12199248e-05,0.166666672,0.300000101,7.50044055e-05,-0.0152074564,10553
31630,-0.0181918442,216.009995,0.293223649,0.060848102,0.173886627,-0.0016987765,-0.000107207779,0.260869563,0.300000101,6.97739961e-05,-0.0156998392,10562
31631,-0.0300713051,198.460007,0.19842653,0.0548303463,0.179901987,-0.00118494441,-0.000102563994,0.0909090936,0.300000101,6.80739395e-05,-0.0146565447,10847
31632,-0.0379816405,174.669998,0.245919257,0.0667892098,0.178288028,-0.00144963374,-0.000117424403,0.0909090936,0.300000101,6.88448417e-05,-0.0145903099,10929
31633,-0.039817933,166.360001,0.234897375,0.0536695421,0.18223463,-0.00142811891,-9.6396594e-05,0.166666672,0.300000101,7.33907946e-05,-0.0171440244,10569
31634,-0.0214520935,188.729996,0.200637937,0.0539079607,0.179123849,-0.00115667738,-8.88931972e-05,0.166666672,0.300000101,5.83991314e-05,-0.014598134,10453
31635,-0.0189338643,196.320007,0.216331869,0.0533888005,0.17569077,-0.00134119007,-9.3323295e-05,0.150000006,0.300000101,8.25613752e-05,-0.0148495324,10673
31636,-0.0240275022,204.279999,0.19786045,0.0510185324,0.175584301,-0.00135505188,-0.000101982951,0.125,0.300000101,8.53933234e-05,-0.0148462914,10644
31637,-0.0395748764,182,0.223419487,0.0529231094,0.183880806,-0.00136722357,-0.000108184802,0.0869565234,0.300000101,9.07970752e-05,-0.0163886566,10619
31638,-0.0296996832,224.320007,0.276451081,0.0589651279,0.184056804,-0.00181368319,-0.000100893361,0.142857149,0.300000101,7.72555213e-05,-0.0157637969,10702
31639,-0.0375026874,181.070007,0.193017289,0.0511985719,0.178806901,-0.00127621018,-9.4259216e-05,0.0454545468,0.300000101,6.7003326e-05,-0.0142976092,9872
31640,-0.0312680379,195.440002,0.246235982,0.0627008602,0.166445732,-0.00166515447,-9.87782332e-05,0.238095239,0.300000101,5.91286589e-05,-0.0154716345,9724
31641,-0.0301547144,214.550003,0.247684613,0.0604679212,0.17662105,-0.0013954516,-0.0001233683,0.0476190485,0.300000101,9.71190457e-05,-0.0110806916,9397
31642,-0.0375161879,212.630005,0.254169166,0.058026664,0.179830834,-0.00149400695,-0.000123852762,0.0833333358,0.300000101,0.000106472711,-0.0173101164,8695
31643,-0.0197974034,209.279999,0.224061251,0.0534108281,0.179817379,-0.00139210315,-9.2080445e-05,0.125,0.300000101,7.55036745e-05,-0.0163713004,9790
31644,-0.0245060436,167.460007,0.177585691,0.051994998,0.182375997,-0.00112498517,-9.02144966e-05,0.0869565234,0.300000101,7.94663501e-05,-0.0169013012,10876
31645,-0.0302547216,175.679993,0.225485355,0.0523309819,0.175007865,-0.00167034857,-8.94554614e-05,0.0476190485,0.300000101,7.40131727e-05,-0.0154724149,10546
31646,-0.0285748728,211.839996,0.307674766,0.0595851168,0.180918068,-0.00190572545,-0.000133852882,0.13636364,0.300000101,6.63233732e-05,-0.0153088663,10737
31647,-0.0204556603,219.589996,0.237621829,0.049944289,0.170461953,-0.00145256054,-0.000102408048,0.0869565234,0.300000101,7.18808224e-05,-0.0141171599,10745
31648,-0.0278277285,176.949997,0.208086208,0.0512594357,0.173760518,-0.00155610242,-0.000105766514,0.0500000007,0.300000101,8.16016836e-05,-0.016568074,10989
31649,-0.0301164929,202.869995,0.29145813,0.0587971136,0.180842072,-0.00186988607,-0.000112314468,0.0833333358,0.300000101,7.9729587e-05,-0.0153949996,10613
31650,-0.0337475836,195.600006,0.21939601,0.0519769117,0.178204983,-0.00141639076,-0.000111051821,0.0454545468,0.300000101,7.78893591e-05,-0.0178787671,10596
31651,-0.0335738063,201.660004,0.249374554,0.0537713431,0.184990525,-0.00174390723,-0.000117701646,0.0869565234,0.300000101,6.79763471e-05,-0.0143565098,10597
31652,-0.0395269357,184.070007,0.262398541,0.0532145463,0.177077264,-0.0017801139,-9.91881097e-05,0.0416666679,0.300000101,7.50782638e-05,-0.0100163408,9469
31653,-0.0246906765,187.399994,0.218925104,0.0541491993,0.174375936,-0.00152663386,-0.000111196649,0.173913047,0.300000101,7.37861264e-05,-0.0169672091,10492
31654,-0.040828757,149.520004,0.209396824,0.0542520694,0.174272329,-0.00112845958,-0.000114994873,0,0.300000101,6.43072708e-05,-0.0154098244,10708
31655,-0.0210768227,183.300003,0.256621331,0.0599639751,0.171530306,-0.0016291081,-0.000107893407,0.13636364,0.300000101,6.73079994e-05,-0.0164578762,10278
31656,-0.030857347,159.490005,0.173318103,0.0498888828,0.16838631,-0.00123759394,-9.53756389e-05,0,0.300000101,6.41237566e-05,-0.0152592789,10448
31657,-0.0259551406,195.559998,0.254162341,0.0574921109,0.169545174,-0.00169843761,-9.93606518e-05,0.130434781,0.300000101,7.69924736e-05,-0.0168661084,9666
31658,-0.027451029,181.259995,0.201436296,0.049593702,0.176761359,-0.00135067909,-9.40089813e-05,0.173913047,0.300000101,6.52506278e-05,-0.0157995764,10490
31659,-0.0434074923,114.019997,0.186711311,0.0466655269,0.179993808,-0.00130436709,-0.00010767654,0,0.300000101,6.41379957e-05,-0.0173285324,10273
31660,-0.0245623272,190.119995,0.224413425,0.0560309999,0.179458484,-0.00157093129,-0.000103456558,0.130434781,0.300000101,7.86037417e-05,-0.0131526981,10501
31661,-0.0207619742,210.949997,0.217548698,0.0504063889,0.178269312,-0.00148213422,-0.000107248721,0.125,0.300000101,7.20980097e-05,-0.0148489755,10277
31662,-0.0307950471,164.119995,0.146584466,0.0452477075,0.170807123,-0.00102443236,-9.29902453e-05,0,0.300000101,6.48204295e-05,-0.0172996968,8946
31663,-0.0336374454,159.630005,0.257702202,0.0597408824,0.173154697,-0.00168836722,-0.000103027218,0,0.300000101,7.57319795e-05,-0.0176460631,10693
31664,-0.0300607253,176.199997,0.205565646,0.057147339,0.18114686,-0.00132043147,-0.000104108905,0.130434781,0.300000101,7.15786082e-05,-0.0129860258,10490
31665,-0.0217375793,192.440002,0.268396825,0.0526828766,0.179247722,-0.00175713422,-9.87631429e-05,0.0416666679,0.300000101,7.4550866e-05,-0.0165322665,10186
31666,-0.0280132331,209.570007,0.259094536,0.0530252606,0.177545995,-0.00160798326,-0.000103761289,0.125,0.300000101,7.22196492e-05,-0.0164884105,10384
31667,-0.0295933634,157.570007,0.214748144,0.0539272726,0.184607744,-0.00137805694,-0.000101237732,0.125,0.300000101,7.28701707e-05,-0.0174919758,9815
31668,-0.0320324451,150.029999,0.223272234,0.0478956476,0.174651235,-0.00144840684,-9.38616431e-05,0.095238097,0.300000101,5.19783425e-05,-0.0180154592,10771
31669,-0.0285850614,180.360001,0.202343062,0.0455905646,0.171232641,-0.00135336921,-9.05803245e-05,0.0476190485,0.300000101,6.75861957e-05,-0.014383099,11031
31670,-0.031366989,179.089996,0.243674457,0.0502205566,0.172706962,-0.00168700318,-0.000122256766,0.0909090936,0.300000101,5.65173323e-05,-0.0172735229,10853
31671,-0.0337799042,204.029999,0.315358251,0.0610660911,0.169481486,-0.00201264676,-0.000127214327,0.130434781,0.300000101,7.9106132e-05,-0.0160349291,10676
31672,-0.0329296775,197.039993,0.190821871,0.0510388352,0.171705887,-0.00115325709,-9.90308472e-05,0.0454545468,0.300000101,7.49546743e-05,-0.015562647,10665
31673,-0.0352754444,185.619995,0.235093758,0.0603621006,0.178717971,-0.0015230875,-0.000128935993,0.0416666679,0.300000101,8.95279081e-05,-0.0145541094,10757
31674,-0.0285985749,223.410004,0.242586941,0.0566656739,0.178833961,-0.00156556582,-9.61083861e-05,0.125,0.300000101,8.264801e-05,-0.0157549065,10548
31675,-0.0257862899,238.860001,0.295242786,0.0548772924,0.178423405,-0.00188969017,-0.00010237893,0.13636364,0.300000101,7.50042673e-05,-0.0158745125,10456
31676,-0.0173967965,220.100006,0.229108334,0.0536914244,0.17620872,-0.00132975436,-0.000105648061,0.130434781,0.300000101,6.51837618e-05,-0.0165513512,10619
31677,-0.0170194972,230.550003,0.209041104,0.0564202741,0.170922279,-0.00123146689,-0.000106277803,0.13636364,0.300000101,6.36285477e-05,-0.0138462661,10762
31678,-0.0241574161,202.600006,0.196748942,0.0512395278,0.17697756,-0.00118003087,-9.67270098e-05,0.166666672,0.300000101,6.74642506e-05,-0.0166268982,10579
31679,-0.0301018022,149.630005,0.230466425,0.0529125109,0.17735438,-0.00127227651,-0.000102428661,0.0869565234,0.300000101,5.66623567e-05,-0.0141760688,10625
31680,-0.0336674973,149.559998,0.210799113,0.0460758992,0.175969824,-0.00160319835,-8.6410364e-05,0.0588235296,0.300000101,6.78733195e-05,-0.0163225643,11197
31681,-0.0342036299,174.139999,0.243714839,0.0556466691,0.165179774,-0.00154225633,-0.000127347448,0.0869565234,0.300000101,7.16354552e-05,-0.0153289186,10723
31682,-0.0302575789,179.839996,0.199441954,0.0533003286,0.168949828,-0.00120166084,-0.000103803119,0.0833333358,0.300000101,6.74447219e-05,-0.0146472799,10453
31683,-0.0339850709,174.880005,0.243941993,0.0539391115,0.163702577,-0.00136163144,-0.000134846981,0.0476190485,0.300000101,5.67694879e-05,-0.015494518,10664
31684,-0.030143667,172.830002,0.222239122,0.0479942113,0.168911621,-0.00136455358,-0.000113734808,0.111111112,0.300000101,7.06601204e-05,-0.0142503893,10724
31685,-0.0237680394,224.160004,0.290822178,0.0572950467,0.171294093,-0.00156003633,-0.00011131019,0.105263159,0.300000101,6.73061586e-05,-0.0180391427,10794
31686,-0.0271265954,186.710007,0.158818275,0.0449660905,0.175444007,-0.000925834756,-8.54933533e-05,0.0454545468,0.300000101,6.04660745e-05,-0.0161511377,10706
31687,-0.0211067088,224.550003,0.27482909,0.0604645275,0.180760145,-0.00158629019,-0.000119547229,0.0869565234,0.300000101,9.25689164e-05,-0.0169645939,10760
31688,-0.023152614,197.789993,0.235346973,0.052672632,0.177137375,-0.00136106461,-0.000102631537,0.0416666679,0.300000101,8.36534164e-05,-0.0151897008,10572
31689,-0.0388250314,138.679993,0.207699955,0.0556004979,0.178965896,-0.00113012339,-0.000118021868,0,0.300000101,7.30784377e-05,-0.0164001603,10658
31690,-0.0338209309,173.860001,0.226229101,0.0524930842,0.178166091,-0.00127586781,-0.000106530613,0.0476190485,0.300000101,6.39066784e-05,-0.01696641,10024
31691,-0.0269030686,184.839996,0.18745859,0.0569149181,0.175850272,-0.00102386624,-0.000123832608,0.13636364,0.300000101,6.3560401e-05,-0.0147255473,10061
31692,-0.0281810034,143.050003,0.176747292,0.0474883318,0.169904932,-0.00100192544,-8.30999197e-05,0,0.300000101,6.68524663e-05,-0.014428284,10225
31693,-0.0252314284,191.929993,0.24387452,0.0575798564,0.174482763,-0.00132613978,-0.000101530226,0.0454545468,0.300000101,7.24496931e-05,-0.017174473,10752
31694,-0.0250875317,183.520004,0.228922024,0.0519672073,0.17815128,-0.00122854218,-9.82490601e-05,0.0869565234,0.300000101,7.37908558e-05,-0.0162616167,10726
31695,-0.027866777,171.949997,0.192357868,0.048859857,0.175997525,-0.000983782695,-9.03380278e-05,0.0909090936,0.300000101,7.55509536e-05,-0.0154373152,8207
31696,-0.0227612592,166.899994,0.22385329,0.0516936481,0.176647335,-0.0012788868,-9.85941952e-05,0.0454545468,0.300000101,6.45381369e-05,-0.0150848469,10692
31697,-0.0357598364,133.410004,0.170906544,0.0525499023,0.1880797,-0.000888841401,-0.000101700527,0,0.300000101,7.82645438e-05,-0.0169123374,10750
31698,-0.040099293,153.300003,0.184430599,0.0504654869,0.181718037,-0.00109939254,-0.000101524463,0.0416666679,0.300000101,7.23525955e-05,-0.0166624095,10480
31699,-0.0276604872,176.479996,0.236151263,0.0481852926,0.189817339,-0.00134291616,-9.69653192e-05,0.130434781,0.300000101,9.26034336e-05,-0.0167809017,10432
31700,-0.0317890905,164.009995,0.195282847,0.0470281318,0.174140155,-0.00112400157,-0.000106823762,0.0833333358,0.300000101,6.74848634e-05,-0.0170002449,10467
31701,-0.0421689488,125.849998,0.181519598,0.051893007,0.176865786,-0.00113362051,-9.55165233e-05,0.0416666679,0.300000101,5.72094068e-05,-0.0186352897,10174
31702,-0.024725372,171.610001,0.208971903,0.0533097051,0.172957644,-0.00123301824,-0.000105206025,0.125,0.300000101,7.296283e-05,-0.0148971612,10590
31703,-0.0242623221,194,0.223237947,0.0535953008,0.177960366,-0.00143450208,-0.000116433563,0.130434781,0.300000101,7.95650558e-05,-0.0162864048,10490
31704,-0.0239607841,210.850006,0.270848721,0.0607064292,0.173937172,-0.0013692514,-0.000131877459,0.0869565234,0.300000101,5.78799409e-05,-0.017098479,10540
31705,-0.0272992197,186.110001,0.20535405,0.0511967279,0.171042606,-0.0013133476,-0.000106522362,0,0.300000101,8.26537071e-05,-0.0180215538,10391
31706,-0.0232694056,185.809998,0.219189212,0.048309043,0.176687807,-0.00128243398,-0.000109479442,0.0434782617,0.300000101,7.54793145e-05,-0.0153597426,9764
31707,-0.0179826133,195.449997,0.253722042,0.0552576222,0.178606629,-0.00139488804,-9.98012474e-05,0.130434781,0.300000101,8.38018314e-05,-0.013742866,9482
31708,-0.0295250099,201.539993,0.290694624,0.0660301,0.183307916,-0.0016056489,-0.000114348833,0.0416666679,0.300000101,6.7757137e-05,-0.0170773827,9972
31709,-0.0245987419,194.949997,0.206631169,0.0496896878,0.17332232,-0.00115158618,-9.1484384e-05,0.130434781,0.300000101,7.52593332e-05,-0.0169728212,10528
31710,-0.0319064967,186.289993,0.206633911,0.0513389818,0.171432525,-0.00119962299,-9.59072495e-05,0.0416666679,0.300000101,5.62118476e-05,-0.0153157609,10131
31711,-0.0336438231,198.149994,0.296586722,0.0658543259,0.168567181,-0.00153995433,-0.00013568782,0.208333343,0.300000101,5.74892074e-05,-0.0181382447,10189
31712,-0.0254367273,192.720001,0.209975854,0.0501166806,0.181320757,-0.0011947786,-9.55339274e-05,0.0909090936,0.300000101,5.77046994e-05,-0.0164820403,10103
31713,-0.0288379267,184.119995,0.20976238,0.0465648398,0.178556561,-0.00125307695,-0.000104359082,0.105263159,0.300000101,5.84867194e-05,-0.0160174035,11005
31714,-0.0283744074,166.330002,0.171606451,0.0393251851,0.176707,-0.00107343704,-7.4412048e-05,0.0476190485,0.300000101,8.41465371e-05,-0.0151096852,10862
31715,-0.00998364389,216.009995,0.233968228,0.0504042208,0.181189448,-0.0014503873,-9.24556371e-05,0.125,0.300000101,6.80250741e-05,-0.016991524,10449
31716,-0.0201928373,174.669998,0.200134233,0.0469148271,0.179783985,-0.00130691484,-9.43613923e-05,0.0454545468,0.300000101,6.45407054e-05,-0.0168393143,10729
31717,-0.0308120884,142.619995,0.196856335,0.056575615,0.174654484,-0.00104095694,-0.000122492158,0.0909090936,0.300000101,8.40305875e-05,-0.0146918064,10732
31718,-0.0239964966,164.850006,0.206662178,0.0478226691,0.173599765,-0.00126917195,-9.0920199e-05,0.0869565234,0.300000101,6.07312941e-05,-0.0146436989,10470
31719,-0.0189651195,181.729996,0.211032957,0.0460419059,0.173198313,-0.00134876021,-8.95351477e-05,0.173913047,0.300000101,5.7038611e-05,-0.0177355204,10594
31720,-0.0231480654,186.190002,0.213312909,0.0465550758,0.175197333,-0.0014235269,-0.000103533886,0.13636364,0.300000101,6.24997047e-05,-0.0154199023,10906
31721,-0.0267361253,185.330002,0.239587873,0.0557468906,0.173824549,-0.00143112405,-0.000106747837,0.125,0.300000101,6.85237173e-05,-0.0177477784,10684
31722,-0.0209661294,186.020004,0.204383731,0.0477794707,0.173887119,-0.00122057553,-9.89780165e-05,0.0416666679,0.300000101,8.49847056e-05,-0.0161715932,10600
31723,-0.039987836,145.970001,0.166344449,0.0503110737,0.175832331,-0.000951514347,-9.49378446e-05,0.0416666679,0.300000101,6.32757728e-05,-0.0138669182,10369
31724,-0.0435791165,131.639999,0.201235816,0.0493928269,0.175806522,-0.00129611453,-8.81525411e-05,0.0434782617,0.300000101,5.67035459e-05,-0.0155341448,10636
31725,-0.0337999612,147.850006,0.161887586,0.0474883318,0.175957769,-0.00105321524,-8.76194463e-05,0,0.300000101,6.51332157e-05,-0.0172636509,10598
31726,-0.0323075876,151.690002,0.21234417,0.0517009571,0.173406303,-0.00127512345,-9.61766636e-05,0.0476190485,0.300000101,6.32904848e-05,-0.0161131881,10929
31727,-0.0134416567,197.440002,0.210301563,0.0457837209,0.175327539,-0.00132896658,-9.33665942e-05,0.0454545468,0.300000101,7.8103265e-05,-0.0131210182,10790
31728,-0.02918493,174.820007,0.152458459,0.044695504,0.178748101,-0.000945531821,-9.18736041e-05,0,0.300000101,7.42841221e-05,-0.0148325022,10854
31729,-0.0364499539,161.720001,0.215766743,0.0491092727,0.172837168,-0.0013097527,-0.000104133876,0.100000001,0.300000101,6.09799572e-05,-0.0154245505,10705
31730,-0.0109271463,249.710007,0.334246933,0.0614441708,0.164300501,-0.00229083886,-0.000114212482,0.217391312,0.300000101,6.75078554e-05,-0.015392255,10657
31731,-0.0245099347,185.699997,0.194707274,0.0558969863,0.173140973,-0.00122287939,-9.13843687e-05,0.130434781,0.300000101,6.02235414e-05,-0.0159018002,10748
31732,-0.0250112545,216.119995,0.340945363,0.0614543594,0.171683788,-0.00200580456,-0.000136345901,0.173913047,0.300000101,6.13995362e-05,-0.0188938007,10347
31733,-0.0179243609,188.800003,0.149154454,0.0415045172,0.170039415,-0.00107202714,-7.25028585e-05,0,0.300000101,8.54493774e-05,-0.0163163543,10488
31734,-0.0266158264,173.949997,0.217011034,0.0507782139,0.166359648,-0.00139428594,-0.000106958483,0.0869565234,0.300000101,6.39348e-05,-0.0160935409,10555
31735,-0.0333758965,179.610001,0.258095801,0.055975344,0.168122023,-0.00168459525,-0.00010714501,0.0434782617,0.300000101,8.49611824e-05,-0.0136744902,10392
31736,-0.0279616602,202.289993,0.226951912,0.0543533526,0.173924297,-0.00143621617,-0.000111020694,0.0500000007,0.300000101,8.03108342e-05,-0.0140382089,10871
31737,-0.0280700717,184.649994,0.222128168,0.0503755771,0.174986601,-0.00155286537,-0.00011689309,0,0.300000101,7.32775588e-05,-0.0155982329,10743
31738,-0.02612013,170.919998,0.187111437,0.0489034057,0.181961983,-0.00120034011,-9.98935429e-05,0,0.300000101,7.44441058e-05,-0.0142136598,10642
31739,-0.0293526892,193.850006,0.203530058,0.0516304821,0.176118597,-0.001316151,-0.000101081721,0.0909090936,0.300000101,5.94641315e-05,-0.0164358243,10792
31740,-0.0424776934,134.050003,0.167557448,0.0469051152,0.179333016,-0.00110006367,-9.53866474e-05,0.0434782617,0.300000101,6.85963751e-05,-0.0155988876,10392
31741,-0.0438407585,131.580002,0.147348806,0.0465754755,0.172969684,-0.00104176323,-8.98360668e-05,0.0454545468,0.300000101,5.92409597e-05,-0.0149413692,10752
31742,-0.0327209309,153.75,0.196152121,0.047482457,0.169342846,-0.00136146182,-9.10197778e-05,0.142857149,0.300000101,6.85062696e-05,-0.0157989394,10601
31743,-0.0355291888,162.210007,0.228830516,0.0601879545,0.17774713,-0.00126132555,-0.000107355823,0.0454545468,0.300000101,7.32859116e-05,-0.0155782551,10706
31744,-0.029170638,151.220001,0.192219138,0.052282542,0.172630459,-0.0011660459,-9.82947458e-05,0.0416666679,0.300000101,5.49425677e-05,-0.0162785314,10363
31745,-0.0292124264,167.399994,0.192767799,0.0486378372,0.164275736,-0.00112557178,-8.01726928e-05,0.0909090936,0.300000101,6.17777187e-05,-0.016826814,10761
31746,-0.0174073596,193.059998,0.24850747,0.051184319,0.168090984,-0.00166539638,-9.63934435e-05,0.0833333358,0.300000101,6.60959704e-05,-0.0147222439,10484
31747,-0.0147661082,208.539993,0.222200453,0.0483181141,0.171828926,-0.00152691174,-0.00010109751,0.0833333358,0.300000101,6.72401002e-05,-0.0141497981,10092
31748,-0.0291607827,165.619995,0.180696756,0.0500560477,0.176144242,-0.00112691685,-9.32357289e-05,0.181818187,0.300000101,5.40469337e-05,-0.0151078254,10237
31749,-0.0138109624,206.660004,0.242791459,0.0494014286,0.174495563,-0.00157471909,-9.22351319e-05,0.166666672,0.300000101,7.61953488e-05,-0.0151760038,10756
31750,-0.02929499,156.559998,0.214644939,0.0515701286,0.170097798,-0.00147453602,-0.000101326346,0.125,0.300000101,6.09520503e-05,-0.0168950465,10445
31751,-0.0327873491,178.190002,0.224219367,0.0544591211,0.169112653,-0.00150859193,-0.00011264209,0.0869565234,0.300000101,4.70064879e-05,-0.017757047,10607
31752,-0.0378213413,149.009995,0.177111611,0.0471435003,0.163444832,-0.00116284005,-9.58940363e-05,0.125,0.300000101,8.52497469e-05,-0.0140486453,10149
31753,-0.0368764326,121.790001,0.15484868,0.0473195463,0.167181492,-0.00104200037,-8.91568343e-05,0,0.300000101,5.33773127e-05,-0.0146281552,10580
31754,-0.0336334147,127.910004,0.197641671,0.0486828871,0.165745735,-0.0014279451,-9.08782749e-05,0.0869565234,0.300000101,6.25870744e-05,-0.0158203356,10500
31755,-0.0350853242,153.100006,0.179307282,0.050470043,0.173502564,-0.00118044007,-0.000101404898,0,0.300000101,5.23281451e-05,-0.0185636636,10439
31756,-0.022125138,199.169998,0.285270542,0.0572029427,0.173696443,-0.00176981126,-9.62293198e-05,0,0.300000101,7.00489472e-05,-0.0164405331,10597
31757,-0.020459095,221.960007,0.259810448,0.0597695597,0.165677622,-0.0018710763,-0.00010373893,0.0869565234,0.300000101,6.81429592e-05,-0.0171325449,10312
31758,-0.0164119918,209.240005,0.276784062,0.0570522211,0.168212295,-0.00182585034,-0.000109429668,0.0869565234,0.300000101,5.83969195e-05,-0.0146879405,10124
31759,-0.0296876002,186.360001,0.215887249,0.051215671,0.169847876,-0.00138971035,-0.000107857646,0.0454545468,0.300000101,6.81797028e-05,-0.0137735326,9938
31760,-0.0281185247,156.660004,0.213546395,0.0462236255,0.171761245,-0.00141067314,-0.000100055768,0.13636364,0.300000101,5.46142583e-05,-0.0165424608,9604
31761,-0.0142443776,183.639999,0.174783081,0.0469542965,0.169499859,-0.00140131509,-0.000103359846,0.0909090936,0.300000101,7.46423248e-05,-0.0123314345,10568
31762,-0.0252987333,160.929993,0.190686882,0.0529338866,0.167547822,-0.00111749419,-0.000102446204,0.0416666679,0.300000101,7.18724914e-05,-0.0154324826,10521
31763,-0.0382445268,122.620003,0.186781928,0.0585466698,0.163566649,-0.00119699072,-0.000107092805,0,0.300000101,6.65216139e-05,-0.0142740328,10852
31764,-0.0419690199,134.339996,0.169665322,0.0449079014,0.172282964,-0.00125549419,-9.03100445e-05,0.0434782617,0.300000101,8.4595209e-05,-0.0152429631,10384
31765,-0.0244024117,202.470001,0.293058574,0.0520963781,0.179706141,-0.00206786371,-0.000123870443,0.0476190485,0.300000101,6.46951958e-05,-0.0172822606,10649
31766,-0.0238755941,177.419998,0.199433923,0.0520372391,0.174517393,-0.00116174726,-0.000100359044,0.0416666679,0.300000101,6.41093648e-05,-0.0127122318,10400
31767,-0.0352451056,123.660004,0.140912578,0.0465721115,0.173253119,-0.00104400585,-8.91798263e-05,0.0434782617,0.300000101,6.22081061e-05,-0.0148463054,10626
31768,-0.0289330482,151.589996,0.220491141,0.0474198237,0.169885635,-0.00158153917,-0.000102206352,0.0416666679,0.300000101,6.01091306e-05,-0.0147919152,10634
31769,-0.0317273028,181.600006,0.205446959,0.0569665171,0.168390796,-0.00133395556,-0.000112914146,0.130434781,0.300000101,7.99447807e-05,-0.0147800827,10794
31770,-0.0348382182,144.139999,0.157233953,0.0494280867,0.169788644,-0.00107684406,-9.72748894e-05,0.0416666679,0.300000101,6.62518432e-05,-0.0160468258,10754
31771,-0.0301870033,164.649994,0.2533333,0.0533719659,0.169248492,-0.00162661762,-0.000106205684,0.166666672,0.300000101,4.80016679e-05,-0.0145592438,10509
31772,-0.0237495303,182.960007,0.258808702,0.0520793609,0.167022049,-0.00167612243,-0.000100045043,0.0416666679,0.300000101,6.92774192e-05,-0.015537112,10503
31773,-0.0311803464,158.509995,0.235186264,0.0527950749,0.158960357,-0.00130535371,-0.000123138656,0.0833333358,0.300000101,4.84041193e-05,-0.0161833968,10520
31774,-0.0404240899,154.889999,0.208957762,0.0546318516,0.158810854,-0.00141123426,-0.000108042332,0.0454545468,0.300000101,7.22792975e-05,-0.0171168093,10564
31775,-0.0254048016,170.369995,0.21924223,0.0519743897,0.164126113,-0.0013037133,-9.90299013e-05,0.0434782617,0.300000101,5.8967631e-05,-0.0167013668,10730
31776,-0.0217982419,193.490005,0.268455356,0.0549328923,0.160304055,-0.00142593717,-0.000104808612,0.173913047,0.300000101,5.9820879e-05,-0.0165850036,10834
31777,-0.0214684997,162.800003,0.166109204,0.045772776,0.172501251,-0.00112726714,-0.00010189975,0.0833333358,0.300000101,5.12279148e-05,-0.015468277,10563
31778,-0.0318547077,123.949997,0.141454071,0.0425145626,0.176666379,-0.000789428945,-7.94350781e-05,0.130434781,0.300000101,7.86798628e-05,-0.0144470558,10734
31779,-0.0297126211,137.460007,0.180698037,0.0456283092,0.161818743,-0.00117476634,-0.000101726662,0.125,0.300000101,5.93238256e-05,-0.0143724764,10669
31780,-0.0215275977,149.910004,0.182316527,0.0470039956,0.166609049,-0.00101257348,-8.54114405e-05,0,0.300000101,6.57698401e-05,-0.0136072794,10683
31781,-0.0232305247,137.820007,0.172452912,0.0499583818,0.167306662,-0.000965002342,-9.22405306e-05,0,0.300000101,6.16040197e-05,-0.0157185402,10266
31782,-0.0222280622,163.539993,0.233572841,0.0543053411,0.164926395,-0.00137065887,-8.41233123e-05,0.0434782617,0.300000101,5.02844705e-05,-0.0151879089,10673
31783,-0.0292584263,149.690002,0.174212575,0.0508961491,0.162166059,-0.00101461355,-9.86830419e-05,0,0.300000101,5.36010484e-05,-0.0129523072,10566
31784,-0.0156936012,178.679993,0.212505534,0.047250472,0.160817206,-0.00127325475,-8.32576188e-05,0.25,0.300000101,6.10586867e-05,-0.0131549817,10896
31785,-0.0153861139,191.839996,0.231070921,0.0455243587,0.169832557,-0.00136882951,-8.62314046e-05,0.0454545468,0.300000101,5.92096039e-05,-0.0135533335,10693
31786,-0.0193248913,201.059998,0.275179148,0.0525073856,0.165119812,-0.00166384201,-0.000101407117,0.0454545468,0.300000101,6.84771294e-05,-0.0149189681,10810
31787,-0.010525059,220.210007,0.231164545,0.0509184711,0.171248183,-0.00153512973,-0.000107585358,0.0833333358,0.300000101,9.31667382e-05,-0.0127333282,10549
31788,-0.0275264755,160.229996,0.185429856,0.0473137721,0.179767996,-0.00110453367,-9.51220281e-05,0.0416666679,0.300000101,6.66223277e-05,-0.0158412214,10731
31789,-0.0329229422,124.830002,0.157294989,0.0429170653,0.1686441,-0.000943208113,-8.31351208e-05,0,0.300000101,7.13918635e-05,-0.0148325721,10668
31790,-0.0214930791,175.440002,0.209611923,0.0500757284,0.170469284,-0.00128180499,-9.68744644e-05,0.0454545468,0.300000101,6.90237721e-05,-0.0150209693,10441
31791,-0.0256399382,153.089996,0.187100619,0.0488768145,0.172666401,-0.00109391124,-8.8479901e-05,0.0869565234,0.300000101,6.56956836e-05,-0.0178476367,10541
31792,-0.0274429768,156.619995,0.195422545,0.0413371809,0.165022492,-0.0012140366,-7.71731866e-05,0.190476194,0.300000101,4.24197897e-05,-0.0144289304,10761
31793,-0.0206241067,164.050003,0.245030358,0.0480754972,0.160138905,-0.00133954047,-8.5451924e-05,0.100000001,0.300000101,6.60548467e-05,-0.014956411,10671
31794,-0.0174522642,175.190002,0.235945806,0.0524885245,0.162816972,-0.00144616608,-9.43949635e-05,0,0.300000101,6.1660292e-05,-0.0153442323,10814
31795,-0.0100912843,218.639999,0.243096128,0.0506386198,0.169695079,-0.00152092322,-9.04149347e-05,0.0869565234,0.300000101,7.1837916e-05,-0.0162503365,8457
31796,-0.0191632826,202.869995,0.260237694,0.0547373891,0.174567342,-0.00145246112,-0.000132574292,0.0416666679,0.300000101,5.83890032e-05,-0.0157431699,10794
31797,-0.0345735364,101.639999,0.112730794,0.0431630015,0.170647785,-0.000743638317,-8.80587977e-05,0.0434782617,0.300000101,4.9194372e-05,-0.0164463744,10742
31798,-0.0222178791,137.979996,0.2065216,0.0468603186,0.173393339,-0.00121975318,-9.5789037e-05,0.0869565234,0.300000101,6.32386291e-05,-0.0158536378,10201
31799,-0.00413809251,223.460007,0.265936553,0.0535305478,0.178252861,-0.00171994406,-0.000103114369,0.217391312,0.300000101,6.65865446e-05,-0.0177076068,10549
31800,-0.029420035,162.880005,0.234960958,0.0492712036,0.181160614,-0.001266376,-0.000104630526,0.125,0.300000101,5.95936799e-05,-0.0162043441,10338
31801,-0.0318001844,136.240005,0.190554887,0.0497999005,0.172937453,-0.00111417845,-0.000109111628,0.0454545468,0.300000101,7.50588952e-05,-0.0154078212,10399
31802,-0.034442585,130.960007,0.179249734,0.0493808016,0.181061432,-0.00104858098,-9.94251168e-05,0,0.300000101,7.15796195e-05,-0.0168602969,10620
31803,-0.0378835015,120.800003,0.157360494,0.047575973,0.172404885,-0.00094655616,-9.13404365e-05,0,0.300000101,5.63920257e-05,-0.0149890138,10704
31804,-0.0257362798,126.610001,0.159112617,0.0416832082,0.172396034,-0.000978280208,-8.61885201e-05,0.0476190485,0.300000101,5.40170877e-05,-0.0162083078,10591
31805,-0.0156330876,186.279999,0.259803116,0.0480122045,0.167479977,-0.00160383841,-9.50763351e-05,0.173913047,0.300000101,6.79963196e-05,-0.0150166769,10551
31806,-0.0179042295,220.630005,0.216735601,0.05231205,0.164910764,-0.0014506164,-9.99661206e-05,0.130434781,0.300000101,6.26372203e-05,-0.0142036257,8738
31807,-0.0306958072,156.789993,0.159829125,0.0463613905,0.168510422,-0.000950239599,-9.86576997e-05,0.0476190485,0.300000101,5.60757544e-05,-0.0172697138,9653
31808,-0.0375300087,128.919998,0.162717715,0.0461715348,0.165160954,-0.000911043666,-0.000102624006,0,0.300000101,4.82341929e-05,-0.0170006603,9453
31809,-0.0268159863,188.960007,0.259527296,0.0575077496,0.165366024,-0.00138659647,-0.000106836305,0.0909090936,0.300000101,7.26567669e-05,-0.0142737916,10368
31810,-0.0229716785,176.869995,0.220567912,0.0531046093,0.165038675,-0.00119508523,-9.81807461e-05,0.0833333358,0.300000101,5.85271337e-05,-0.0141144171,10122
31811,-0.0368168205,100.010002,0.122821406,0.04558184,0.167619094,-0.000590261014,-8.44191163e-05,0,0.300000101,5.55473453e-05,-0.0167866517,9583
31812,-0.030355949,135.419998,0.207121104,0.0500204824,0.171144903,-0.00116462389,-0.000103816354,0,0.300000101,8.26411779e-05,-0.0162218269,10743
31813,-0.0243003611,120.669998,0.194769382,0.0469577461,0.167639405,-0.00107269152,-9.40169557e-05,0.125,0.300000101,6.0638773e-05,-0.015884757,9872
31814,-0.0197258312,164.380005,0.22073482,0.0492938831,0.16676721,-0.00125161849,-0.000107205648,0.0454545468,0.300000101,8.14615778e-05,-0.0163316187,9601
31815,-0.0130183781,191.949997,0.226858869,0.0506606065,0.174943134,-0.00115999498,-9.60926627e-05,0.0434782617,0.300000101,6.56432458e-05,-0.0173370857,9212
31816,-0.0140880793,191.809998,0.201406568,0.0491256937,0.167919248,-0.00110569783,-0.000104185761,0,0.300000101,6.1750543e-05,-0.0138110435,10511
31817,-0.0156736206,183.910004,0.243500695,0.0527323708,0.16769211,-0.0012661888,-0.000100348487,0.0909090936,0.300000101,7.02048637e-05,-0.0170230586,10606
31818,-0.0318614021,170.460007,0.232120439,0.058614552,0.170868635,-0.00109714875,-0.000136098475,0.125,0.300000101,6.67290878e-05,-0.0165970828,10488
31819,-0.0332890116,137.229996,0.152715564,0.0411889292,0.171625733,-0.00092982041,-8.57940249e-05,0,0.300000101,8.3079889e-05,-0.0153015135,10585
31820,-0.024018839,163.320007,0.206580147,0.0471233204,0.16919741,-0.00112954678,-9.60147518e-05,0.130434781,0.300000101,5.3730786e-05,-0.0151168844,10673
31821,-0.0167164318,175.25,0.202438906,0.0537918359,0.164819956,-0.00113079452,-0.000106052001,0.0476190485,0.300000101,5.63398135e-05,-0.0161517635,10952
31822,-0.0179834925,196.630005,0.208576947,0.0507785492,0.167686552,-0.00110776466,-0.000102280348,0.166666672,0.300000101,7.45554207e-05,-0.0150677012,10511
31823,-0.0173281245,172.619995,0.182077467,0.0490899943,0.173196122,-0.00113444659,-0.000101356352,0.0869565234,0.300000101,7.11945395e-05,-0.0143752443,10363
31824,-0.0351557396,130.070007,0.185019344,0.048627086,0.184832677,-0.000947414897,-0.000104527586,0,0.300000101,5.33875864e-05,-0.0148087284,10744
31825,-0.0331224091,143.619995,0.221868843,0.050315354,0.175566122,-0.00123010902,-0.000108763488,0.190476194,0.300000101,6.10882125e-05,-0.0140863415,10802
31826,-0.0233851448,169.710007,0.171932146,0.0456720293,0.177655637,-0.00101670041,-9.13222029e-05,0.0454545468,0.300000101,5.70372322e-05,-0.015346854,10494
31827,-0.0262518544,164.970001,0.228724152,0.0471471697,0.170397609,-0.00124934572,-0.000111398156,0.0869565234,0.300000101,7.29360108e-05,-0.013181285,10647
31828,-0.025676908,164.309998,0.215549111,0.050902009,0.177574605,-0.00112590974,-0.000105166015,0.0416666679,0.300000101,6.04792003e-05,-0.0175485257,10548
31829,-0.0368016399,125.550003,0.162239701,0.0425405502,0.171598181,-0.00102011254,-9.36482102e-05,0,0.300000101,7.483839e-05,-0.0193571597,10690
31830,-0.0291360933,175.710007,0.221405596,0.0494852178,0.181717157,-0.0012148344,-0.000121972684,0.0833333358,0.300000101,6.22233711e-05,-0.0167453084,10280
31831,-0.0268018655,147.800003,0.177123278,0.0460126922,0.170523331,-0.00107681914,-9.77134332e-05,0,0.300000101,4.53992761e-05,-0.0164044742,10723
31832,-0.021680329,150.729996,0.195395648,0.0441018604,0.173205525,-0.00118090119,-9.16967329e-05,0,0.300000101,6.77112839e-05,-0.0158724785,10618
31833,-0.0291243065,168.889999,0.20870246,0.0500313416,0.170952082,-0.00112674118,-9.48689922e-05,0.0869565234,0.300000101,6.94460396e-05,-0.017041415,10422
31834,-0.0186547078,159.520004,0.183871314,0.0406406,0.172106296,-0.00106813863,-8.62450543e-05,0.142857149,0.300000101,4.99095731e-05,-0.0159831066,10715
31835,-0.0269170143,147.779999,0.181113437,0.0451597646,0.161112562,-0.00098978274,-9.16095087e-05,0.0434782617,0.300000101,5.08824633e-05,-0.013809978,10778
31836,-0.0279593095,172.820007,0.233317047,0.048534669,0.165552273,-0.00138853036,-0.000112047157,0.0869565234,0.300000101,7.38090603e-05,-0.0144394701,10633
31837,-0.0299138874,144.179993,0.144298181,0.0482936949,0.169840783,-0.000787961762,-9.65777072e-05,0,0.300000101,7.58108872e-05,-0.0124990661,10223
31838,-0.0401139557,106.849998,0.13212204,0.0395426266,0.171340197,-0.000882929191,-8.56051702e-05,0.0434782617,0.300000101,7.20268072e-05,-0.0142722335,8304
31839,-0.0222807284,138.190002,0.183149219,0.0477614924,0.167935818,-0.00104270177,-9.26734283e-05,0,0.300000101,6.29459319e-05,-0.016267648,9301
31840,-0.0147190755,175.509995,0.20786348,0.0495001674,0.170821398,-0.00119671621,-9.22451945e-05,0.166666672,0.300000101,6.48009081e-05,-0.0168470573,9660
31841,-0.0270979665,130.360001,0.150052965,0.0437998585,0.170755476,-0.00090726919,-8.3532992e-05,0.0416666679,0.300000101,5.53938662e-05,-0.0151935574,9886
31842,-0.0141559895,164.460007,0.19750905,0.0454558134,0.171092674,-0.0011155589,-9.06537971e-05,0.13636364,0.300000101,6.14959208e-05,-0.0158093348,10661
31843,-0.0256690662,142.389999,0.207878768,0.0501988381,0.164131597,-0.00112346152,-0.000102102873,0,0.300000101,7.34082569e-05,-0.0138960946,10799
31844,-0.000774799904,183.389999,0.181469336,0.045735307,0.172082573,-0.00104995852,-8.74995967e-05,0,0.300000101,6.01889769e-05,-0.015388526,10849
31845,-0.0202611946,172.860001,0.217645049,0.0459385589,0.178266764,-0.0013233053,-0.000107729429,0.0454545468,0.300000101,6.42542509e-05,-0.0167748053,10812
31846,-0.0172020402,195.440002,0.251662374,0.0502766706,0.17414555,-0.0013436731,-9.53594281e-05,0.0869565234,0.300000101,5.29314457e-05,-0.017857261,10542
31847,-0.0261817053,164.940002,0.164564833,0.0483438633,0.17028892,-0.000962580612,-0.000100115438,0,0.300000101,5.84546069e-05,-0.0123844836,10800
31848,-0.0180636402,178.589996,0.247241706,0.0526447594,0.165469304,-0.0015126979,-9.63494604e-05,0.0909090936,0.300000101,5.82569483e-05,-0.0147034638,10634
31849,-0.0210196804,174.960007,0.210243016,0.0486679189,0.166714787,-0.00115939265,-0.000101825943,0,0.300000101,7.04866761e-05,-0.0146245323,10776
31850,-0.0244213324,148.580002,0.194465876,0.0488489531,0.168770835,-0.00111215538,-9.06046407e-05,0.0416666679,0.300000101,6.71914095e-05,-0.0130722364,10665
31851,-0.0246430188,138.779999,0.186447501,0.0471823029,0.17717509,-0.00108276971,-0.000104926461,0.0869565234,0.300000101,6.34064927e-05,-0.0166615639,10591
31852,-0.0273626782,132.029999,0.160589173,0.0457018204,0.17276296,-0.000909315364,-8.84964247e-05,0.0454545468,0.300000101,6.87022984e-05,-0.0160265975,10638
31853,-0.0310897063,128.779999,0.147826195,0.0466109738,0.158746853,-0.000822307658,-9.15481214e-05,0,0.300000101,5.24739989e-05,-0.0145920571,10905
31854,-0.0151296584,177.809998,0.286490232,0.0514476523,0.164555162,-0.00168251991,-0.000108225438,0.0476190485,0.300000101,4.71257808e-05,-0.0173236374,10724
31855,-0.0107813096,183.639999,0.180461138,0.0463569686,0.166877672,-0.00116867363,-8.61420267e-05,0.0416666679,0.300000101,6.61556187e-05,-0.0137574458,10131
31856,-0.0160203427,186.800003,0.221110523,0.050988894,0.171455652,-0.00130391715,-9.81357152e-05,0,0.300000101,6.40570215e-05,-0.016677415,10658
31857,-0.0187961031,158.110001,0.158428594,0.0452710502,0.170006603,-0.000907109061,-8.83097455e-05,0.0454545468,0.300000101,5.05074604e-05,-0.0158782266,10947
31858,-0.0179377086,185.199997,0.256002754,0.0557981059,0.179401681,-0.00144429703,-0.000108572822,0.217391312,0.300000101,5.97472572e-05,-0.0153429164,10892
31859,-0.0171441603,182.929993,0.227417976,0.0557901673,0.177520156,-0.00128666894,-9.87648964e-05,0.0833333358,0.300000101,7.08606094e-05,-0.0143415583,10312
31860,-0.028410932,125.68,0.186402082,0.0459104516,0.183797091,-0.000999041367,-9.4444571e-05,0.0434782617,0.300000101,5.71469136e-05,-0.0185470376,10699
31861,-0.0247602798,152.479996,0.215778142,0.046808999,0.17085427,-0.00112193497,-0.000106256899,0.0434782617,0.300000101,5.61327106e-05,-0.0187597033,10864
31862,-0.0236634165,157.789993,0.161377043,0.0468688756,0.172950476,-0.00108801806,-9.2518465e-05,0.0434782617,0.300000101,6.51840674e-05,-0.0176836941,10115
31863,-0.0289634578,138.649994,0.200652167,0.0495455824,0.171053052,-0.00117128575,-9.74485592e-05,0.0416666679,0.300000101,5.49604883e-05,-0.0150827905,10522
31864,-0.0228582285,167.139999,0.192004725,0.0512712821,0.164896384,-0.00110657967,-0.000110858804,0.13636364,0.300000101,6.26691181e-05,-0.0150623647,10766
31865,-0.0216426775,132.199997,0.148789376,0.0441369601,0.175267458,-0.000961822516,-9.06324567e-05,0.0434782617,0.300000101,6.71009475e-05,-0.0154676149,10527
31866,-0.0218620505,146.690002,0.181820035,0.0470318124,0.182556137,-0.00100994529,-8.98521539e-05,0.0833333358,0.300000101,7.15132774e-05,-0.0163947251,10611
31867,-0.0201115329,164.119995,0.251447141,0.0519000888,0.179116577,-0.00138683175,-0.000116705138,0.0416666679,0.300000101,4.88079677e-05,-0.0150754936,10679
31868,-0.0214065891,153.490005,0.215746924,0.0470568612,0.163302585,-0.00129881396,-8.33026497e-05,0,0.300000101,6.56972625e-05,-0.0177025534,10847
31869,-0.022254305,165.029999,0.206151232,0.0467368104,0.174903482,-0.00107727421,-9.0655034e-05,0,0.300000101,7.40523465e-05,-0.0159871858,10855
31870,-0.0123384129,182.419998,0.252716899,0.0469510145,0.167889953,-0.00119174784,-8.16779138e-05,0.095238097,0.300000101,5.03320371e-05,-0.0183641519,10734
31871,-0.0161919538,190.679993,0.218408465,0.0542703681,0.176252365,-0.00111178553,-0.000102910133,0.0454545468,0.300000101,6.60336882e-05,-0.0154453004,10619
31872,-0.016371645,196.089996,0.240369529,0.0485419743,0.164278388,-0.00122041861,-0.000101667443,0,0.300000101,3.94086819e-05,-0.0184049141,10364
31873,-0.0265900567,147.169998,0.21286878,0.0481428057,0.173860103,-0.00143867859,-9.92027926e-05,0.0416666679,0.300000101,6.69175861e-05,-0.0171860009,10449
31874,-0.0332637317,139.580002,0.166915089,0.040700689,0.15879637,-0.000911476905,-9.29494126e-05,0,0.300000101,6.25258253e-05,-0.0180240273,10787
31875,-0.0220821556,166.660004,0.228236929,0.0460387878,0.174394369,-0.0013845393,-0.000100553705,0.0869565234,0.300000101,5.34310602e-05,-0.0176147111,10537
31876,-0.0206860453,158.550003,0.18481493,0.0491327867,0.160391837,-0.00101483252,-9.47540757e-05,0.0454545468,0.300000101,5.81101049e-05,-0.0139848152,10677
31877,-0.0194775909,154.800003,0.22853224,0.0566549413,0.168424308,-0.00128844241,-0.000115917377,0.0869565234,0.300000101,5.99375235e-05,-0.0165607575,10707
31878,-0.0124137616,165.330002,0.213025123,0.0496235788,0.166179568,-0.00116550177,-8.97780628e-05,0.0416666679,0.300000101,6.36243785e-05,-0.0166712888,10776
31879,-0.00949593168,168.850006,0.166396603,0.0423848927,0.160486549,-0.0010709879,-7.72676576e-05,0.125,0.300000101,8.94078112e-05,-0.0151549298,10516
31880,-0.0101294378,183.570007,0.231700033,0.0465849116,0.173289299,-0.00130389119,-9.39320162e-05,0.0833333358,0.300000101,6.16684556e-05,-0.0110450247,10280
31881,-0.0251752362,145.25,0.166356444,0.0438216999,0.167394027,-0.000931377639,-8.62710222e-05,0.0434782617,0.300000101,4.8523536e-05,-0.0144667597,10571
31882,-0.0272760037,133.300003,0.165577009,0.0414545462,0.171070904,-0.000918859092,-9.43446285e-05,0.0833333358,0.300000101,4.77980102e-05,-0.0179634914,10708
31883,-0.0189823303,168,0.210385293,0.0485688262,0.177643895,-0.00136597967,-9.90835761e-05,0.0833333358,0.300000101,6.72302704e-05,-0.0153399771,10731
31884,-0.0269159675,150.389999,0.155477598,0.0451909304,0.174972638,-0.0010122566,-9.66667576e-05,0.0869565234,0.300000101,6.73161921e-05,-0.0168930888,9541
31885,-0.0274665095,151.360001,0.201921836,0.0490789823,0.176507711,-0.00112245779,-9.79603501e-05,0,0.300000101,8.97429491e-05,-0.0134282922,10201
31886,-0.0108649619,205.619995,0.249520361,0.0510425381,0.171979293,-0.00150505919,-0.000109246721,0.208333343,0.300000101,6.8498055e-05,-0.0157836769,9998
31887,-0.00588388648,215.600006,0.230340376,0.048461426,0.179876566,-0.00141362019,-0.000114385679,0.260869563,0.300000101,5.00968272e-05,-0.0143875759,10164
31888,-0.00823636167,207.550003,0.202126458,0.0500612222,0.171058819,-0.00125966978,-9.52548653e-05,0,0.300000101,6.32857045e-05,-0.0147707388,9845
31889,-0.0164931193,159.970001,0.155678183,0.0442698523,0.170910105,-0.000948327302,-9.07344365e-05,0.0416666679,0.300000101,7.82109419e-05,-0.0143356081,9096
31890,-0.0179087333,177.699997,0.251484573,0.054358568,0.163714632,-0.001338362,-9.79977631e-05,0.0869565234,0.300000101,7.46354854e-05,-0.0159055106,10452
31891,-0.0282957777,135.479996,0.248074621,0.0525500886,0.172591925,-0.00135672651,-0.000108077678,0.0434782617,0.300000101,5.72999998e-05,-0.0154827293,10825
31892,-0.033137355,144.979996,0.177436203,0.0470076017,0.167270988,-0.00111476029,-0.000101314807,0,0.300000101,6.57216442e-05,-0.0158283319,10746
31893,-0.0307181049,135.309998,0.169836223,0.0417538211,0.167600155,-0.00105618837,-8.41535511e-05,0.0416666679,0.300000101,7.66913945e-05,-0.0160180442,10704
31894,-0.0104400674,158.960007,0.17428109,0.0442930385,0.16341801,-0.00113502983,-9.22162872e-05,0.166666672,0.300000101,5.63580725e-05,-0.0149434106,10790
31895,-0.00756955473,159.089996,0.169663027,0.0431692079,0.169021994,-0.00105275994,-7.76525776e-05,0.13636364,0.300000101,6.12638541e-05,-0.0134692593,8445
31896,-0.020293057,146.559998,0.195747659,0.0444289967,0.169448063,-0.00104944035,-8.98080107e-05,0.0416666679,0.300000101,6.33735908e-05,-0.0154044004,10249
31897,-0.0170696862,152.630005,0.211241707,0.0442695729,0.167195782,-0.00120205991,-9.71886111e-05,0,0.300000101,5.4626631e-05,-0.0156313088,10766
31898,-0.014012401,191.440002,0.217099577,0.0517051294,0.17050603,-0.00120347249,-0.000104226754,0.0416666679,0.300000101,8.86545022e-05,-0.0140203787,10575
31899,-0.00830534101,214.600006,0.241743788,0.047105968,0.176148802,-0.00141115044,-0.000107911517,0.0833333358,0.300000101,6.25401008e-05,-0.014788324,10715
31900,-0.0216841456,130.289993,0.150091574,0.0409742817,0.17545186,-0.00084775401,-7.43545825e-05,0,0.300000101,6.19815401e-05,-0.0157245081,10516
31901,-0.0228101742,129.630005,0.147505715,0.0436922573,0.168320179,-0.000866480346,-8.87473361e-05,0.0434782617,0.300000101,4.45393598e-05,-0.0166136045,10597
31902,-0.0161490198,158.130005,0.193500653,0.0476366244,0.166605413,-0.00130718225,-9.3648152e-05,0.130434781,0.300000101,6.06050962e-05,-0.0157462694,10766
31903,-0.0169333853,165.089996,0.192135647,0.0511348136,0.169758499,-0.0010127601,-0.000114368529,0.0434782617,0.300000101,5.65189657e-05,-0.0177523568,10585
31904,-0.0283094551,144.919998,0.174858138,0.0427334271,0.171235889,-0.00105814205,-0.000100624748,0.0434782617,0.300000101,6.04247689e-05,-0.0167957116,10502
31905,-0.0185185261,177.720001,0.230403781,0.0529340245,0.169789195,-0.00131877104,-0.000111380999,0.0869565234,0.300000101,7.72558196e-05,-0.0146750938,9728
31906,-0.00816742703,217.919998,0.291555673,0.0563389063,0.171251446,-0.00155161135,-0.000100358899,0.208333343,0.300000101,6.99543452e-05,-0.0172107071,10797
31907,-0.0172302015,187.330002,0.193848416,0.0489848182,0.168454409,-0.00115642603,-9.63891071e-05,0.0833333358,0.300000101,6.1394785e-05,-0.0166715123,10576
31908,-0.0328853428,135.080002,0.177565634,0.0490741283,0.172609374,-0.000911004841,-0.000104316496,0.0416666679,0.300000101,7.19915552e-05,-0.0138211697,10574
31909,-0.0252728332,141.449997,0.19880873,0.0419491231,0.169874877,-0.0011853266,-9.37771547e-05,0,0.300000101,6.82498649e-05,-0.0169729628,10522
31910,-0.0203146152,160.539993,0.187111527,0.0498641878,0.169379056,-0.000954906689,-9.59577737e-05,0,0.300000101,6.71705129e-05,-0.016298715,10459
31911,-0.013992874,182.789993,0.235475138,0.0569886491,0.169464082,-0.00122425542,-0.000130392655,0.0476190485,0.300000101,5.45733637e-05,-0.0169634297,10221
31912,-0.0145911649,186.869995,0.193655089,0.0472190343,0.171602458,-0.00109247176,-9.8925957e-05,0,0.300000101,5.52144884e-05,-0.0173675492,10738
31913,-0.0336410627,128.970001,0.185125068,0.046795588,0.168443114,-0.000974294147,-0.000106512947,0.0434782617,0.300000101,7.29549938e-05,-0.0146872224,10534
31914,-0.0171525721,176.199997,0.214483619,0.0489929095,0.17401658,-0.00122043153,-0.000105542909,0.0416666679,0.300000101,5.93127552e-05,-0.016459452,10541
31915,-0.0135524524,176.369995,0.255908728,0.0481597409,0.173219249,-0.00163837965,-0.000103437851,0.0833333358,0.300000101,6.4002139e-05,-0.0161719937,10763
31916,-0.0218245927,144.220001,0.196966574,0.0440316834,0.175807521,-0.00114969886,-8.69174692e-05,0.130434781,0.300000101,5.91275748e-05,-0.0167050362,10858
31917,-0.0161001608,159.809998,0.204458624,0.044748418,0.175743788,-0.00132977101,-9.37235454e-05,0.125,0.300000101,6.4794709e-05,-0.016843915,10793
31918,-0.019525487,136.529999,0.180065319,0.0414264314,0.173046619,-0.00107732415,-8.41824294e-05,0.0434782617,0.300000101,5.86696988e-05,-0.0164220333,10395
31919,-0.0264365375,147.139999,0.165795416,0.0435541272,0.167909414,-0.00117258774,-0.000101984326,0,0.300000101,6.48608038e-05,-0.0135764983,10600
31920,-0.0252097752,136.970001,0.158339173,0.0451897308,0.164925948,-0.000868528325,-8.63521709e-05,0.0416666679,0.300000101,7.04307095e-05,-0.0153825218,10699
31921,-0.0219239146,139.850006,0.179721132,0.0477313735,0.162729323,-0.00113424193,-9.41388571e-05,0.0434782617,0.300000101,8.02976574e-05,-0.014311891,10807
31922,-0.00887415931,186.440002,0.216716006,0.0500321239,0.173483372,-0.00136836164,-0.000102644721,0,0.300000101,6.10507632e-05,-0.0155645264,10562
31923,-0.0152996499,171.389999,0.205776736,0.0469131991,0.174862891,-0.00120413909,-0.000107734391,0.125,0.300000101,6.07022521e-05,-0.0166893955,10822
31924,-0.0339151323,139.570007,0.198454574,0.0473986454,0.172140539,-0.00101143331,-9.71901172e-05,0.0454545468,0.300000101,5.88284347e-05,-0.0155899096,9807
31925,-0.0200970322,142.929993,0.194569707,0.0438746586,0.170360148,-0.00118461181,-9.80215118e-05,0,0.300000101,5.40505789e-05,-0.0145731689,10101
31926,-0.011945134,175.630005,0.272253871,0.0494243354,0.162011236,-0.00163715985,-9.38667217e-05,0.208333343,0.300000101,4.1745865e-05,-0.0163341723,10324
31927,-0.0105795404,180.570007,0.231190205,0.0487381592,0.15926677,-0.00136781274,-9.24627602e-05,0.0869565234,0.300000101,6.97805081e-05,-0.0156978238,10520
31928,-0.010242152,162.240005,0.173697159,0.0469404794,0.158571422,-0.00100941537,-9.50367539e-05,0,0.300000101,5.49778415e-05,-0.0163697507,10647
31929,-0.0190055426,143.199997,0.171404526,0.0438661054,0.163609236,-0.000930833281,-8.2407525e-05,0,0.300000101,7.10744207e-05,-0.0159705617,10505
31930,-0.0176239815,164.440002,0.202507958,0.0447141156,0.161842495,-0.00121329422,-8.32555015e-05,0.0909090936,0.300000101,5.48530479e-05,-0.0147898532,10625
31931,-0.0256828424,150.360001,0.155029893,0.0381473377,0.167639226,-0.000947750581,-7.70915067e-05,0,0.300000101,7.75455774e-05,-0.017086938,10707
31932,-0.00955480989,204.570007,0.301089942,0.0591372848,0.170911968,-0.00149711082,-0.000110263369,0.0416666679,0.300000101,7.47198574e-05,-0.011602317,10651
31933,-0.0232164469,141.490005,0.180127949,0.0498918891,0.177602619,-0.000914657721,-0.000103114973,0,0.300000101,6.95342314e-05,-0.0156677645,10703
31934,-0.0278145038,119.269997,0.18223922,0.0392037705,0.176305443,-0.00104021863,-8.72775272e-05,0,0.300000101,4.65032936e-05,-0.0169679262,10600
31935,-0.0248299781,150.520004,0.178612858,0.0474365838,0.162859738,-0.00103684794,-9.00032683e-05,0.0454545468,0.300000101,6.68901921e-05,-0.0146983545,10793
31936,-0.0287511926,115.440002,0.152834237,0.0432409868,0.163656622,-0.000922174891,-8.45799368e-05,0.0833333358,0.300000101,5.57755229e-05,-0.015322282,10804
31937,-0.0294405613,134.399994,0.209972173,0.0542027764,0.169916674,-0.00107985432,-0.000119935023,0.173913047,0.300000101,5.52764031e-05,-0.0163999237,10541
31938,-0.025786873,123.07,0.165483087,0.0438566096,0.160792395,-0.000943720981,-8.13167935e-05,0,0.300000101,5.78618274e-05,-0.0169487838,10512
31939,-0.0276106186,130.139999,0.15522033,0.0394928083,0.163014501,-0.00104374217,-9.22454783e-05,0.0869565234,0.300000101,6.27324625e-05,-0.0147880036,10753
31940,-0.0134458104,168.440002,0.223342568,0.0464335904,0.160088807,-0.00128412712,-0.00010206677,0.0416666679,0.300000101,7.37458831e-05,-0.0147412438,10772
31941,-0.02208836,158.110001,0.212428495,0.0535551384,0.17074576,-0.00116155762,-9.52605333e-05,0.0833333358,0.300000101,6.92123067e-05,-0.0175136067,10822
31942,-0.0250232797,153.169998,0.212661684,0.0539781377,0.177519739,-0.00128463074,-0.000113513721,0.0416666679,0.300000101,8.4275518e-05,-0.0160007942,10771
31943,-0.019607529,151.300003,0.191507846,0.0444179848,0.174160764,-0.00124916248,-7.92822975e-05,0.0416666679,0.300000101,6.26222318e-05,-0.0176269691,10652
31944,-0.0228301734,135.690002,0.140443355,0.0437070541,0.171305299,-0.000861157838,-8.99809384e-05,0,0.300000101,5.77846004e-05,-0.0189257246,10655
31945,-0.0195335858,155.100006,0.210671693,0.0482843257,0.163077682,-0.00120791013,-0.000103362945,0.0909090936,0.300000101,5.50583354e-05,-0.0172962788,10679
31946,-0.0165690575,161.149994,0.203326076,0.0465610549,0.17268002,-0.00100076711,-0.000104508013,0,0.300000101,6.65572516e-05,-0.0163446534,10818
31947,-0.0293011721,111.919998,0.143858328,0.0410158634,0.175709754,-0.000856985571,-9.06362329e-05,0.0434782617,0.300000101,6.76436466e-05,-0.0182899367,10497
31948,-0.0300183836,154.630005,0.205521345,0.050109081,0.178399071,-0.00105282734,-0.000108533015,0.0833333358,0.300000101,6.9959533e-05,-0.0164621472,10644
31949,-0.0143654216,172.559998,0.196561798,0.0500215404,0.174555361,-0.00133844116,-9.63378698e-05,0.0416666679,0.300000101,6.86967469e-05,-0.0156645589,10689
31950,-0.0108708907,163.220001,0.179865405,0.0450591296,0.1671509,-0.00112535292,-8.44157912e-05,0.125,0.300000101,6.30995128e-05,-0.0160545148,10577
31951,-0.027361881,101.279999,0.113472007,0.0408831313,0.172259212,-0.000737859809,-7.56188019e-05,0,0.300000101,5.7063462e-05,-0.0176926646,10422
31952,-0.0135286273,163.839996,0.199581414,0.0502046756,0.173935935,-0.00123777951,-9.55168289e-05,0.0869565234,0.300000101,5.9869868e-05,-0.0196520388,10527
31953,-0.00208547292,181.110001,0.176410288,0.0463079885,0.167765737,-0.00113244215,-8.67380586e-05,0.0833333358,0.300000101,5.39430293e-05,-0.0184129756,10660
31954,-0.0260161813,97.0500031,0.123618588,0.0365834199,0.170458362,-0.000699866097,-8.87887072e-05,0,0.300000101,5.08618432e-05,-0.0170284919,10327
31955,-0.0253218804,133,0.197066307,0.0519300923,0.173710674,-0.00135040272,-9.93093126e-05,0.0416666679,0.300000101,6.36938857e-05,-0.0164482761,10392
31956,-0.0262655411,119.75,0.140269279,0.0423090458,0.166097015,-0.0010706532,-8.83587054e-05,0.0434782617,0.300000101,6.50868096e-05,-0.0171438754,10642
31957,-0.0131538427,184.860001,0.274805754,0.0551400892,0.17642276,-0.00177894847,-0.000109643413,0,0.300000101,6.85438354e-05,-0.0159768909,10732
31958,-0.0161380377,189.539993,0.225462839,0.0522910841,0.168365523,-0.00148306461,-0.000109199929,0.0434782617,0.300000101,7.21443939e-05,-0.0154936928,9013
31959,-0.000688702508,187.300003,0.206124246,0.0438462496,0.173407838,-0.00133220875,-8.42662994e-05,0.0416666679,0.300000101,6.04923298e-05,-0.0166804679,10653
31960,-0.0165530518,151.440002,0.19305186,0.0470802933,0.174751014,-0.00113047985,-9.59958197e-05,0,0.300000101,5.94389348e-05,-0.0174297299,10614
31961,-0.0241496377,146.410004,0.197230205,0.0442799963,0.163344607,-0.00134430896,-0.000107903303,0.0476190485,0.300000101,6.09411545e-05,-0.0156487487,10769
31962,-0.0227380451,137.050003,0.172128603,0.0439712033,0.167392954,-0.00103368936,-9.67133674e-05,0.0416666679,0.300000101,5.93701734e-05,-0.016429225,9430
31963,-0.022851238,146.860001,0.215416312,0.0484198183,0.167909116,-0.00137615041,-0.000100517842,0.0909090936,0.300000101,5.71693272e-05,-0.0168402009,10709
31964,-0.0150866183,195.889999,0.236436486,0.0504756831,0.167524815,-0.00152155326,-0.000106933512,0.0833333358,0.300000101,8.81049855e-05,-0.0185325556,10650
31965,-0.0166103579,187.259995,0.238966167,0.0492411554,0.177953064,-0.0014777265,-9.5311465e-05,0.208333343,0.300000101,5.33047169e-05,-0.011085989,10729
31966,-0.0236649085,151.550003,0.171958536,0.0467204452,0.171575963,-0.000988108804,-9.50313333e-05,0.0833333358,0.300000101,6.01110951e-05,-0.014819121,10733
31967,-0.010821878,169.869995,0.173525155,0.0442738347,0.169594646,-0.00112441368,-7.57951857e-05,0.173913047,0.300000101,4.73806685e-05,-0.0149564911,9861
31968,-0.0211488456,139.789993,0.178185344,0.0457154028,0.162219256,-0.000997747062,-8.39277855e-05,0.0833333358,0.300000101,5.32059712e-05,-0.0160475019,10708
31969,-0.0117791928,144.270004,0.210961923,0.0480258949,0.159797281,-0.00136040442,-8.55303078e-05,0.0434782617,0.300000101,6.41411098e-05,-0.0161861144,9819
31970,-0.00999467261,166.210007,0.170939893,0.0430469774,0.17280975,-0.00126789534,-8.97658902e-05,0,0.300000101,5.61195702e-05,-0.0154328588,9447
31971,-0.0154554667,180.229996,0.224486873,0.0449450091,0.166050509,-0.00172026176,-0.000103644154,0.181818187,0.300000101,7.96764289e-05,-0.0137850521,10052
31972,-0.0150679247,168.449997,0.199767858,0.0502210855,0.167418823,-0.00125883904,-0.000101045647,0.0909090936,0.300000101,5.85065573e-05,-0.0180922411,10683
31973,-0.0214995444,143.380005,0.187280938,0.0469151959,0.164771825,-0.00120034185,-9.34226118e-05,0,0.300000101,7.03898331e-05,-0.016911665,10689
31974,-0.0111387735,185.220001,0.207195163,0.048863478,0.1733675,-0.00139071455,-0.000102287799,0.13636364,0.300000101,5.80732085e-05,-0.0159555674,10767
31975,-0.0125885308,165.449997,0.196998894,0.0459570736,0.16912958,-0.00122485368,-0.000103359554,0.0434782617,0.300000101,6.74490657e-05,-0.0151384743,10719
31976,-0.01630239,158.529999,0.186969131,0.0475452282,0.174039483,-0.00121670158,-9.44378698e-05,0.0869565234,0.300000101,5.15464089e-05,-0.017890105,10471
31977,-0.0214863401,146.589996,0.160669371,0.0493226722,0.168330699,-0.000987898791,-0.000107984619,0.130434781,0.300000101,6.69009969e-05,-0.0186362769,10853
31978,-0.0248647239,150.440002,0.215804979,0.0511340983,0.163395196,-0.00152130378,-0.000121208825,0.0869565234,0.300000101,6.12635049e-05,-0.015594596,10601
31979,-0.0173729137,191.259995,0.210277557,0.0447943211,0.162387371,-0.00131670886,-0.000105234671,0.0454545468,0.300000101,7.68684622e-05,-0.0159508921,10403
31980,-0.0201148968,214.419998,0.286439389,0.0549215488,0.162249953,-0.00194436673,-0.000112566166,0.0476190485,0.300000101,5.59773544e-05,-0.0155945234,10411
31981,-0.0237690527,173.570007,0.1554344,0.0455315001,0.16073072,-0.000984099926,-9.01131716e-05,0.0434782617,0.300000101,6.08742121e-05,-0.0154049797,10083
31982,-0.0077707544,188.619995,0.225207433,0.049321685,0.164357454,-0.00138463906,-0.000100109028,0.0869565234,0.300000101,6.57972123e-05,-0.0152684264,10614
31983,-0.0113054607,160,0.184506252,0.0472684465,0.169227049,-0.00121936935,-0.000107604064,0.0454545468,0.300000101,6.92429094e-05,-0.0146779791,10767
31984,-0.0155504197,161.690002,0.202263713,0.0469623357,0.159087479,-0.001288231,-0.0001032332,0.0869565234,0.300000101,6.1646926e-05,-0.0154284351,10673
31985,-0.0222066287,146.559998,0.22890383,0.0526614152,0.17284295,-0.00153553183,-0.000123184669,0.0416666679,0.300000101,5.83622423e-05,-0.0150151215,10691
31986,-0.0172065031,174.529999,0.20483759,0.0454633459,0.163901135,-0.00136929494,-9.59497847e-05,0.0434782617,0.300000101,4.42928795e-05,-0.0176157635,10385
31987,-0.0177940037,159.889999,0.176753432,0.0417247266,0.155923098,-0.00113065657,-8.84144101e-05,0.0416666679,0.300000101,5.6645149e-05,-0.0171735734,10735
31988,-0.0120218694,175.039993,0.214376807,0.0498018265,0.159174249,-0.00124866178,-0.000115063791,0,0.300000101,5.54902763e-05,-0.0150227817,10685
31989,-0.0295126718,116.449997,0.166298002,0.0430552363,0.163480997,-0.00118075591,-8.63502573e-05,0,0.300000101,7.806746e-05,-0.0148008736,10416
31990,-0.0199927855,152.399994,0.237692714,0.05052137,0.164116025,-0.00127704907,-0.000108441411,0.0416666679,0.300000101,6.23131782e-05,-0.0137804095,10505
31991,-0.0122120464,182.529999,0.222463399,0.0514021032,0.165155038,-0.0014857346,-0.000105891784,0.0833333358,0.300000101,7.23962585e-05,-0.0155340955,10841
31992,-0.019777678,165.850006,0.188094705,0.0489170142,0.166673124,-0.00120850536,-9.216943e-05,0.0434782617,0.300000101,4.55737354e-05,-0.0177390873,10756
31993,-0.0253259968,130.580002,0.183918834,0.0474982671,0.16704832,-0.00101188105,-0.000103734339,0.125,0.300000101,6.93870024e-05,-0.0160535909,10542
31994,-0.0240862221,158.080002,0.224890932,0.0503572412,0.176410288,-0.00141825504,-0.000105574494,0.0909090936,0.300000101,8.02621362e-05,-0.0157807078,10816
31995,-0.019231841,154.759995,0.189128667,0.0481348895,0.171495736,-0.00114143477,-0.000100924211,0.130434781,0.300000101,6.57004784e-05,-0.0169980656,8443
31996,-0.0198915862,149.429993,0.195694119,0.0497422628,0.174815208,-0.00116605707,-0.000103420083,0,0.300000101,6.82010577e-05,-0.0189364962,10655
31997,-0.039104484,11.1000004,0.0396669321,0.0284136701,0.537943959,-0.000302824046,-5.44173927e-05,0.478260875,0.300000101,0.000719605945,-0.0154220294,1281
31998,-0.0451576598,14.8199997,0.0514270365,0.035518419,0.286360592,-0.000270396238,-7.67557358e-05,0.291666687,0.300000101,0.00222085696,-0.0197939575,9308
31999,-0.0166797694,20.5499992,0.0628611371,0.0378262326,0.203871667,-0.000341276638,-9.06478308e-05,0.125,0.300000101,0.00194150186,-0.0159910508,9502
32000,-0.000275199855,22.3400002,0.0671261847,0.0369115248,0.175378248,-0.000358702324,-8.77102357e-05,0.166666672,0.300000101,0.00140140019,-0.017163882,9506
32001,0.0788213089,29.8400002,0.0627844632,0.0290965717,0.162008882,-0.000398006436,-6.04491215e-05,0.363636374,0.300000101,0.0010338315,-0.0183980614,9493
32002,0.146158084,37.0999985,0.0853621066,0.0358179361,0.154076368,-0.000394131697,-8.51561053e-05,0.315789461,0.300000101,0.000552225101,-0.0179537386,9108
32003,0.184119895,44.6899986,0.112513065,0.033238519,0.148418367,-0.000538223889,-7.97445609e-05,0.272727281,0.300000101,0.000986509724,-0.0162896309,9173
32004,0.266172409,56,0.0913842618,0.0354548581,0.155089229,-0.000666898384,-6.58469071e-05,0.13636364,0.300000101,0.00135040889,-0.0141556207,9920
32005,0.459146738,86.6399994,0.145179972,0.0451119617,0.163952291,-0.000744111254,-9.51070324e-05,0.166666672,0.300000101,0.00188555254,-0.0139856804,9601
32006,0.476357251,96.4800034,0.145170689,0.0439933054,0.159095883,-0.000847217336,-8.77912244e-05,0.166666672,0.300000101,0.00166621001,-0.014163984,9537
32007,0.462613493,101.739998,0.160127088,0.047290042,0.162586391,-0.000974625058,-7.8996607e-05,0.217391312,0.300000101,0.00184429099,-0.0170317255,9742
32008,0.401483536,97.2200012,0.141113147,0.0416720621,0.169232473,-0.000780306,-8.17904511e-05,0.166666672,0.300000101,0.00157666916,-0.0132234646,9026
32009,0.415632069,107.150002,0.166421697,0.0422176346,0.171063587,-0.000859291235,-8.80126026e-05,0.0909090936,0.300000101,0.00153881893,-0.0145027917,9693
32010,0.490174651,119.400002,0.14779599,0.0422886498,0.186471388,-0.000753164117,-7.3149924e-05,0.260869563,0.300000101,0.00123601977,-0.015945306,9469
32011,0.300615251,95.2600021,0.131155074,0.0408898555,0.185512751,-0.000760938681,-7.71863852e-05,0.208333343,0.300000101,0.00166658813,-0.014488942,9498
32012,0.361041099,107.75,0.150594771,0.0447793677,0.184193492,-0.000814346829,-8.75739206e-05,0.0869565234,0.300000101,0.00143953576,-0.0141953845,9573
32013,0.516990423,139.630005,0.165284514,0.0394812338,0.187260628,-0.00101027358,-6.88532236e-05,0.125,0.300000101,0.00153671484,-0.0144389141,9449
32014,0.171541274,71.6100006,0.107383177,0.0389632285,0.179438561,-0.000581527653,-8.65991387e-05,0.0454545468,0.300000101,0.00104857073,-0.0132243372,9389
32015,0.32924211,117.300003,0.176073596,0.0444511399,0.165081501,-0.0010289679,-8.71018128e-05,0.095238097,0.300000101,0.000653745548,-0.0144662494,9339
32016,0.324569225,117.25,0.140917525,0.0399261527,0.164428204,-0.000840270601,-8.52734884e-05,0.0454545468,0.300000101,0.000779012509,-0.0131161688,9687
32017,0.218726531,103.900002,0.141589865,0.0455476567,0.155173421,-0.000806132739,-8.54371683e-05,0,0.300000101,0.00068868557,-0.0131794019,9624
32018,0.201540008,105.209999,0.170698673,0.0423912257,0.159301043,-0.00104935432,-8.21653666e-05,0.0476190485,0.300000101,0.000722154044,-0.0140735228,9794
32019,0.30280599,136.110001,0.169009015,0.0467395484,0.168724701,-0.000908699236,-8.55927792e-05,0.0454545468,0.300000101,0.00106420228,-0.0149038695,8816
32020,0.280791968,128.610001,0.149985299,0.0434194766,0.172454476,-0.00110966491,-7.85395387e-05,0.0454545468,0.300000101,0.00102028833,-0.0148337884,9256
32021,0.198385507,103.620003,0.159442976,0.0462413952,0.1691989,-0.00100959837,-7.95471715e-05,0,0.300000101,0.000771171472,-0.0161093567,9717
32022,0.30953598,129.259995,0.183822453,0.0419543348,0.175741121,-0.00115605118,-8.06454482e-05,0.0416666679,0.300000101,0.00107946049,-0.0148363654,9580
32023,0.263106465,139.440002,0.175162718,0.0489488542,0.179180026,-0.00111667067,-8.47735355e-05,0.0416666679,0.300000101,0.00100992993,-0.0170784108,9770
32024,0.336972594,170.990005,0.251406521,0.0527537391,0.180761144,-0.00145375379,-0.000110775283,0,0.300000101,0.000777096837,-0.0142792724,8726
32025,0.34248656,178.240005,0.176064938,0.049800545,0.179120123,-0.00120589777,-0.000106572683,0,0.300000101,0.000707109575,-0.0162395258,9373
32026,0.411030143,187.220001,0.217768803,0.0496660694,0.182002112,-0.00142507907,-8.80107764e-05,0.0909090936,0.300000101,0.000868689036,-0.0146705471,9716
32027,0.398276359,182.580002,0.20499897,0.0509793051,0.171527773,-0.00151285855,-8.01983624e-05,0,0.300000101,0.000926531211,-0.014095122,9587
32028,0.253597617,142.399994,0.182886302,0.0487957373,0.174903989,-0.0011692401,-9.59637619e-05,0,0.300000101,0.000555455568,-0.0148152439,9111
32029,0.271966487,152.839996,0.178543657,0.0478999726,0.173468381,-0.00126561034,-8.06254684e-05,0,0.300000101,0.000665645697,-0.0127832899,9799
32030,0.337441742,185.509995,0.232017606,0.0536615029,0.17593281,-0.00165979215,-0.000109168599,0.0434782617,0.300000101,0.000685711799,-0.013869415,9718
32031,0.250393599,151.089996,0.18997781,0.0488643758,0.182214126,-0.00144111644,-9.2624934e-05,0.0416666679,0.300000101,0.000698710792,-0.0160400271,9287
32032,0.234946042,152.759995,0.157520533,0.044318974,0.175198019,-0.00118680799,-8.1309161e-05,0.0454545468,0.300000101,0.000460729381,-0.0146754161,9392
32033,0.200172529,144.529999,0.190378711,0.0515231453,0.177993819,-0.0014006875,-9.7778393e-05,0,0.300000101,0.000405894214,-0.0166003443,9456
32034,0.198107496,139.919998,0.179489642,0.0507523306,0.174504846,-0.00110063865,-9.27822766e-05,0,0.300000101,0.000717660994,-0.0162363797,8761
32035,0.207020745,144.399994,0.162130773,0.0456066839,0.184487313,-0.00121769984,-8.07747492e-05,0,0.300000101,0.000542490801,-0.0138614727,9347
32036,0.193820253,145.229996,0.222765729,0.052902218,0.181818828,-0.00163625448,-8.69175128e-05,0.0833333358,0.300000101,0.00055572053,-0.0137268621,9709
32037,0.146623999,110.269997,0.136850834,0.0435602777,0.172555417,-0.000962437131,-8.06310709e-05,0,0.300000101,0.000463902659,-0.0152157797,9448
32038,0.180564716,126.599998,0.141730696,0.0440173149,0.180819601,-0.00100485864,-7.94397129e-05,0.0833333358,0.300000101,0.000491567189,-0.01598862,9469
32039,0.330843747,187.270004,0.226540178,0.0462969989,0.185489401,-0.00170962617,-7.79611946e-05,0.409090936,0.300000101,0.00056433375,-0.0148275765,9142
32040,0.219002843,154.259995,0.200836957,0.0543188341,0.188487411,-0.00155900093,-0.000103301798,0.217391312,0.300000101,0.000353072421,-0.0147005133,9413
32041,0.255316347,168.880005,0.185892791,0.0473361239,0.18098478,-0.00135038048,-8.82137028e-05,0.208333343,0.300000101,0.000495262269,-0.0148719205,9066
32042,0.249550983,186.020004,0.195297033,0.0474456511,0.181115031,-0.0016414714,-9.57600059e-05,0.0434782617,0.300000101,0.000404295773,-0.0140530923,8839
32043,0.241115421,183.399994,0.17127113,0.0473562069,0.174939036,-0.00118935492,-9.23239495e-05,0.0909090936,0.300000101,0.000439025898,-0.0138316359,9441
32044,0.216864422,181.289993,0.257921219,0.0592782572,0.177667499,-0.00199041609,-9.79428005e-05,0,0.300000101,0.00035152823,-0.0133029679,8759
32045,0.268651515,218.059998,0.28089565,0.0652871504,0.173839495,-0.00199954724,-0.000107680768,0.0526315793,0.300000101,0.000355025433,-0.0136749977,9604
32046,0.202532321,182.669998,0.198035032,0.0499692634,0.174580008,-0.00153950229,-0.000105906962,0,0.300000101,0.000468181359,-0.0145486677,8786
32047,0.189990595,160.850006,0.185052559,0.0453623794,0.185141623,-0.00137755251,-8.89012881e-05,0.125,0.300000101,0.000447100465,-0.0137015386,9045
32048,0.201225698,170.179993,0.166385755,0.0476056151,0.183879107,-0.00129617238,-8.68884235e-05,0.0833333358,0.300000101,0.000479873619,-0.0169951059,9472
32049,0.10900791,121.589996,0.130715773,0.0452526622,0.180965394,-0.000971706701,-8.1687278e-05,0.0434782617,0.300000101,0.000423447869,-0.0176322106,9448
32050,0.199755222,176.710007,0.190361694,0.050419528,0.189065009,-0.00145805115,-8.32388178e-05,0.130434781,0.300000101,0.000444884296,-0.014205955,9837
32051,0.142321512,143.279999,0.172947347,0.0460151248,0.177949131,-0.00148437277,-7.59521645e-05,0.0434782617,0.300000101,0.00044746598,-0.0140518378,9417
32052,0.124233693,143.300003,0.201920971,0.0505618118,0.17816934,-0.00166656857,-9.14260745e-05,0.0869565234,0.300000101,0.000343218271,-0.0157915298,9523
32053,0.17300646,171.460007,0.198324963,0.0522567406,0.174074292,-0.00162933324,-9.21836545e-05,0.0500000007,0.300000101,0.000423548889,-0.0144824283,9105
32054,0.204202086,193.710007,0.220899105,0.0533145517,0.174759716,-0.00170622813,-0.000104718652,0.0833333358,0.300000101,0.000420329598,-0.0153363189,8835
32055,0.183493897,178.210007,0.170579404,0.0441844054,0.173831269,-0.00130883104,-8.3698571e-05,0.0434782617,0.300000101,0.000375034928,-0.0128152939,9125
32056,0.135702819,151.100006,0.242427826,0.0545440577,0.173638627,-0.00196261914,-9.62514023e-05,0,0.300000101,0.000423039601,-0.0147544257,9371
32057,0.24532707,230.190002,0.2406293,0.054250475,0.178602636,-0.00190768263,-9.9405639e-05,0.130434781,0.300000101,0.000406344014,-0.0146905491,8543
32058,0.223125875,209.149994,0.182512984,0.045076523,0.181253791,-0.00161016127,-8.89651856e-05,0.13636364,0.300000101,0.000274789869,-0.0149760647,8315
32059,0.172887608,173.600006,0.205481902,0.0544172898,0.169556066,-0.00175581127,-0.000109074121,0.0434782617,0.300000101,0.000261710753,-0.0148230596,8272
32060,0.168792337,175.199997,0.244980022,0.0546247363,0.165807009,-0.00169192255,-9.08050351e-05,0,0.300000101,0.000329159433,-0.0128934681,9106
32061,0.185861409,185.5,0.195993856,0.0498993509,0.172311664,-0.00170344149,-9.76814335e-05,0.0454545468,0.300000101,0.000383243547,-0.0137969097,9306
32062,0.186258674,192.619995,0.195630878,0.0525076017,0.18012622,-0.00156259898,-9.67875094e-05,0.0454545468,0.300000101,0.000294236495,-0.0146531509,9191
32063,0.167175815,192.740005,0.202102795,0.048715245,0.179410189,-0.00159415777,-0.000111795474,0.0476190485,0.300000101,0.000349543843,-0.0131480414,8053
32064,0.197428301,208.279999,0.262691915,0.0524469092,0.182993501,-0.00215799711,-9.81992998e-05,0.217391312,0.300000101,0.000352834759,-0.0138203688,8887
32065,0.12252485,146.889999,0.187488765,0.0463622324,0.178503558,-0.00147677492,-9.40918908e-05,0.166666672,0.300000101,0.000364247389,-0.0146906096,9076
32066,0.203227997,198.050003,0.199260861,0.050731618,0.190414757,-0.00171295949,-8.67769631e-05,0.173913047,0.300000101,0.00034934259,-0.0140251042,9608
32067,0.16218631,174.050003,0.197459564,0.0466642641,0.189127013,-0.00176030432,-7.76612433e-05,0.0434782617,0.300000101,0.000293746911,-0.0149486884,9215
32068,0.146609023,167.75,0.209414333,0.0502967313,0.188496634,-0.00169222977,-8.3716237e-05,0.0833333358,0.300000101,0.000379558391,-0.0158065148,9133
32069,0.124687359,161.960007,0.183694705,0.0535641909,0.179647729,-0.0014983674,-0.000100448538,0,0.300000101,0.000263902213,-0.0157066472,9276
32070,0.120757595,155.809998,0.169150293,0.0477304794,0.178061813,-0.00143790559,-9.12539617e-05,0.0434782617,0.300000101,0.000346433662,-0.0158262681,9541
32071,0.194770351,210.449997,0.240158424,0.049431771,0.182299405,-0.00222740299,-8.55694525e-05,0.0434782617,0.300000101,0.000333369913,-0.0144515568,9506
32072,0.115254462,152.199997,0.177128598,0.0480414629,0.175728559,-0.00145510188,-9.48393499e-05,0.0476190485,0.300000101,0.00032230615,-0.0149622764,9615
32073,0.175433859,199.130005,0.255202889,0.0554186366,0.184443519,-0.00217431714,-9.17473444e-05,0.217391312,0.300000101,0.000356528733,-0.0154205058,9439
32074,0.129673138,162.619995,0.170998693,0.0468553118,0.181123182,-0.00154975522,-7.72235071e-05,0.0416666679,0.300000101,0.000269674754,-0.0135685829,9242
32075,0.125154153,161,0.202006862,0.0521890819,0.179845303,-0.00180509721,-8.68352654e-05,0,0.300000101,0.000311704847,-0.0134386783,9296
32076,0.141521007,169.279999,0.178081229,0.0487836264,0.179743588,-0.00160586997,-8.81283413e-05,0.0434782617,0.300000101,0.000236659092,-0.0135452654,9647
32077,0.160805389,184.990005,0.186059579,0.0435861833,0.172284111,-0.00186007901,-7.31596301e-05,0,0.300000101,0.000281979708,-0.0136953285,9850
32078,0.168577671,192.759995,0.214653164,0.0484161191,0.171973929,-0.00195947499,-8.46616895e-05,0,0.300000101,0.000322258682,-0.0150072593,9581
32079,0.20370011,225.059998,0.26786691,0.0504737906,0.180122539,-0.00254617911,-9.579779e-05,0.0454545468,0.300000101,0.000354297576,-0.0143532166,9863
32080,0.228336558,240.369995,0.24856168,0.0550615117,0.178560406,-0.00215929886,-8.78733772e-05,0.130434781,0.300000101,0.000355238386,-0.0162325203,9133
32081,0.230376929,245.910004,0.260701448,0.0542312935,0.18134135,-0.00231731264,-9.03610489e-05,0.130434781,0.300000101,0.000327628368,-0.012915533,9674
32082,0.159153596,187.470001,0.230893493,0.053810101,0.184468597,-0.00195195596,-0.000107002372,0.0454545468,0.300000101,0.000274164864,-0.0179040581,9232
32083,0.106461637,149.080002,0.181192324,0.0446432419,0.177798331,-0.00148526893,-7.78394533e-05,0,0.300000101,0.000200188253,-0.0155645143,9251
32084,0.0783221796,125.389999,0.184898064,0.0482475534,0.172674283,-0.00157505902,-9.38696758e-05,0,0.300000101,0.000258215412,-0.0138376653,8842
32085,0.154241547,193.600006,0.248675466,0.0527845174,0.176883578,-0.0022523168,-9.78477401e-05,0.166666672,0.300000101,0.000257836276,-0.0135449171,9434
32086,0.178175077,208.199997,0.201397553,0.0485063158,0.170091316,-0.0018010526,-9.21148749e-05,0.095238097,0.300000101,0.000280718057,-0.0136789717,9602
32087,0.123433933,169.149994,0.166302875,0.0466838479,0.177618295,-0.00140742748,-9.28853551e-05,0.0434782617,0.300000101,0.000294678204,-0.0137230223,9646
32088,0.124057002,167.570007,0.205706447,0.0511941649,0.182640478,-0.00175618008,-8.85747577e-05,0.095238097,0.300000101,0.000338364451,-0.0143423369,9488
32089,0.114590332,152.779999,0.19353126,0.0500668101,0.183855474,-0.00171214063,-9.12996911e-05,0.0454545468,0.300000101,0.000285451417,-0.0139732808,9263
32090,0.182488471,215.630005,0.261384368,0.0586943962,0.176986545,-0.00242894236,-9.99262993e-05,0.0869565234,0.300000101,0.000300196116,-0.0131924143,9280
32091,0.1062859,155.580002,0.168979526,0.0486088023,0.182946593,-0.0015046607,-8.971442e-05,0.0869565234,0.300000101,0.000251370715,-0.0157998372,9562
32092,0.172110558,208.520004,0.263785303,0.0552217178,0.180154964,-0.00228542369,-0.000123265636,0.25,0.300000101,0.000253460719,-0.0151824923,9320
32093,0.155471504,195.210007,0.188338473,0.050094258,0.19377397,-0.00167907961,-9.86716404e-05,0.0454545468,0.300000101,0.000341096893,-0.0133349644,9656
32094,0.13646625,187.050003,0.196032509,0.0505443104,0.186264202,-0.00175338483,-8.94656041e-05,0.0434782617,0.300000101,0.000249814068,-0.0148588773,6061
32095,0.108896844,152.089996,0.188711792,0.0439868383,0.189492434,-0.00175833027,-8.4365136e-05,0.125,0.300000101,0.000269285374,-0.0133040603,9540
32096,0.0737909675,140.699997,0.183631867,0.0514115915,0.18728821,-0.0015914375,-9.24287815e-05,0.0833333358,0.300000101,0.000294605736,-0.015156284,9042
32097,0.0918227434,135.850006,0.144174978,0.0457577333,0.183909327,-0.00133272074,-9.40825121e-05,0.130434781,0.300000101,0.000286347466,-0.0121173738,9459
32098,0.107503921,153.630005,0.201889694,0.0529634915,0.172532916,-0.00158718077,-0.000105287698,0.0416666679,0.300000101,0.000180706411,-0.0163243432,8989
32099,0.0641620457,122.480003,0.163959503,0.0455277376,0.175704598,-0.00137101079,-9.19611193e-05,0.0434782617,0.300000101,0.000238081178,-0.0159948263,9500
32100,0.10849528,155.009995,0.187094614,0.0487344824,0.173323452,-0.00185964908,-0.000101257509,0.0416666679,0.300000101,0.000211552717,-0.0133829359,9690
32101,0.107159041,160.800003,0.207521632,0.0505565405,0.175447285,-0.00182387501,-9.05611741e-05,0.0434782617,0.300000101,0.000251243939,-0.016683396,9346
32102,0.15230462,198.539993,0.241179258,0.0527483188,0.172542185,-0.00200113631,-9.206494e-05,0.0909090936,0.300000101,0.000300108775,-0.0169017371,9397
32103,0.141490296,195.589996,0.220256567,0.0469538085,0.177494287,-0.00198297878,-7.63995777e-05,0.0869565234,0.300000101,0.000278429186,-0.0153905666,9262
32104,0.11106465,165.320007,0.172962159,0.0551052466,0.18470256,-0.00150798424,-9.99897748e-05,0.0416666679,0.300000101,0.000237964996,-0.0164370686,9097
32105,0.113381021,170.360001,0.266066998,0.059207201,0.181068778,-0.00227814564,-0.000113823939,0.0869565234,0.300000101,0.000326006528,-0.0140417255,9572
32106,0.123466961,180.199997,0.222905248,0.0540101156,0.177338526,-0.00220347987,-9.76034644e-05,0.13636364,0.300000101,0.000226639982,-0.0157076325,8683
32107,0.091706343,143.149994,0.160936624,0.0455235243,0.181111813,-0.00131070928,-9.16719218e-05,0.0909090936,0.300000101,0.000240278168,-0.0144520095,9092
32108,0.146990702,197.460007,0.221819595,0.051956322,0.171864271,-0.00185211492,-8.98373037e-05,0.130434781,0.300000101,0.000232131555,-0.0164632797,8652
32109,0.124598406,182.229996,0.210149035,0.0506979041,0.173761413,-0.00174951588,-0.000103236889,0,0.300000101,0.000300178071,-0.0172665324,9813
32110,0.167341992,218.610001,0.223425686,0.0515228845,0.187062591,-0.00224165758,-9.30621973e-05,0.173913047,0.300000101,0.000206784403,-0.0150195258,9235
32111,0.122232325,175.960007,0.246091455,0.0496194549,0.178186685,-0.00262618228,-0.000100722129,0.181818187,0.300000101,0.000244593335,-0.0134464707,8313
32112,0.126915112,182.320007,0.211372837,0.0509885401,0.16932863,-0.00194721599,-0.000101144586,0.0833333358,0.300000101,0.000297696854,-0.0172076616,8668
32113,0.114328861,175.520004,0.209292039,0.0500024781,0.176294416,-0.00173971616,-8.38055275e-05,0.0434782617,0.300000101,0.000329442322,-0.0157878827,8571
32114,0.116795167,180.960007,0.213579327,0.050962355,0.174105465,-0.00172903948,-9.59437602e-05,0.0434782617,0.300000101,0.000297025137,-0.0148542067,8526
32115,0.075294055,133.720001,0.151510656,0.0447359309,0.178735942,-0.00119576813,-8.34895909e-05,0.0416666679,0.300000101,0.00024658686,-0.0170120969,8304
32116,0.105625391,152.100006,0.216453761,0.0510957129,0.178857595,-0.00189458451,-9.76933516e-05,0.0869565234,0.300000101,0.000275223661,-0.014955963,9563
32117,0.116292737,171.5,0.222444624,0.0490942933,0.175124884,-0.0018944724,-0.000100705707,0.0434782617,0.300000101,0.000224682371,-0.01661334,9712
32118,0.128561363,189.860001,0.221833527,0.0528427362,0.175854445,-0.00173716247,-0.000102068727,0.125,0.300000101,0.000273223646,-0.0177994724,8982
32119,0.124909468,176.080002,0.218598217,0.052321367,0.169842362,-0.00181615655,-0.000106628599,0.0833333358,0.300000101,0.000295229605,-0.0154010328,9656
32120,0.0953489766,146.089996,0.156077802,0.0457689464,0.173176259,-0.00115085312,-8.27546392e-05,0.0454545468,0.300000101,0.000237470769,-0.0139042512,8919
32121,0.122006923,180.029999,0.245890036,0.0550932065,0.179900527,-0.0019585907,-0.000101867721,0.130434781,0.300000101,0.000300378073,-0.0135009317,9726
32122,0.103798896,170.080002,0.204041108,0.053348694,0.173491925,-0.00154380663,-9.80733312e-05,0.130434781,0.300000101,0.000330608687,-0.0145936068,9606
32123,0.0991966948,162.070007,0.203677833,0.047534056,0.182492539,-0.0016214936,-9.54972274e-05,0,0.300000101,0.000315852492,-0.0137040354,9696
32124,0.120999373,171.270004,0.186731294,0.0454025418,0.17511563,-0.00158168818,-8.89211005e-05,0.260869563,0.300000101,0.000155273388,-0.0152224293,9715
32125,0.0813292712,138.979996,0.163293168,0.0419241861,0.176690787,-0.00141059561,-7.61767296e-05,0,0.300000101,0.000238818859,-0.0150283519,9517
32126,0.099932082,164.25,0.204166204,0.0538445376,0.17641741,-0.00156983861,-0.000111758956,0.0434782617,0.300000101,0.000223292649,-0.0150198219,9599
32127,0.144419536,204.679993,0.261971772,0.0531121716,0.163637966,-0.00240222621,-0.000107446249,0.130434781,0.300000101,0.000202519281,-0.0162289403,9385
32128,0.156312868,209.929993,0.209435686,0.0528857596,0.162498623,-0.00192339346,-9.25542117e-05,0,0.300000101,0.000220869377,-0.0183256473,9504
32129,0.102237798,157.399994,0.199316606,0.050108213,0.174526364,-0.00133380236,-9.944458e-05,0.0500000007,0.300000101,0.000256472762,-0.0108780256,9814
32130,0.156316817,214.279999,0.260773838,0.0578470826,0.176254556,-0.00204659137,-0.000103667888,0.260869563,0.300000101,0.000290129974,-0.0151682459,9605
32131,0.0848136842,139.110001,0.159045741,0.0469306633,0.177276433,-0.00115081621,-8.26916876e-05,0.0416666679,0.300000101,0.000193789936,-0.0164838489,9478
32132,0.0421861373,107.489998,0.162414595,0.0493403822,0.176235124,-0.00126229378,-9.24627093e-05,0.0434782617,0.300000101,0.00019267053,-0.0161407627,9269
32133,0.126476139,178.330002,0.206405595,0.0469043553,0.172505885,-0.00170362822,-8.56787956e-05,0.0500000007,0.300000101,0.000248685974,-0.0143132042,8741
32134,0.1498916,199.169998,0.208344281,0.0532985479,0.169760197,-0.00161163241,-0.000108008884,0.095238097,0.300000101,0.00027267469,-0.0166389458,8588
32135,0.127723619,182.470001,0.230578661,0.0579000562,0.168933243,-0.00184832211,-0.000108191198,0.0454545468,0.300000101,0.000241756818,-0.0160948485,9592
32136,0.10245122,161.320007,0.170487881,0.0505104624,0.173699781,-0.00155473687,-9.01104577e-05,0.0416666679,0.300000101,0.000247287593,-0.0171385761,9410
32137,0.145103827,198.119995,0.235104725,0.0522918403,0.177400693,-0.00199847925,-9.9215009e-05,0.173913047,0.300000101,0.000235636209,-0.0147071257,9680
32138,0.144724831,196.789993,0.215600371,0.0482165515,0.178724974,-0.00173043821,-0.000102998034,0.0833333358,0.300000101,0.000237798275,-0.0151195182,9429
32139,0.178214088,221.720001,0.259618074,0.0560697392,0.177095115,-0.00222688681,-0.000102605401,0.173913047,0.300000101,0.000280001463,-0.0140791787,9727
32140,0.165067926,214.509995,0.211322427,0.0546344519,0.175048232,-0.00187160692,-0.00010248473,0,0.300000101,0.000189057304,-0.0137910126,9337
32141,0.15291208,199.229996,0.224388778,0.0610633753,0.175505802,-0.00179466163,-0.000131474924,0.095238097,0.300000101,0.000215018823,-0.0136912242,9676
32142,0.128592491,191.839996,0.209942326,0.0527282394,0.178377122,-0.00153800333,-0.000112176152,0,0.300000101,0.000232263235,-0.0141216544,9777
32143,0.133411407,183.440002,0.188251004,0.0489373468,0.172520638,-0.00157262594,-9.09710143e-05,0.130434781,0.300000101,0.000252647529,-0.0142196547,8644
32144,0.141276494,190.270004,0.17423819,0.048321683,0.180967376,-0.00149740803,-8.63565729e-05,0.0909090936,0.300000101,0.000265182403,-0.0134592718,9819
32145,0.0982229039,158.860001,0.186715871,0.054464858,0.174340069,-0.00152879616,-9.89283872e-05,0,0.300000101,0.000214999993,-0.0153932078,9865
32146,0.14555788,196.330002,0.23542878,0.054249417,0.17618148,-0.00195397157,-9.9907993e-05,0.25,0.300000101,0.000165328995,-0.0157908462,9375
32147,0.103831768,157.5,0.169533104,0.0497290418,0.182698652,-0.00151246449,-0.000108196764,0.0869565234,0.300000101,0.0002720427,-0.0139097925,9243
32148,0.11208576,174.929993,0.213248134,0.0534995906,0.182566807,-0.00167493068,-9.98806208e-05,0.0434782617,0.300000101,0.000265132752,-0.0142013012,9660
32149,0.0877720341,164.149994,0.20633997,0.0544571765,0.175279379,-0.00166051835,-0.000112825743,0,0.300000101,0.000263576105,-0.0172300488,9246
32150,0.111963205,186.669998,0.214376107,0.0543708801,0.174828753,-0.00170598051,-8.31215657e-05,0.0909090936,0.300000101,0.000214253741,-0.0129867205,9677
32151,0.0856215134,154.449997,0.140215024,0.0501712933,0.167832434,-0.00120086898,-9.8250639e-05,0.0434782617,0.300000101,0.000159760646,-0.0170163754,9231
32152,0.0688348114,134.600006,0.215259194,0.0505460016,0.16657722,-0.00164654781,-0.000100080499,0,0.300000101,0.000280649081,-0.0141715724,9322
32153,0.14917247,229.770004,0.324068248,0.0650450513,0.169463322,-0.00273017096,-0.000115189818,0.095238097,0.300000101,0.000262548623,-0.0159920584,9996
32154,0.139239118,206.679993,0.220408231,0.0515222661,0.176946983,-0.00184853619,-9.07185167e-05,0.130434781,0.300000101,0.000282184716,-0.0150292972,9855
32155,0.104095124,167.089996,0.209485635,0.0520332269,0.180449963,-0.00166198332,-9.00057348e-05,0.125,0.300000101,0.000224289004,-0.0160973575,9892
32156,0.0881453454,159.470001,0.178313971,0.0488334745,0.173763186,-0.00143435702,-9.1797272e-05,0.0869565234,0.300000101,0.00026522277,-0.0139857801,10547
32157,0.130962715,188.649994,0.206697628,0.051153522,0.169496059,-0.00182914315,-8.35376559e-05,0.0416666679,0.300000101,0.000247199059,-0.0152822547,10868
32158,0.124646507,176.910004,0.188297674,0.0467303023,0.180755541,-0.0015694669,-8.7631357e-05,0.0909090936,0.300000101,0.000204790369,-0.0147509715,10542
32159,0.124077104,170.690002,0.179712072,0.0430512242,0.1715734,-0.00146275607,-7.61559568e-05,0.095238097,0.300000101,0.00021411007,-0.0171396956,7913
32160,0.185832128,239.470001,0.272088856,0.0581973493,0.169483513,-0.00222434569,-0.000110921545,0.173913047,0.300000101,0.000295901496,-0.0159879457,10448
32161,0.190288648,256.48999,0.26339519,0.0540322773,0.174946994,-0.00219576596,-0.00010518881,0.0833333358,0.300000101,0.000182398944,-0.0162317511,10729
32162,0.13327761,194.25,0.196666926,0.0518534593,0.169359431,-0.0016477051,-8.47861374e-05,0.0416666679,0.300000101,0.000266869203,-0.0151709449,10269
32163,0.103476062,161.089996,0.183451369,0.0528978184,0.173000038,-0.00132190867,-9.76606607e-05,0.095238097,0.300000101,0.000131257984,-0.0152683845,9847
32164,0.091121532,153.220001,0.171675965,0.0522481948,0.166679591,-0.00125476951,-0.000107068867,0.105263159,0.300000101,0.000164790094,-0.0162784141,10559
32165,0.145823464,210.740005,0.262528121,0.060532894,0.170201346,-0.00232361373,-9.93867798e-05,0.0869565234,0.300000101,0.000291004864,-0.0137928762,9736
32166,0.192971066,244.520004,0.236029997,0.053183686,0.171882033,-0.00199773326,-8.1314196e-05,0.0869565234,0.300000101,0.00023972732,-0.0160473622,9693
32167,0.110441886,171.929993,0.193543285,0.0480027311,0.177103609,-0.00154438522,-8.69086944e-05,0.0833333358,0.300000101,0.000240466907,-0.017151257,10737
32168,0.102148518,165.5,0.222144723,0.0523000769,0.171604604,-0.00189677044,-0.000101149744,0.0833333358,0.300000101,0.000172311673,-0.0189164542,10735
32169,0.141290843,206.389999,0.246526837,0.0519241691,0.175260872,-0.00230328226,-0.00011094362,0.200000003,0.300000101,0.000204934418,-0.0168336462,10986
32170,0.135196805,209.360001,0.222873688,0.0541379042,0.172932014,-0.00178605632,-9.7287746e-05,0.0909090936,0.300000101,0.000178274451,-0.0168119241,11007
32171,0.0855490863,168.610001,0.160220206,0.0482105166,0.167201251,-0.00132481568,-0.00010521221,0.0500000007,0.300000101,0.000223820985,-0.0146978525,10795
32172,0.107688434,186.429993,0.241174281,0.0536789782,0.168466091,-0.00180639361,-9.48237212e-05,0.0869565234,0.300000101,0.000318293867,-0.0136506734,10518
32173,0.125140861,187.110001,0.182285771,0.0469252504,0.182118952,-0.00152628357,-8.71417506e-05,0.130434781,0.300000101,0.000204846379,-0.0149963629,10795
32174,0.151994243,214.729996,0.28720963,0.0575738698,0.178604305,-0.00216349727,-0.000107356012,0.173913047,0.300000101,0.000220866626,-0.0179578904,10875
32175,0.157114074,211.339996,0.189608991,0.0475084968,0.175729036,-0.0015469268,-8.82208187e-05,0.095238097,0.300000101,0.000194761466,-0.0135765737,10940
32176,0.117225081,179.869995,0.184575319,0.0496002883,0.171251714,-0.00138828019,-0.000102089718,0.0416666679,0.300000101,0.000246275071,-0.0135954767,10715
32177,0.129801527,195.330002,0.261954606,0.0610022731,0.167256474,-0.00209474494,-0.000111190333,0,0.300000101,0.000190877035,-0.0129895415,10735
32178,0.160669312,229.050003,0.253783762,0.0507248156,0.170637235,-0.00207703817,-8.34633029e-05,0.190476194,0.300000101,0.000228054821,-0.0176061578,10734
32179,0.180875108,248.929993,0.243672654,0.0540311709,0.161480516,-0.0021000104,-9.75797302e-05,0.125,0.300000101,0.000197315094,-0.0143052405,10369
32180,0.155905068,218.139999,0.214938998,0.0508446656,0.16916582,-0.00176299864,-0.00010323841,0.0833333358,0.300000101,0.000301166147,-0.013630189,10686
32181,0.121353842,195.800003,0.250467122,0.0568221249,0.174895495,-0.00198016292,-9.48642191e-05,0.0869565234,0.300000101,0.000227587749,-0.0153195793,9988
32182,0.0935899839,163.050003,0.194445461,0.0478707254,0.17723684,-0.00182985654,-9.41344551e-05,0.13636364,0.300000101,0.000204383949,-0.014820586,9917
32183,0.101463638,167.5,0.232070506,0.0519167855,0.174190864,-0.00176096277,-0.000100994737,0,0.300000101,0.000194413777,-0.0150815789,10535
32184,0.132943466,200.889999,0.214145347,0.0466622114,0.171718895,-0.00146026816,-9.03394975e-05,0.0833333358,0.300000101,0.000191815998,-0.0133431824,10727
32185,0.130691439,202.139999,0.197807714,0.0480305627,0.17439203,-0.00166285282,-8.6570908e-05,0,0.300000101,0.000248236582,-0.0155395623,10638
32186,0.11063195,177.169998,0.205915004,0.0478417091,0.171888381,-0.00161784794,-9.13174736e-05,0,0.300000101,0.000229320183,-0.0167903565,10562
32187,0.11427068,188.279999,0.21975714,0.0528113507,0.175131589,-0.00149066746,-9.54013303e-05,0,0.300000101,0.000229275,-0.0177799277,9385
32188,0.130997434,197.429993,0.216561273,0.047459133,0.177520484,-0.00169499312,-8.04080555e-05,0.0500000007,0.300000101,0.000199686372,-0.0152334394,10828
32189,0.121944189,190.619995,0.187921628,0.0502755083,0.172771037,-0.0013827146,-0.000113304217,0.055555556,0.300000101,0.000212422965,-0.016255632,10842
32190,0.160121262,250.729996,0.362639517,0.0649112612,0.173484117,-0.00281197904,-0.000124868428,0.190476194,0.300000101,0.000256793981,-0.0127882129,10920
32191,0.0976221263,167.029999,0.193785354,0.0487913601,0.180863306,-0.00147952512,-8.75037513e-05,0.166666672,0.300000101,0.000210688828,-0.0153762763,10681
32192,0.111919738,176.520004,0.188964531,0.0475669131,0.174695283,-0.00153952627,-8.6442029e-05,0.125,0.300000101,0.000201842326,-0.0137901213,10546
32193,0.127497286,208.110001,0.257046998,0.05856511,0.172102198,-0.00219825841,-0.00012007128,0,0.300000101,0.000261370296,-0.0144340713,10898
32194,0.104816832,189.630005,0.169599831,0.0489155203,0.179139197,-0.00127465022,-8.69738651e-05,0.0434782617,0.300000101,0.000150851862,-0.0140794115,8499
32195,0.0985814631,175.919998,0.194500744,0.0486166365,0.186051607,-0.00151648093,-0.000101908001,0.190476194,0.300000101,0.000190223989,-0.0153794261,10408
32196,0.119860813,202.990005,0.243091539,0.0560960732,0.179180235,-0.00161895296,-0.000111244808,0.0476190485,0.300000101,0.000232604376,-0.0141797587,10987
32197,0.120041974,180.919998,0.216195136,0.0507518873,0.177650362,-0.00191936025,-8.00289417e-05,0.181818187,0.300000101,0.000211040257,-0.0138796736,10820
32198,0.134337679,195.910004,0.234143138,0.0541807488,0.18496263,-0.00166262663,-9.93852445e-05,0.181818187,0.300000101,0.000186441015,-0.0157087278,10451
32199,0.138971061,210.419998,0.24362056,0.0631213635,0.175067514,-0.00173468981,-0.000108242391,0.142857149,0.300000101,0.000243223709,-0.0138064222,10726
32200,0.146764666,222.860001,0.296305269,0.0613943599,0.17549932,-0.00225499994,-0.00010935546,0.0869565234,0.300000101,0.00022974996,-0.0136202555,9979
32201,0.0920241103,187.160004,0.200685337,0.055979155,0.176910743,-0.00138594338,-0.000119668599,0.0434782617,0.300000101,0.000186544567,-0.0156786982,10738
32202,0.101585664,187.789993,0.232053012,0.0542280152,0.173886105,-0.00170089037,-9.12463802e-05,0.0869565234,0.300000101,0.000226459044,-0.0155441156,10539
32203,0.112782702,190.059998,0.211483106,0.0516505204,0.171450973,-0.00163724355,-8.93188844e-05,0,0.300000101,0.000207135148,-0.0139716491,10820
32204,0.0902752355,175.289993,0.22345373,0.0521679372,0.178736687,-0.00165015273,-0.000100471021,0.125,0.300000101,0.000192342224,-0.014190007,10260
32205,0.0586420856,124.519997,0.142096862,0.0429831445,0.174915493,-0.00118849392,-7.91169587e-05,0,0.300000101,0.000209459555,-0.0135013266,10522
32206,0.0912052765,177.669998,0.262528032,0.0599768013,0.172204107,-0.00205378979,-0.000119989505,0.181818187,0.300000101,0.000229433936,-0.0134680001,10723
32207,0.0875115544,167.740005,0.207568958,0.0494265966,0.171701878,-0.0016587429,-7.95092346e-05,0.0434782617,0.300000101,0.000159951654,-0.0155219547,10560
32208,0.114459611,199.710007,0.222712144,0.0511571504,0.171515226,-0.00183915091,-9.83821665e-05,0.173913047,0.300000101,0.000259710127,-0.0128789814,10474
32209,0.116325669,192.490005,0.205451965,0.0516437776,0.176379532,-0.00160982378,-0.000100635021,0.0434782617,0.300000101,0.000234604464,-0.0161607154,10091
32210,0.102002561,183.279999,0.190139756,0.050902985,0.180517882,-0.00141979638,-8.7740751e-05,0.0869565234,0.300000101,0.000202674564,-0.0173097961,10740
32211,0.064356342,134.25,0.151831403,0.0428365394,0.169714123,-0.00116443145,-6.80079611e-05,0,0.300000101,0.000208067766,-0.0147938766,10635
32212,0.0879938081,161.339996,0.201048493,0.0466601327,0.171108574,-0.00163179834,-7.93762738e-05,0.0476190485,0.300000101,0.000205576827,-0.016620744,10455
32213,0.0874747559,166.979996,0.232993767,0.0542282723,0.17871511,-0.00157972495,-0.000118693672,0.0416666679,0.300000101,0.000210566985,-0.0153744081,10596
32214,0.14376305,220.970001,0.233432323,0.0514170974,0.174247786,-0.00184327946,-8.93724718e-05,0.0909090936,0.300000101,0.000239604313,-0.0155619988,10696
32215,0.125464007,198.029999,0.205886975,0.0508527756,0.176226974,-0.00159945176,-9.60642283e-05,0.0434782617,0.300000101,0.000187972561,-0.0150069278,10623
32216,0.119701505,193.320007,0.202282786,0.050812386,0.168488443,-0.00145073386,-0.000101868944,0.13636364,0.300000101,0.000178106988,-0.0140577704,10784
32217,0.117994942,204.029999,0.295109481,0.06439621,0.166109324,-0.00220605056,-0.000118185722,0.142857149,0.300000101,0.000228770266,-0.0158304442,10801
32218,0.11614316,188.550003,0.181590542,0.0479190275,0.17561689,-0.00141835469,-9.70538968e-05,0.0416666679,0.300000101,0.000194844673,-0.015061317,10323
32219,0.068685554,142.619995,0.219375342,0.0466806032,0.170390069,-0.00160468032,-8.78552819e-05,0.130434781,0.300000101,0.000192006759,-0.0174059533,10562
32220,0.124850541,194.699997,0.210734636,0.0522835478,0.170768365,-0.00171691866,-8.6469634e-05,0.13636364,0.300000101,0.000171412583,-0.0147646228,10511
32221,0.10423167,180.460007,0.214697346,0.050719846,0.171064839,-0.00171968807,-9.85122897e-05,0.142857149,0.300000101,0.000145274738,-0.0142459627,10764
32222,0.13588278,220.029999,0.315906167,0.0547649972,0.167585239,-0.00228401856,-0.000111686248,0.142857149,0.300000101,0.000174317465,-0.0153486514,10586
32223,0.135170251,211.029999,0.207581148,0.0506114475,0.17264542,-0.00142271572,-8.67842173e-05,0.208333343,0.300000101,0.00024530763,-0.0137534561,10660
32224,0.125482842,195.190002,0.230295271,0.0530267656,0.17531535,-0.00192818069,-8.97817663e-05,0.0833333358,0.300000101,0.000215496868,-0.015598123,10472
32225,0.163020298,240.350006,0.305564582,0.0612494946,0.17890279,-0.00236658892,-9.75394505e-05,0.318181813,0.300000101,0.000216832836,-0.0147518031,10532
32226,0.116181031,197.529999,0.189979106,0.0505132265,0.17918615,-0.00136307208,-8.83912217e-05,0.0869565234,0.300000101,0.000146758655,-0.0168827977,10769
32227,0.0733381063,151.589996,0.226936877,0.0509861149,0.178932011,-0.00162053586,-9.59359531e-05,0.0434782617,0.300000101,0.000251957012,-0.0160689112,10723
32228,0.0886249095,169.720001,0.21155329,0.0519758537,0.176210329,-0.00176030921,-9.29199596e-05,0.130434781,0.300000101,0.000184906647,-0.0177561399,10282
32229,0.100331098,171.919998,0.178718686,0.050918933,0.176293254,-0.0011897384,-8.19363922e-05,0.0909090936,0.300000101,0.000241587972,-0.0178673305,10118
32230,0.131737515,215.339996,0.226983294,0.0537985377,0.180450082,-0.00175798044,-9.24565466e-05,0.0909090936,0.300000101,0.000185606783,-0.0178125761,10745
32231,0.103746422,199.009995,0.251210362,0.0582325086,0.174189448,-0.00184212555,-0.000108146487,0.095238097,0.300000101,0.000204587413,-0.0151763679,10335
32232,0.11279805,209.889999,0.292954534,0.0652825758,0.172863871,-0.00221374002,-0.000123376652,0.0476190485,0.300000101,0.000173475055,-0.0146345356,10320
32233,0.10011822,180.910004,0.194982708,0.05050046,0.174184963,-0.00154684368,-8.53838646e-05,0.0454545468,0.300000101,0.000219727503,-0.0168452933,10615
32234,0.0983252525,174.889999,0.211533055,0.0511459596,0.174543381,-0.00161509705,-8.59698266e-05,0.0500000007,0.300000101,0.000247996213,-0.0129461447,10831
32235,0.110977173,182.940002,0.183425874,0.049208533,0.16828987,-0.00165023317,-8.44416427e-05,0.0416666679,0.300000101,0.000221605442,-0.0147086671,10652
32236,0.0463978201,120.639999,0.135368943,0.0444443524,0.169439554,-0.00111517764,-7.96161039e-05,0,0.300000101,0.000174842557,-0.0143410517,10520
32237,0.0790353119,149.740005,0.218125939,0.0504033901,0.172408551,-0.00165158906,-8.58978092e-05,0.142857149,0.300000101,0.000167760518,-0.0174941886,10525
32238,0.105740346,168.529999,0.213482261,0.045980785,0.172247276,-0.00183374388,-8.42713052e-05,0.0869565234,0.300000101,0.000250151177,-0.0149663938,10601
32239,0.117931791,189.899994,0.214323953,0.0510481708,0.169528291,-0.00180551643,-8.94017066e-05,0.0434782617,0.300000101,0.000205868564,-0.0153050264,10490
32240,0.109607667,175.210007,0.231098294,0.0487436615,0.174568042,-0.00197604834,-8.19679699e-05,0.181818187,0.300000101,0.000185532452,-0.0144503042,10483
32241,0.110414572,181.089996,0.211629927,0.0495941602,0.165893778,-0.00165825465,-9.62972263e-05,0.0833333358,0.300000101,0.0002245902,-0.0136142001,10811
32242,0.126324043,198.029999,0.21697782,0.052953776,0.173211142,-0.00181651965,-9.34875352e-05,0.0909090936,0.300000101,0.000180558272,-0.017271081,10649
32243,0.0848955661,159.279999,0.178784296,0.0485894009,0.176505208,-0.00138782174,-8.39888089e-05,0.0833333358,0.300000101,0.000160078824,-0.0156504326,10656
32244,0.0905250534,175.240005,0.250471979,0.0596487038,0.170572981,-0.00191133015,-0.000100628422,0.142857149,0.300000101,0.000270986144,-0.0153823411,10996
32245,0.111673571,197.020004,0.179085806,0.0522545166,0.169098884,-0.00141305919,-8.32429068e-05,0,0.300000101,0.00021397548,-0.0149327777,10616
32246,0.123320088,204.550003,0.248894379,0.0580714308,0.173586011,-0.00197645416,-0.000102059043,0.0833333358,0.300000101,0.000225953758,-0.0146784093,10555
32247,0.135519177,211.210007,0.209345758,0.0495928749,0.179165393,-0.0015646239,-9.74345458e-05,0.260869563,0.300000101,0.000247002783,-0.0151076429,10662
32248,0.103915013,175.679993,0.218400732,0.051190719,0.174721211,-0.00177308824,-8.73698591e-05,0.0434782617,0.300000101,0.000162676413,-0.0152002554,10641
32249,0.0411694944,117.769997,0.160271972,0.0494533889,0.169759378,-0.00117443514,-8.18168264e-05,0.0454545468,0.300000101,0.000163725228,-0.0158295762,10597
32250,0.10002204,189.029999,0.248737067,0.0562724769,0.163520128,-0.00207515014,-0.00010135604,0.125,0.300000101,0.000183496144,-0.0137680043,10561
32251,0.116039447,203.029999,0.212165728,0.0559753105,0.165945038,-0.00162639946,-9.00689483e-05,0.0909090936,0.300000101,0.000187159574,-0.0179358907,10265
32252,0.120874092,210.850006,0.218996853,0.0544003025,0.172252357,-0.00164262205,-0.000100712103,0.166666672,0.300000101,0.000156720576,-0.0163406804,10363
32253,0.089434512,169.910004,0.188467637,0.048841808,0.172261775,-0.00162887538,-9.18644873e-05,0.0869565234,0.300000101,0.000189223167,-0.0150461039,10651
32254,0.100405551,185.080002,0.209886804,0.0495215617,0.167968839,-0.00157157204,-0.000100957594,0.0434782617,0.300000101,0.000192185646,-0.0155818406,10332
32255,0.107218251,191.169998,0.229529426,0.0467960574,0.176266462,-0.00175053056,-0.000110797504,0.13636364,0.300000101,0.000208280399,-0.014833129,10661
32256,0.163523316,241.860001,0.254672021,0.0554549433,0.171197891,-0.00211758632,-0.000116375391,0.222222224,0.300000101,0.000225928787,-0.0148846023,11091
32257,0.129044518,209.380005,0.257513046,0.0535563007,0.177443132,-0.00192978489,-9.29723974e-05,0,0.300000101,0.000201452654,-0.0144783724,10793
32258,0.107595764,187.880005,0.202625185,0.0524003506,0.171218082,-0.0015917964,-9.84859653e-05,0.0500000007,0.300000101,0.000171015534,-0.0192107726,10980
32259,0.0995998532,176.199997,0.227053389,0.0550453849,0.169238061,-0.00162787293,-9.6742966e-05,0.0500000007,0.300000101,0.000209728154,-0.0153467441,10895
32260,0.121794753,205.669998,0.245458975,0.0585612617,0.166824386,-0.00188082084,-0.000111362584,0.0909090936,0.300000101,0.000198293812,-0.0161104947,10961
32261,0.107945919,192.559998,0.234424591,0.0535770655,0.177897602,-0.00215785997,-8.98793078e-05,0.0416666679,0.300000101,0.000305440277,-0.0171390977,10520
32262,0.118500963,211.509995,0.228365272,0.053689599,0.186912447,-0.00175088993,-9.91841953e-05,0.208333343,0.300000101,0.000215475011,-0.015364551,10441
32263,0.0665312931,137.009995,0.200047076,0.0539407134,0.175364062,-0.00155499519,-8.91258533e-05,0.125,0.300000101,0.000179413168,-0.0141020706,10796
32264,0.0385001525,118.150002,0.171942428,0.0458140783,0.171767235,-0.00148074725,-8.18636545e-05,0,0.300000101,0.000188133374,-0.0153385736,10462
32265,0.0730245411,169.460007,0.203727469,0.0538845509,0.169995129,-0.00140543375,-0.000105782441,0,0.300000101,0.000199404385,-0.0157470033,10364
32266,0.118833549,206.75,0.250227988,0.0556840859,0.168358564,-0.00197480503,-0.00010237997,0.0869565234,0.300000101,0.000185705328,-0.0151978442,10732
32267,0.0915710852,173.839996,0.218814254,0.0510138124,0.171768963,-0.00169404666,-9.44257627e-05,0.0416666679,0.300000101,0.000173785986,-0.0152069498,10686
32268,0.0705055967,159.410004,0.19426322,0.0508083217,0.163958699,-0.00143318332,-0.000104310348,0.0434782617,0.300000101,0.000151768036,-0.0147661287,10615
32269,0.0913356245,172.070007,0.17389527,0.0463929959,0.160958856,-0.00131976709,-8.64203175e-05,0.0869565234,0.300000101,0.000110497749,-0.0172037371,10790
32270,0.0786205903,152.330002,0.189790562,0.0527353138,0.157758519,-0.00128917769,-9.17110592e-05,0.055555556,0.300000101,0.000158080496,-0.0154914111,10826
32271,0.0696426556,144.779999,0.190420032,0.0449688658,0.153383881,-0.00148675218,-8.0332873e-05,0.0454545468,0.300000101,0.000182905336,-0.0142492503,10676
32272,0.0873084515,168,0.16169171,0.0418065004,0.156760037,-0.00132734247,-8.78480787e-05,0.0434782617,0.300000101,0.000173928231,-0.014346269,10615
32273,0.0913405046,158.339996,0.232974052,0.0495861024,0.163580447,-0.00182353146,-7.57821617e-05,0.150000006,0.300000101,0.000264072441,-0.0160148125,10715
32274,0.123137802,210.229996,0.254837215,0.063233912,0.162660852,-0.00179068046,-0.000103456958,0,0.300000101,0.000277748215,-0.0145042157,10216
32275,0.102334231,175.380005,0.258791447,0.0582544655,0.176064938,-0.00193058315,-9.01673629e-05,0.095238097,0.300000101,0.000280691049,-0.0139321648,10794
32276,0.0970179439,169.130005,0.2082275,0.0482791364,0.177863821,-0.00154143514,-8.87572314e-05,0.130434781,0.300000101,0.000209589183,-0.0135849109,10572
32277,0.0890337452,168.039993,0.214606375,0.0568998568,0.170353562,-0.00152825029,-0.000101509009,0.0833333358,0.300000101,0.000196684894,-0.0146883968,10631
32278,0.0845218971,159.380005,0.165246576,0.0446832404,0.171158299,-0.00128408137,-0.000100238314,0,0.300000101,0.000206685916,-0.0142119918,10702
32279,0.090815343,166.910004,0.198990867,0.0489026234,0.175135121,-0.0015986003,-8.6609798e-05,0.0833333358,0.300000101,0.000266102346,-0.0140225366,10190
32280,0.113133676,185.970001,0.219241589,0.0513273813,0.168996498,-0.00192026829,-8.61434019e-05,0.181818187,0.300000101,0.000217320674,-0.0146265831,10720
32281,0.10664513,184.369995,0.16422002,0.0506619811,0.164344102,-0.0012108275,-9.30361202e-05,0.0833333358,0.300000101,0.000130661108,-0.0159487091,10465
32282,0.126749143,207.690002,0.240170613,0.0516183265,0.157617897,-0.00187831698,-0.000102303369,0.217391312,0.300000101,0.000113669295,-0.0141314343,10582
32283,0.115055136,187.979996,0.211862221,0.047775086,0.161723971,-0.00149584736,-7.53058266e-05,0.181818187,0.300000101,0.00017519886,-0.0146902995,10765
32284,0.0532298014,138.679993,0.188872904,0.0481836423,0.158543393,-0.00134536531,-9.28613517e-05,0,0.300000101,0.000190989216,-0.0152216973,10493
32285,0.0763845146,164.770004,0.195987955,0.0463403948,0.160818249,-0.00141778111,-9.11040479e-05,0.142857149,0.300000101,0.000221770519,-0.0150244301,10704
32286,0.0993209779,178.649994,0.253427744,0.0564111918,0.160626382,-0.00173704361,-9.98039613e-05,0.0909090936,0.300000101,0.000204823606,-0.0146348178,10777
32287,0.152062058,222.679993,0.271689862,0.0586792827,0.158566087,-0.0020792291,-0.00010777868,0.130434781,0.300000101,0.000177699199,-0.0140431039,10457
32288,0.106435999,193.229996,0.255804688,0.0576833338,0.16834031,-0.00181466632,-0.000121384648,0.181818187,0.300000101,0.000171545733,-0.0154601242,10133
32289,0.125760034,226.300003,0.208589494,0.0461154655,0.162653998,-0.00178922818,-8.26691394e-05,0.13636364,0.300000101,0.000156180991,-0.0169382971,10431
32290,0.0796974227,166.429993,0.201665252,0.0458712168,0.1573084,-0.00154214748,-8.86195267e-05,0,0.300000101,0.000181915064,-0.0146110849,10861
32291,0.129712999,230.600006,0.25890407,0.0596922338,0.159957826,-0.00186930248,-9.79359174e-05,0.130434781,0.300000101,0.00023050094,-0.0166378561,10782
32292,0.166242197,262.579987,0.299057961,0.0550418124,0.173590109,-0.00215644459,-9.94432703e-05,0.285714298,0.300000101,0.000211223436,-0.0159733426,9828
32293,0.162609294,257.01001,0.271900833,0.0586368516,0.163133204,-0.00191781728,-0.000108203632,0.0909090936,0.300000101,0.000187229525,-0.0138285514,10831
32294,0.105587922,196.479996,0.211656049,0.056013722,0.165303573,-0.00165599782,-9.87734165e-05,0,0.300000101,0.000231864935,-0.0153036239,8713
32295,0.0989645496,183.360001,0.220992386,0.0559911989,0.161019474,-0.00181203417,-0.000107892891,0.105263159,0.300000101,0.000219334615,-0.0150625091,10761
32296,0.0916755125,168.740005,0.243084893,0.055532217,0.165839761,-0.00185434707,-0.000105003004,0.100000001,0.300000101,0.000124629456,-0.013469114,10572
32297,0.0888840631,170.940002,0.162958041,0.0511116646,0.162692398,-0.000972257578,-0.000116903779,0.0500000007,0.300000101,0.000155608708,-0.0168771762,10718
32298,0.0890186727,169.869995,0.217745215,0.051446218,0.164573282,-0.0015841088,-0.000118362019,0.0476190485,0.300000101,0.000170789688,-0.0162126888,10779
32299,0.0834331885,161.220001,0.186235964,0.0475258008,0.165755674,-0.00137015549,-9.32538169e-05,0.130434781,0.300000101,0.00021653813,-0.0130717708,10475
32300,0.0725018308,144.119995,0.169595048,0.0434702374,0.161766231,-0.00126571336,-7.81351046e-05,0.0476190485,0.300000101,0.00023230123,-0.0168122854,10823
32301,0.0619175434,144.009995,0.152802199,0.047526598,0.172154307,-0.00107003085,-8.22975635e-05,0,0.300000101,0.000234595122,-0.0143203856,10002
32302,0.0964375064,164.270004,0.200147614,0.0515657142,0.171369612,-0.00185838738,-8.68453062e-05,0.0434782617,0.300000101,0.000199917326,-0.0148703353,10703
32303,0.124497458,197.660004,0.234602123,0.0516870134,0.174956203,-0.00153159501,-9.62554986e-05,0.0869565234,0.300000101,0.000163003104,-0.013734783,10527
32304,0.0689824075,144.160004,0.183372974,0.0493411422,0.16598472,-0.00123370811,-0.000111775575,0.0833333358,0.300000101,0.000219541704,-0.0170152225,10538
32305,0.115364239,188.399994,0.295431077,0.0561966822,0.168578595,-0.00250541768,-8.90917436e-05,0.125,0.300000101,0.000211341088,-0.0153586501,10568
32306,0.116946228,204.889999,0.211813405,0.0515070856,0.173064709,-0.00151171663,-9.28723603e-05,0.0869565234,0.300000101,0.000196065215,-0.0162334275,10654
32307,0.107009761,194.449997,0.202825397,0.0470139794,0.169073522,-0.00170342228,-9.50276954e-05,0.0833333358,0.300000101,0.000168957878,-0.0141591197,10648
32308,0.137267292,216.860001,0.254271418,0.0507183261,0.167889997,-0.00207937928,-9.84874496e-05,0.13636364,0.300000101,0.000173622146,-0.0162851531,10956
32309,0.116524838,215.639999,0.240880743,0.0572156124,0.158445463,-0.00177191664,-0.000105517611,0,0.300000101,0.000202971147,-0.0147844143,10787
32310,0.130485371,219.929993,0.230655953,0.0519439094,0.168833077,-0.00184036477,-8.42534937e-05,0.0454545468,0.300000101,0.000179047493,-0.0156994443,10777
32311,0.111587055,191.350006,0.216994837,0.0497760214,0.159213662,-0.00182979694,-9.22213585e-05,0.142857149,0.300000101,0.000157998205,-0.0131738605,11040
32312,0.0916280523,176.809998,0.199133098,0.0500697605,0.160775468,-0.00144166593,-9.29696616e-05,0.0454545468,0.300000101,0.000189940925,-0.0150412573,10528
32313,0.118709281,194.669998,0.162245333,0.0470367149,0.164286897,-0.00128668861,-7.45297439e-05,0.0909090936,0.300000101,0.000230075573,-0.0152919842,10665
32314,0.0812078267,155.800003,0.222142383,0.0512747541,0.164172024,-0.00170100597,-9.40800674e-05,0.0416666679,0.300000101,0.000203414616,-0.012500627,10758
32315,0.0854974538,170.559998,0.221223325,0.0545507297,0.168999076,-0.00181602314,-9.4362942e-05,0.125,0.300000101,0.000184167933,-0.0139902793,10490
32316,0.0976670906,186.770004,0.270045906,0.0589808784,0.169557735,-0.00223252038,-0.000103174913,0.13636364,0.300000101,0.000174314453,-0.0169959497,10732
32317,0.096448347,183.710007,0.193385124,0.0551261306,0.166523203,-0.00170905597,-9.39500678e-05,0.100000001,0.300000101,0.000175527559,-0.0171875041,10600
32318,0.0798008516,151.580002,0.196245268,0.0476819947,0.164547414,-0.00144659972,-7.70655897e-05,0.0454545468,0.300000101,0.000233645012,-0.0141014652,10681
32319,0.0965393186,177.399994,0.206877306,0.05398155,0.17653656,-0.0017136184,-8.85093395e-05,0.0909090936,0.300000101,0.000179985422,-0.0145649575,10750
32320,0.078954339,164.009995,0.186398238,0.0549609289,0.171737105,-0.0013648679,-0.000104291976,0,0.300000101,0.000185222219,-0.0160678457,10479
32321,0.102546558,187.449997,0.18720217,0.0487323143,0.174287409,-0.00163510861,-8.755405e-05,0.0434782617,0.300000101,0.00014497833,-0.0151439765,10616
32322,0.104083411,180.539993,0.249416336,0.0523202308,0.16338031,-0.00180559536,-0.00010747763,0.0476190485,0.300000101,0.000262672489,-0.0170483198,10717
32323,0.116117209,208.259995,0.20512633,0.0561300628,0.170343488,-0.00160745252,-9.74639552e-05,0.125,0.300000101,0.000202500945,-0.0179153122,10611
32324,0.106845595,207.300003,0.280150622,0.0598886684,0.172172636,-0.00203597452,-9.13401236e-05,0,0.300000101,0.000229881582,-0.016810447,10911
32325,0.0961379185,192.559998,0.193754941,0.0541439503,0.167200178,-0.00122980052,-9.8565848e-05,0.0416666679,0.300000101,0.0001529336,-0.016596226,10734
32326,0.0958891958,179.880005,0.234148577,0.0557565428,0.166825891,-0.00181425689,-0.000104451479,0.095238097,0.300000101,0.000173977867,-0.0162758157,10838
32327,0.136773348,214.380005,0.270951569,0.0598509759,0.166073501,-0.00207686354,-0.000107318672,0.0909090936,0.300000101,0.000138607487,-0.0161831584,10769
32328,0.098794587,173.520004,0.223578572,0.0524413176,0.157572389,-0.00175824016,-8.4206069e-05,0.0500000007,0.300000101,0.000252020516,-0.0136919841,10913
32329,0.0904053226,175.889999,0.186681271,0.0498503521,0.16763413,-0.00136590586,-8.75734258e-05,0.0434782617,0.300000101,0.000193305445,-0.0148150586,10491
32330,0.114162251,195.020004,0.232397154,0.0555422753,0.169858426,-0.00182057673,-0.000103293125,0.190476194,0.300000101,0.000191997096,-0.0140951844,10659
32331,0.146601826,233.429993,0.290747017,0.063844353,0.17054379,-0.0021928004,-0.000102902421,0.173913047,0.300000101,0.000204624084,-0.0159423873,10790
32332,0.14469336,235.889999,0.283100754,0.0609740205,0.167213708,-0.00233172905,-0.000113787813,0.13636364,0.300000101,0.000168509097,-0.0139306672,10688
32333,0.100434631,186.300003,0.179840058,0.050702367,0.16762808,-0.00129952363,-9.03164109e-05,0,0.300000101,0.000187675294,-0.0149638355,10648
32334,0.0995151699,192.610001,0.295886755,0.0586112402,0.168338269,-0.00227753003,-0.000106671025,0.100000001,0.300000101,0.000175510577,-0.0145799024,10844
32335,0.072770685,170.470001,0.197019786,0.0507850125,0.171011776,-0.00138034695,-9.422117e-05,0.0416666679,0.300000101,0.000240697569,-0.0146169504,10763
32336,0.112682819,203.589996,0.264215589,0.0555497706,0.166432902,-0.00206822017,-9.45736683e-05,0.125,0.300000101,0.000172716187,-0.0179160647,10616
32337,0.141218409,226.440002,0.295319676,0.0604761131,0.165636241,-0.002428615,-9.93287831e-05,0.130434781,0.300000101,0.000190374136,-0.0164220277,10121
32338,0.111045972,201.190002,0.237356469,0.0604563951,0.163159415,-0.00150249561,-0.000103275546,0,0.300000101,0.000179810508,-0.0152413324,10717
32339,0.0994606912,197.509995,0.274263471,0.0646123514,0.160092413,-0.00202073273,-0.000106640415,0.0500000007,0.300000101,0.000206831493,-0.0168720465,10904
32340,0.0938213617,186.929993,0.240521088,0.060405191,0.157103583,-0.00167668669,-9.94664733e-05,0.0909090936,0.300000101,0.000104122111,-0.0154066356,10801
32341,0.129284039,217,0.214318186,0.0521877222,0.157452822,-0.00176247174,-9.36045471e-05,0,0.300000101,0.000174709348,-0.0140369646,10929
32342,0.120252468,215.490005,0.228138372,0.0532341227,0.156890124,-0.00182995293,-9.48300367e-05,0.13636364,0.300000101,0.000158322742,-0.0146230292,10979
32343,0.107049204,190.029999,0.228471175,0.0504682846,0.160870671,-0.00207976601,-8.54495811e-05,0.0909090936,0.300000101,0.00016793792,-0.0129938414,10957
32344,0.119806916,215.529999,0.292764246,0.0639943779,0.159243152,-0.00240893476,-0.000116601354,0,0.300000101,0.000179680239,-0.0149501599,10503
32345,0.0940017328,198.580002,0.219376042,0.0477120019,0.168830439,-0.0018278819,-0.000103369333,0,0.300000101,0.000223764204,-0.0141283646,10699
32346,0.0908130035,177.110001,0.209369153,0.056533467,0.162702784,-0.00162914349,-8.62979068e-05,0.0833333358,0.300000101,0.000224056916,-0.0159553364,10525
32347,0.110142618,194.360001,0.256398737,0.0614703856,0.171735391,-0.00198047608,-9.67677188e-05,0.0909090936,0.300000101,0.000196288238,-0.0147608044,10742
32348,0.0812050924,154.899994,0.173008978,0.0475167334,0.170891151,-0.00144149864,-7.73559805e-05,0.0416666679,0.300000101,0.000169918989,-0.0147137428,10651
32349,0.11228548,193.869995,0.317666441,0.0626158863,0.166254014,-0.00247352826,-0.000107667409,0.238095239,0.300000101,0.000212345112,-0.0125881396,10399
32350,0.114366502,207.820007,0.268859863,0.0595975481,0.17319572,-0.00232015736,-0.000113432689,0.0416666679,0.300000101,0.000202237454,-0.0150654344,10780
32351,0.125022858,215.399994,0.234618545,0.0553319454,0.173267484,-0.00176431739,-9.35638673e-05,0.125,0.300000101,0.000181860611,-0.0144785903,9911
32352,0.0874124989,187.119995,0.21591717,0.0585537478,0.169176847,-0.00158907415,-8.97602004e-05,0.0434782617,0.300000101,0.000174500543,-0.0148361754,10675
32353,0.0770031959,172.360001,0.212277532,0.0534039438,0.165807202,-0.001516385,-9.51943657e-05,0.125,0.300000101,0.000186294608,-0.0143431453,10441
32354,0.114394307,203.679993,0.226862729,0.060400717,0.166091293,-0.00188681099,-0.000107520667,0,0.300000101,0.000134220289,-0.0152646424,8728
32355,0.128612876,223.710007,0.256047159,0.0591596775,0.167044267,-0.00189584494,-9.99592739e-05,0.100000001,0.300000101,0.000160652969,-0.0155867171,9548
32356,0.125040799,224.800003,0.287942201,0.0651538,0.169226855,-0.00236354978,-0.000130939225,0.130434781,0.300000101,0.000164728292,-0.0134835243,9985
32357,0.106840678,198.639999,0.170548141,0.0503291115,0.164701968,-0.00125553343,-8.07623219e-05,0.095238097,0.300000101,0.000164263722,-0.0148466984,9083
32358,0.0826733559,156.580002,0.17795749,0.0454708226,0.162564501,-0.00145772134,-8.21806243e-05,0.0909090936,0.300000101,0.000164340454,-0.0139293279,10916
32359,0.116035379,204.869995,0.305687189,0.0673393756,0.164384484,-0.00256587472,-0.000120072938,0.095238097,0.300000101,0.000235030748,-0.0151442476,11100
32360,0.107502058,193.369995,0.16846256,0.0491591394,0.166624606,-0.00151543797,-6.77105927e-05,0.130434781,0.300000101,0.000158230454,-0.0127946287,10661
32361,0.117593892,188.600006,0.281952083,0.0574500486,0.164201051,-0.00239738659,-8.58732892e-05,0.130434781,0.300000101,0.000206754994,-0.0160796512,9433
32362,0.126727238,211.960007,0.239682794,0.0567333587,0.17258656,-0.00179870462,-8.99097577e-05,0.190476194,0.300000101,0.000216458458,-0.0152011029,9686
32363,0.120291904,215.779999,0.263078541,0.0592380464,0.173604131,-0.00226127403,-0.000101023899,0.0869565234,0.300000101,0.000222920688,-0.0141274948,9786
32364,0.122514293,207.059998,0.222858787,0.0555902198,0.172566518,-0.0017953713,-9.44358253e-05,0.0434782617,0.300000101,0.000199335074,-0.0129529573,10531
32365,0.0994479582,182.309998,0.171498775,0.047719989,0.170901865,-0.00126051961,-8.46568146e-05,0.0869565234,0.300000101,0.000145077458,-0.0144621786,10451
32366,0.0910642967,166.169998,0.194323272,0.0497001186,0.173756123,-0.00151413435,-6.97531941e-05,0,0.300000101,0.000207121091,-0.0141291702,10123
32367,0.142997384,245.160004,0.340921968,0.0725104213,0.182619095,-0.00262019783,-0.0001206569,0.125,0.300000101,0.000211197243,-0.0138040669,10618
32368,0.131587625,224.360001,0.21081844,0.0524973758,0.168912023,-0.00170782686,-9.33633273e-05,0.0434782617,0.300000101,0.000154891633,-0.0144423917,10851
32369,0.0948015377,187.070007,0.235210136,0.0491767153,0.175324976,-0.001802427,-8.18060144e-05,0.0869565234,0.300000101,0.000184754972,-0.0146528566,10637
32370,0.123115964,224.820007,0.243197337,0.0595919788,0.175122544,-0.00164976262,-9.78858079e-05,0.0869565234,0.300000101,0.00017348367,-0.0164256785,10645
32371,0.0507450812,146.369995,0.183457777,0.0514429957,0.172433138,-0.00125581387,-8.08780751e-05,0.0833333358,0.300000101,0.000151508255,-0.0171288271,10723
32372,0.0352857858,129.360001,0.194101512,0.0557834357,0.167978942,-0.00135187188,-9.07727808e-05,0.0833333358,0.300000101,0.000241102287,-0.0143325338,10616
32373,0.111738019,205.910004,0.237334132,0.0552950017,0.175783843,-0.00178570847,-9.45480788e-05,0.0454545468,0.300000101,0.000167077917,-0.014995818,8936
32374,0.0641680658,146.75,0.188977405,0.0530489348,0.175642535,-0.00162723113,-8.49975986e-05,0.0434782617,0.300000101,0.0002094261,-0.0139981322,9574
32375,0.103046708,189.279999,0.193060637,0.0511958413,0.170866355,-0.00153698155,-7.83098731e-05,0.130434781,0.300000101,0.000181027834,-0.0140639842,9692
32376,0.0952934921,191.710007,0.225509107,0.0553778931,0.172648996,-0.00161851908,-9.2734932e-05,0.0434782617,0.300000101,0.000151826986,-0.0135870269,9806
32377,0.0947212204,189.649994,0.20957759,0.054564245,0.172507823,-0.00149147818,-9.58226374e-05,0.105263159,0.300000101,0.000178142363,-0.0150853684,9286
32378,0.113657884,214.330002,0.281049997,0.061654415,0.170991033,-0.00213070191,-0.000111584595,0.173913047,0.300000101,0.000204909011,-0.0163462814,9578
32379,0.0849605501,181.360001,0.197793439,0.0565278754,0.17843923,-0.00156423845,-0.000107941669,0.0454545468,0.300000101,0.000157708288,-0.012747786,9241
32380,0.0860600322,176.339996,0.235673085,0.0605528206,0.16873762,-0.00159889401,-0.000102226564,0.227272734,0.300000101,0.000211649749,-0.0138038946,9018
32381,0.119005576,203.580002,0.231390134,0.0548960716,0.180722684,-0.00167244545,-9.06445348e-05,0.130434781,0.300000101,0.000202793293,-0.0173186865,9790
32382,0.0852210671,166.289993,0.201235801,0.0508607775,0.180208012,-0.00144900195,-7.42705233e-05,0.0833333358,0.300000101,0.000215799941,-0.01525963,9227
32383,0.0879102349,163.869995,0.20096454,0.0507580601,0.17465058,-0.00156754581,-8.69153664e-05,0.0454545468,0.300000101,0.000115765099,-0.013532592,9895
32384,0.071486868,169.820007,0.273427784,0.0640012696,0.174069807,-0.00164247479,-0.000114153161,0.0454545468,0.300000101,0.000173549444,-0.0140139237,9827
32385,0.101044036,202.720001,0.24456349,0.0556599759,0.171363384,-0.00181816146,-0.000101128033,0.0500000007,0.300000101,0.000174528774,-0.0132860318,9525
32386,0.120721325,223.919998,0.247576416,0.0648282766,0.171667188,-0.00168284751,-0.000100191646,0.0454545468,0.300000101,0.000173032982,-0.0158664249,9389
32387,0.0965738446,208.809998,0.236715034,0.0605127551,0.166167602,-0.00179919263,-0.000103178922,0.117647059,0.300000101,0.000129536042,-0.0158848036,9453
32388,0.120005265,241.949997,0.349595279,0.0700011849,0.16752699,-0.00239045429,-0.000136517454,0,0.300000101,0.000143241778,-0.0133829815,9936
32389,0.0958526433,211.850006,0.221293166,0.0518402457,0.166590571,-0.00162073877,-9.74011273e-05,0.150000006,0.300000101,0.000212531275,-0.0133064445,10096
32390,0.111550622,208.820007,0.235606804,0.0593045354,0.166598916,-0.00177238323,-9.12971664e-05,0.0909090936,0.300000101,0.000145734171,-0.0130948089,9994
32391,0.113821723,200,0.198752403,0.049432978,0.166583151,-0.00147160131,-8.94475888e-05,0.13636364,0.300000101,0.000220034097,-0.0145023232,9097
32392,0.131345913,224.139999,0.264600217,0.0566668995,0.174813077,-0.00184734061,-8.96821148e-05,0.0869565234,0.300000101,0.000203391697,-0.0144266067,9717
32393,0.0956659615,186.020004,0.233407781,0.0533674322,0.170276925,-0.00152657961,-9.54940188e-05,0.0454545468,0.300000101,0.0001494311,-0.0170457289,9858
32394,0.108925246,201.550003,0.224080592,0.0559832603,0.165381789,-0.00172329415,-9.09610317e-05,0.0476190485,0.300000101,0.000165313104,-0.0132448273,7787
32395,0.0782635808,166.190002,0.190733731,0.0511561409,0.171871528,-0.00131236657,-8.77132843e-05,0.0476190485,0.300000101,0.000185557961,-0.0162940715,9739
32396,0.117943674,204.279999,0.266221672,0.0587636903,0.172279879,-0.00178610603,-0.000102677914,0.130434781,0.300000101,0.00024221756,-0.0143043958,9219
32397,0.0864333361,176.25,0.219914138,0.0501465872,0.178231478,-0.00160528568,-9.22467443e-05,0.208333343,0.300000101,0.000160531679,-0.0173293632,9846
32398,0.084946081,163.389999,0.18725118,0.049772203,0.179833978,-0.0013848301,-8.88013019e-05,0.0869565234,0.300000101,0.000187864003,-0.0154062482,9870
32399,0.0980946496,185.619995,0.264618367,0.0660382658,0.170261607,-0.00213669892,-0.000130170883,0,0.300000101,0.000148862993,-0.0147287352,8901
32400,0.106343098,208.710007,0.242866144,0.0605735257,0.169316947,-0.00164384267,-9.71325135e-05,0.150000006,0.300000101,0.000141445576,-0.0150485383,9918
32401,0.0939497128,199.210007,0.218751833,0.0518043824,0.173908576,-0.00162542483,-0.000122104087,0.0434782617,0.300000101,0.000196269044,-0.0152117647,9138
32402,0.0831889063,162.389999,0.136786982,0.0446401387,0.166860551,-0.00100872281,-7.38973395e-05,0.0434782617,0.300000101,0.000156642229,-0.0136472406,9903
32403,0.0824383274,170.710007,0.258284152,0.057097882,0.173490047,-0.00197940227,-9.69037865e-05,0.0416666679,0.300000101,0.000179691051,-0.0155698108,9627
32404,0.0768496245,152.470001,0.171173543,0.0476539396,0.176927865,-0.00126795459,-7.95355081e-05,0.0416666679,0.300000101,0.000198231559,-0.0158747267,9812
32405,0.0962764919,183.740005,0.23005107,0.0503215417,0.169036508,-0.0017084328,-9.80527038e-05,0.0454545468,0.300000101,0.000182432283,-0.0148591083,9363
32406,0.0819396749,172.899994,0.207067162,0.0467486382,0.174415395,-0.00155199959,-8.30357167e-05,0.217391312,0.300000101,0.000209711725,-0.0170245469,9682
32407,0.081053175,184.899994,0.231414139,0.0563397296,0.172155008,-0.00166530395,-0.000110936679,0.0869565234,0.300000101,0.000164522091,-0.0154636335,9584
32408,0.0791700482,169.440002,0.229208022,0.0590604283,0.171558246,-0.00158070575,-0.000104269733,0.0909090936,0.300000101,0.000173006381,-0.0151309986,9548
32409,0.086956434,170.580002,0.176769316,0.043931555,0.175994903,-0.00143833959,-9.49851674e-05,0.0476190485,0.300000101,0.00018434193,-0.0137947667,9938
32410,0.107145704,192.570007,0.305798888,0.0596437193,0.173856795,-0.00235835463,-0.000105212966,0.095238097,0.300000101,0.000155472575,-0.0150037399,9309
32411,0.101668447,206.649994,0.19726418,0.0515374281,0.169821709,-0.0013048359,-0.000100085308,0.130434781,0.300000101,0.000215665859,-0.0137046948,9945
32412,0.0673664659,158.550003,0.228183359,0.0521128848,0.173739076,-0.00171359698,-9.13636177e-05,0.125,0.300000101,0.000169321967,-0.0147654517,9690
32413,0.0719121471,174.960007,0.245899484,0.054127045,0.173292086,-0.00195498904,-8.79292274e-05,0.181818187,0.300000101,0.000202854266,-0.0156881679,9457
32414,0.108609997,196.880005,0.212292761,0.0541379601,0.170663118,-0.00161799113,-8.89018993e-05,0.0833333358,0.300000101,0.000202012001,-0.0150089748,9065
32415,0.0874552503,190.160004,0.241231859,0.0550101809,0.176368207,-0.00205114484,-0.000100686178,0.181818187,0.300000101,0.000165343867,-0.0159873907,9792
32416,0.0762175843,174.5,0.171656847,0.0529220924,0.176887631,-0.0012253907,-9.52723785e-05,0.0909090936,0.300000101,0.000186247649,-0.0176758673,9684
32417,0.0673689395,149.809998,0.179369733,0.0490636639,0.172703743,-0.0015005382,-9.07554058e-05,0.13636364,0.300000101,0.000158331939,-0.0131487818,9593
32418,0.0536005609,144.279999,0.206051275,0.0542967618,0.165184006,-0.00164137222,-9.82272177e-05,0,0.300000101,0.000164928933,-0.0142250983,9607
32419,0.091231212,192,0.265277058,0.0575106367,0.172721192,-0.00201881258,-0.000135684168,0.142857149,0.300000101,0.000206521465,-0.0155003071,9415
32420,0.106480412,206.580002,0.255797833,0.0595987327,0.169507384,-0.00193076942,-9.31628529e-05,0.150000006,0.300000101,0.000144849968,-0.0164797809,10073
32421,0.0634076744,144.389999,0.216242969,0.0556184389,0.15870218,-0.00176464685,-8.53510137e-05,0,0.300000101,0.000130995919,-0.014556325,9969
32422,0.0726432353,164.570007,0.234430492,0.0566052273,0.162466586,-0.00169659639,-9.6516007e-05,0.0476190485,0.300000101,0.000156728245,-0.0165093243,9614
32423,0.0990709662,189.199997,0.237335816,0.0506840684,0.164226115,-0.00167941127,-9.77125164e-05,0.260869563,0.300000101,0.000153945977,-0.0173968468,8760
32424,0.125845015,230.190002,0.287252575,0.0612001531,0.165389717,-0.00238089822,-0.000105239051,0.173913047,0.300000101,0.000213542167,-0.0154022994,9559
32425,0.118591823,228.279999,0.218595296,0.0549457669,0.168064281,-0.00196175277,-9.74017821e-05,0.0909090936,0.300000101,0.000184557139,-0.0146448407,9502
32426,0.106966801,197.910004,0.19205302,0.0503760874,0.166891262,-0.00160068006,-8.53271486e-05,0.13636364,0.300000101,0.000216203494,-0.0137587348,9873
32427,0.127428234,211.970001,0.240192354,0.0483481064,0.162421748,-0.00211896794,-8.03682633e-05,0.0869565234,0.300000101,0.000213694642,-0.0163015742,9776
32428,0.157954052,239.570007,0.273898035,0.0566708446,0.162034854,-0.00227637729,-9.41349645e-05,0.125,0.300000101,0.00013156503,-0.0154422401,9159
32429,0.0969458669,181.889999,0.193085894,0.054066442,0.157603472,-0.00147546595,-9.53093113e-05,0.0454545468,0.300000101,0.000144886697,-0.0138725424,10043
32430,0.0695072189,159.229996,0.2319417,0.0536012612,0.160038888,-0.00177481677,-8.88678114e-05,0.125,0.300000101,0.000147528262,-0.0139865074,9482
32431,0.0853222385,181.050003,0.19163461,0.0499231517,0.15681082,-0.00136087707,-0.000104563245,0,0.300000101,0.000151664979,-0.0162783936,10110
32432,0.0681521446,155.639999,0.205928847,0.0482012406,0.160174936,-0.00160039333,-8.79937361e-05,0,0.300000101,0.000203098214,-0.0137507301,9257
32433,0.113179669,205.699997,0.26939562,0.0544445366,0.162838981,-0.00201137131,-9.71937552e-05,0.125,0.300000101,0.000158578812,-0.0155962631,9668
32434,0.121716969,207.960007,0.260405898,0.0560491979,0.156663686,-0.00224269857,-9.17404832e-05,0.0454545468,0.300000101,0.000180918054,-0.0154769905,9804
32435,0.156640917,235.960007,0.234539196,0.0566630475,0.160795435,-0.00205605011,-8.67135968e-05,0.130434781,0.300000101,0.000169008024,-0.0135811931,9738
32436,0.136601716,221.220001,0.251339674,0.0589622781,0.163972244,-0.00182993407,-0.000109633605,0.0454545468,0.300000101,0.000148384788,-0.0149280531,9716
32437,0.126004353,227,0.290616751,0.0648014918,0.169918641,-0.00236426527,-0.000111808986,0.227272734,0.300000101,0.000182880001,-0.0130212428,9090
32438,0.0612581037,136.369995,0.181782141,0.0522326045,0.163963392,-0.00131184747,-7.97467437e-05,0.0454545468,0.300000101,0.00015835333,-0.015249907,9672
32439,0.0618091747,149.490005,0.197952613,0.0531180017,0.163629919,-0.00147385558,-9.62285849e-05,0.0869565234,0.300000101,0.000164992569,-0.0148067717,9629
32440,0.113056228,200.429993,0.232529566,0.0538196787,0.165411934,-0.00164146721,-8.60313667e-05,0.130434781,0.300000101,0.00015300719,-0.0169434976,9529
32441,0.111882277,201.509995,0.2530967,0.0539696366,0.160141349,-0.00195693551,-9.5737254e-05,0.125,0.300000101,0.00014824477,-0.0141978087,9282
32442,0.098810263,198.210007,0.247915268,0.0516414046,0.167259216,-0.00192657812,-9.76819938e-05,0.0833333358,0.300000101,0.000177820009,-0.0166277736,9490
32443,0.107914932,206.929993,0.272588015,0.056215059,0.166616321,-0.00208992558,-9.92497371e-05,0.142857149,0.300000101,0.000192885156,-0.0139478259,9900
32444,0.129741058,225.100006,0.302860618,0.0603202097,0.16314882,-0.0023254042,-8.88789873e-05,0.227272734,0.300000101,0.000189678482,-0.0176668372,8571
32445,0.127613679,215.149994,0.27195254,0.0570197925,0.169922635,-0.0021248206,-0.000108859371,0.0909090936,0.300000101,0.000167672028,-0.0162187051,9654
32446,0.0744170174,161.679993,0.201342791,0.0504700951,0.166922152,-0.0014137245,-9.69359462e-05,0,0.300000101,0.00020324449,-0.0158044994,9209
32447,0.0925553143,175.339996,0.198656157,0.0495035462,0.170256019,-0.00157734624,-9.07825306e-05,0.0454545468,0.300000101,0.000150181499,-0.0160515998,9749
32448,0.108431064,194.759995,0.244058117,0.0533859059,0.172306389,-0.00197941973,-0.000101825557,0.0833333358,0.300000101,0.000208816244,-0.0150408344,9560
32449,0.0864177123,167.270004,0.190844581,0.0496902242,0.168238699,-0.00135023962,-8.88834766e-05,0.0476190485,0.300000101,0.000155766655,-0.0155873215,10023
32450,0.0887521729,174.699997,0.224366561,0.0553295575,0.161662877,-0.00178995391,-9.20145394e-05,0.0434782617,0.300000101,0.000143165162,-0.0142872594,9231
32451,0.123529091,208.809998,0.279173046,0.0580153279,0.157849997,-0.00205777679,-0.000112358823,0.0909090936,0.300000101,0.000185369383,-0.0132872052,9871
32452,0.105128936,188.869995,0.198971435,0.0549802892,0.165390626,-0.00145245565,-0.000109332032,0.0833333358,0.300000101,0.00015287986,-0.0152200405,9474
32453,0.0837297663,171.229996,0.205272004,0.0501548871,0.156511039,-0.00128279079,-0.00010946484,0.095238097,0.300000101,0.000114716226,-0.0143846422,9827
32454,0.0865764841,177.570007,0.231702715,0.0512536876,0.157456502,-0.00170492101,-0.000117388961,0.0500000007,0.300000101,0.00017079238,-0.0140796322,9472
32455,0.127041548,227.729996,0.29771477,0.0654685199,0.157017857,-0.00194922218,-0.000121012228,0.0909090936,0.300000101,0.000180667019,-0.0144303227,9080
32456,0.170049459,268.220001,0.280527234,0.0595081449,0.158394352,-0.00188185496,-9.42430634e-05,0.0476190485,0.300000101,0.000199700691,-0.0168077238,10046
32457,0.097414121,172.809998,0.195074618,0.0525755286,0.161992863,-0.00146747113,-7.77225796e-05,0.0869565234,0.300000101,0.00015401555,-0.0172648802,9923
32458,0.069678247,157.029999,0.172825813,0.0486958921,0.16289717,-0.00116526382,-8.78632054e-05,0.0833333358,0.300000101,0.00020997363,-0.0135699529,9483
32459,0.0858958885,182.470001,0.230091855,0.0546548218,0.165959641,-0.00153813907,-0.000100668542,0.0833333358,0.300000101,0.000203721502,-0.013797855,9063
32460,0.098377578,179.710007,0.236192197,0.0510043167,0.169669241,-0.00172545947,-9.38385565e-05,0.173913047,0.300000101,0.000161779259,-0.0151022002,9930
32461,0.0915368721,176.839996,0.217060179,0.0509264208,0.166695923,-0.00148313947,-8.46788607e-05,0.130434781,0.300000101,0.000197536996,-0.0155800572,9630
32462,0.100828156,191.869995,0.214399844,0.0524371974,0.172793373,-0.00161386968,-8.31502184e-05,0.0869565234,0.300000101,0.000191556421,-0.0145338988,9155
32463,0.0563111119,145.139999,0.19381167,0.0539044403,0.169585735,-0.00129596516,-9.80319164e-05,0,0.300000101,0.000155849135,-0.0175229162,9665
32464,0.0837827995,176.759995,0.227541283,0.0556433685,0.173506662,-0.00141761231,-0.00011010193,0.173913047,0.300000101,0.000160645257,-0.0127108516,9038
32465,0.13161397,227.820007,0.263406932,0.0513557829,0.168901727,-0.00194970553,-9.93551876e-05,0.0476190485,0.300000101,0.000132783971,-0.0148922428,9969
32466,0.121122956,210.039993,0.227070689,0.0560678132,0.159741402,-0.001676669,-0.000124671365,0.0500000007,0.300000101,0.000144048812,-0.0167630352,9797
32467,0.0993564501,201.5,0.236641407,0.0581060089,0.155894816,-0.00168579642,-9.7132157e-05,0.0476190485,0.300000101,0.00019092299,-0.015631754,9373
32468,0.094335869,191.779999,0.243492961,0.0544489846,0.171001434,-0.00171681622,-9.17727011e-05,0.125,0.300000101,0.000199108268,-0.0157050584,9018
32469,0.104117043,192.570007,0.226451233,0.0515976064,0.165482372,-0.00163547404,-7.70346523e-05,0.0869565234,0.300000101,0.00018937909,-0.014897773,9789
32470,0.103079297,190.889999,0.214997441,0.0544535182,0.165184885,-0.00146834529,-9.39432939e-05,0.125,0.300000101,0.000182800199,-0.0141538354,9347
32471,0.0641265661,136.740005,0.149365574,0.0467890911,0.164491057,-0.00113405869,-6.8189067e-05,0.0416666679,0.300000101,0.00016600237,-0.0152566796,9675
32472,0.0595426448,149.580002,0.198417589,0.0511548519,0.169107959,-0.00137688965,-9.41792096e-05,0.0869565234,0.300000101,0.0001739953,-0.0156763326,9181
32473,0.0916635916,195.889999,0.219694123,0.0563965887,0.170040295,-0.00158655515,-8.57998384e-05,0.181818187,0.300000101,0.000126399507,-0.0156171275,9570
32474,0.114532232,201.960007,0.259030789,0.056183137,0.160298318,-0.00167767378,-0.000102553255,0.208333343,0.300000101,0.000142822639,-0.0160663985,9187
32475,0.0973114818,180.729996,0.176831827,0.052210778,0.162228972,-0.00117425271,-8.30470817e-05,0,0.300000101,0.000136867806,-0.0143918889,9534
32476,0.0849366486,166.369995,0.163721502,0.0447287709,0.162786528,-0.00115146523,-7.15603455e-05,0.095238097,0.300000101,0.000194547712,-0.0175687186,9748
32477,0.116550207,207.460007,0.258027136,0.0652507171,0.171548054,-0.00182016974,-0.000101612779,0.173913047,0.300000101,0.000192456457,-0.0145717794,9332
32478,0.086110279,181.630005,0.212548867,0.0547060817,0.17083922,-0.00152226747,-9.54370116e-05,0,0.300000101,0.000173628083,-0.0159692578,9644
32479,0.069875747,171.429993,0.253029466,0.0583317541,0.16944772,-0.00166417309,-0.000107723114,0.0416666679,0.300000101,0.000148023697,-0.0163870975,9580
32480,0.0925134718,185.830002,0.22806944,0.0509220585,0.170190215,-0.00161261554,-7.91164784e-05,0.13636364,0.300000101,0.000187836413,-0.015278426,9891
32481,0.097906664,180.369995,0.157450885,0.0432982929,0.163373023,-0.00109609356,-7.89525293e-05,0.0434782617,0.300000101,0.000130059285,-0.013991355,9028
32482,0.113178544,191.419998,0.196450651,0.0492956452,0.168732435,-0.00148077181,-8.67152048e-05,0.130434781,0.300000101,0.000179243187,-0.017732922,9003
32483,0.0790892318,169.240005,0.202129871,0.0517254025,0.164167568,-0.00142644288,-8.26110336e-05,0.0416666679,0.300000101,0.00019483568,-0.0158448312,9477
32484,0.075840205,157.330002,0.154058278,0.0501615033,0.166212335,-0.00108676637,-7.77441965e-05,0.0434782617,0.300000101,0.000143954021,-0.014457372,9537
32485,0.119502366,207.869995,0.327293247,0.0659103692,0.163946658,-0.0022616731,-0.00010559056,0.130434781,0.300000101,0.000213218635,-0.0158560537,8809
32486,0.127163544,205.270004,0.195719942,0.0500924103,0.170898542,-0.00150526175,-8.02174545e-05,0.095238097,0.300000101,0.000202043419,-0.0128600141,9659
32487,0.0723793432,152.029999,0.202363521,0.055643715,0.171756551,-0.00131840864,-0.000109656314,0,0.300000101,0.000166502898,-0.0161092654,9653
32488,0.0962349176,190.660004,0.266747385,0.0614914373,0.169784114,-0.00194787781,-0.000101753787,0.0909090936,0.300000101,0.000205191725,-0.0133407069,9119
32489,0.142431706,237.25,0.265421391,0.0623159744,0.171116099,-0.00200720457,-9.51363108e-05,0.0909090936,0.300000101,0.000159626536,-0.0143579729,9623
32490,0.112122193,202.199997,0.249762326,0.0560167842,0.16717957,-0.00174168672,-0.000112637921,0.13636364,0.300000101,0.000187951664,-0.0147794439,9693
32491,0.101013057,191.770004,0.252423942,0.0607180595,0.168077588,-0.00190181832,-9.87868989e-05,0.0909090936,0.300000101,0.000183458382,-0.0131029831,9785
32492,0.100027315,172.270004,0.17450276,0.0506905429,0.168084174,-0.00114655134,-8.00248527e-05,0.0500000007,0.300000101,0.000216719724,-0.016103046,9532
32493,0.0886423737,172.110001,0.23283951,0.0552905723,0.168832347,-0.00171163713,-8.98772851e-05,0.0416666679,0.300000101,0.00013019958,-0.015040989,9630
32494,0.0562716946,149.570007,0.153379634,0.0491469726,0.154523462,-0.00120187225,-9.86246741e-05,0,0.300000101,0.000102773658,-0.0155571159,7532
32495,0.0407179147,125.309998,0.144707099,0.0439768918,0.155965403,-0.0010365959,-6.89287917e-05,0.055555556,0.300000101,0.000158082097,-0.013120627,10037
32496,-0.0345487073,11.3199997,0.0385204069,0.0283888187,0.496262252,-0.000316998048,-4.48206774e-05,0.458333343,0.300000101,0.000566075032,-0.0156506263,1924
32497,-0.0364695117,16.7900009,0.0550555885,0.0376856066,0.260684282,-0.000259525405,-6.5331893e-05,0.304347843,0.300000101,0.00160333759,-0.0193950161,10562
32498,-0.0191523358,19.5499992,0.0647686198,0.0426363647,0.18345283,-0.000296291575,-7.76687884e-05,0.173913047,0.300000101,0.00138059165,-0.0196072757,10551
32499,0.000653116847,26.4200001,0.0769509673,0.0386348031,0.16230005,-0.000538897875,-8.23041701e-05,0.200000003,0.300000101,0.000958724297,-0.0202020146,10712
32500,0.0599509738,34.6399994,0.0959532857,0.0339134783,0.149712354,-0.000494554755,-6.81743477e-05,0.470588237,0.300000101,0.000568621501,-0.0198115464,11170
32501,0.116017297,41.7999992,0.100816846,0.0302325096,0.14835529,-0.000692821748,-7.19902746e-05,0.4375,0.300000101,0.000407163403,-0.0185226854,10799
32502,0.190992773,52.2200012,0.112296209,0.0293490645,0.146612972,-0.000828468939,-6.94804185e-05,0.375,0.300000101,0.000592681812,-0.0149714202,10867
32503,0.31034559,73.3700027,0.16760914,0.0495421886,0.151018649,-0.0010284161,-0.000109405955,0.176470593,0.300000101,0.000775481982,-0.0149961757,9897
32504,0.411281824,98.9899979,0.159435928,0.0458896719,0.15802142,-0.000988942571,-7.80984774e-05,0.181818187,0.300000101,0.00126383523,-0.0151993129,10401
32505,0.37036401,95.4100037,0.126865774,0.0416023359,0.161107004,-0.000872842153,-6.07391266e-05,0.208333343,0.300000101,0.000980010489,-0.0166656803,10429
32506,0.321083009,95.5599976,0.157796815,0.046306923,0.167870924,-0.00116293016,-7.01755635e-05,0.25,0.300000101,0.000900835148,-0.0164042264,9148
32507,0.236483097,85.2600021,0.128187612,0.042758394,0.164320245,-0.000865569455,-6.49107315e-05,0.130434781,0.300000101,0.00139302935,-0.0153848575,10150
32508,0.330905944,109.330002,0.16157639,0.0479809754,0.180470034,-0.00118319865,-7.19413147e-05,0.0833333358,0.300000101,0.000855734048,-0.0162034687,10422
32509,0.347269326,116.389999,0.155334473,0.0448939353,0.173695296,-0.00113104994,-7.63508433e-05,0.217391312,0.300000101,0.000963937608,-0.0155539075,10556
32510,0.39409858,143.339996,0.199216545,0.0527498126,0.168483481,-0.00131876301,-8.15471212e-05,0.125,0.300000101,0.000796156935,-0.0172144268,10727
32511,0.296220899,120.32,0.162703991,0.0473189354,0.172084242,-0.00117899082,-8.33726954e-05,0,0.300000101,0.000910399074,-0.0158854146,10799
32512,0.413890511,159.630005,0.187446281,0.0478023514,0.182686925,-0.00148371793,-7.26348517e-05,0.125,0.300000101,0.000925982022,-0.0169413835,10536
32513,0.278383285,131.789993,0.18499431,0.0494646169,0.181201696,-0.00138494221,-9.1843227e-05,0.0454545468,0.300000101,0.000577372964,-0.014659795,10169
32514,0.281255007,142.539993,0.199480608,0.0553886406,0.173466846,-0.00157250126,-8.78254577e-05,0.0476190485,0.300000101,0.000613790646,-0.0164973214,10886
32515,0.315002441,171.649994,0.224655613,0.0597389825,0.165080816,-0.00170106743,-0.000109385663,0.100000001,0.300000101,0.000552649901,-0.0116814608,10443
32516,0.29869324,172.610001,0.204327151,0.0494994223,0.165353537,-0.00151268393,-8.7867862e-05,0.0500000007,0.300000101,0.00070512708,-0.0163379498,10394
32517,0.298775584,178.880005,0.251357526,0.059440814,0.164200768,-0.00185232598,-9.56400982e-05,0.095238097,0.300000101,0.000470548897,-0.013086441,10758
32518,0.37075296,221.410004,0.261020809,0.0616148971,0.166187674,-0.00179132912,-0.000105485742,0.150000006,0.300000101,0.000455755187,-0.0131395068,10905
32519,0.249554217,163.639999,0.187171668,0.0578424558,0.167825907,-0.00132020644,-8.36143154e-05,0.0416666679,0.300000101,0.000574326434,-0.015145666,10242
32520,0.204156026,138.330002,0.217399672,0.0556521006,0.171435162,-0.00194523018,-8.68435236e-05,0.0454545468,0.300000101,0.000456629525,-0.0141140232,10312
32521,0.287987322,183.630005,0.25025785,0.0603004172,0.171481162,-0.00168841169,-9.54603238e-05,0.0416666679,0.300000101,0.000504986441,-0.013188811,10338
32522,0.212095127,160.660004,0.193907455,0.0550848618,0.170583069,-0.00139363308,-8.71242228e-05,0.0434782617,0.300000101,0.000458571012,-0.0147024309,10232
32523,0.300837815,205.410004,0.286768854,0.0635883212,0.173966497,-0.00228971709,-0.000106284293,0.0833333358,0.300000101,0.000478703587,-0.0151662976,10461
32524,0.232367709,176.720001,0.198119879,0.0527161174,0.181598485,-0.00143436296,-8.07835313e-05,0.0434782617,0.300000101,0.000329933682,-0.014198388,10620
32525,0.240105703,187.190002,0.268327355,0.0630309284,0.170173094,-0.00207023602,-0.000112770438,0.095238097,0.300000101,0.000309731229,-0.0132162226,10528
32526,0.192400113,177.740005,0.194224402,0.0551329963,0.176332638,-0.00157160871,-0.000107018415,0,0.300000101,0.000381881604,-0.0136046885,10794
32527,0.221037999,183.350006,0.195210755,0.050331343,0.177446246,-0.0015691407,-7.17864968e-05,0,0.300000101,0.00035156525,-0.0155023048,9656
32528,0.194247991,174.220001,0.214911133,0.0616488047,0.169173837,-0.00165388512,-8.66018236e-05,0.0434782617,0.300000101,0.000243991846,-0.0118072415,9850
32529,0.108415104,132.960007,0.179267734,0.0541116521,0.16619654,-0.001410292,-9.21382816e-05,0.0909090936,0.300000101,0.000277104176,-0.0139068468,9675
32530,0.15033327,155.490005,0.168647841,0.0514078662,0.170984864,-0.00128659117,-7.8649231e-05,0.0526315793,0.300000101,0.000330586103,-0.0136707565,10490
32531,0.222081929,204.550003,0.282114297,0.0657949224,0.17808041,-0.00236018514,-9.50109024e-05,0.0434782617,0.300000101,0.000272581412,-0.0135487868,10419
32532,0.151370794,169.110001,0.191432849,0.0492348559,0.174034461,-0.00149974343,-6.97284631e-05,0,0.300000101,0.000268957723,-0.0147033809,10133
32533,0.105233364,147.869995,0.228805155,0.0568521582,0.174729586,-0.00156118476,-0.000112006113,0,0.300000101,0.000251160818,-0.0180700477,10382
32534,0.248208404,221.649994,0.337363601,0.0702333823,0.173388839,-0.00309036393,-0.000112451642,0,0.300000101,0.000324927125,-0.0153993992,10615
32535,0.186502025,199,0.204205483,0.0522038713,0.176571891,-0.00171905325,-9.74791401e-05,0,0.300000101,0.00027346189,-0.0168865211,10602
32536,0.124613456,156.979996,0.198975265,0.0568023734,0.17589204,-0.00150742638,-9.27415458e-05,0,0.300000101,0.000243038638,-0.0141468365,10250
32537,0.204252496,211.800003,0.254238784,0.0570246167,0.173474893,-0.00223109359,-8.44104216e-05,0.227272734,0.300000101,0.000232557606,-0.0144504989,10344
32538,0.450202435,315.51001,0.322407693,0.0517468788,0.17546086,-0.00299117481,-7.92919818e-05,0.772727311,0.300000101,0.000286570401,-0.0172203071,10191
32539,0.180606961,194.070007,0.24176082,0.0549610034,0.175048113,-0.00231523719,-0.000103131795,0.208333343,0.300000101,0.000221185823,-0.0172092449,10592
32540,0.0983944014,153.369995,0.19780454,0.055876296,0.17209509,-0.00156702357,-0.000103589424,0.0833333358,0.300000101,0.000179491326,-0.0146880886,10621
32541,0.137328535,198.979996,0.249399692,0.0553735867,0.176736921,-0.00203315495,-8.85988629e-05,0.0500000007,0.300000101,0.000237097236,-0.0162719209,10569
32542,0.12696512,207.880005,0.203035519,0.0528313629,0.16808264,-0.00178743899,-7.87984754e-05,0,0.300000101,0.000251858553,-0.0129785612,9310
32543,0.0781826377,150.130005,0.132353351,0.0450164042,0.16640994,-0.0012215164,-8.0160622e-05,0.0454545468,0.300000101,0.000178807997,-0.0152023472,10753
32544,0.0555726774,134.600006,0.184943572,0.0505642369,0.16643706,-0.00156504277,-8.72560486e-05,0,0.300000101,0.000196738634,-0.0134984488,10885
32545,0.0787081122,157.789993,0.235821858,0.0575913042,0.16851382,-0.00195057387,-0.000100557292,0.0909090936,0.300000101,0.000215786466,-0.0147664333,10220
32546,0.0684929714,156.759995,0.253462851,0.0639345795,0.175177932,-0.00203913567,-9.98615287e-05,0.0434782617,0.300000101,0.000196781431,-0.0140278256,10284
32547,0.0904697999,172.940002,0.253003389,0.0586038381,0.166571245,-0.00227657775,-9.10520466e-05,0.0869565234,0.300000101,0.00020471758,-0.0152441179,10780
32548,0.104902767,195.330002,0.243475586,0.0525639541,0.169570729,-0.00190076476,-0.00011785984,0.100000001,0.300000101,0.000226282311,-0.0155732958,10808
32549,0.146327928,233.089996,0.30480358,0.066388756,0.173179984,-0.0025438692,-9.70236506e-05,0.0434782617,0.300000101,0.000178000395,-0.0106861591,10821
32550,0.129346892,202.119995,0.16676943,0.0483944751,0.166446567,-0.00155755703,-6.69216097e-05,0,0.300000101,0.000211868304,-0.013602878,10876
32551,0.120783009,189.970001,0.269756943,0.0615269877,0.163299665,-0.00236631883,-0.000105604246,0.111111112,0.300000101,0.000144058082,-0.0130652227,10943
32552,0.149567932,229.309998,0.227283478,0.0513270833,0.163381234,-0.00185338606,-7.35342619e-05,0.117647059,0.300000101,0.000220060072,-0.0137989633,11056
32553,0.122387044,202,0.244025797,0.056933105,0.169788167,-0.00236623455,-8.26784672e-05,0.0869565234,0.300000101,0.000243097486,-0.0138880024,10772
32554,0.144032761,217.119995,0.278303683,0.0564012751,0.175322816,-0.00232288474,-8.98820726e-05,0.173913047,0.300000101,0.000186137069,-0.0184627306,10601
32555,0.0917153731,172.130005,0.162950873,0.0472954176,0.177444384,-0.00137656741,-7.53989952e-05,0,0.300000101,0.000171981694,-0.0170460008,10547
32556,0.0972722545,193.899994,0.281292528,0.0577219874,0.168425962,-0.00255238288,-9.95936571e-05,0.130434781,0.300000101,0.000226706034,-0.0160600059,10736
32557,0.140844494,229.080002,0.227225617,0.0511076562,0.177900642,-0.00230307016,-8.1353166e-05,0.0434782617,0.300000101,0.000212950428,-0.015097307,10508
32558,0.0701771975,149.619995,0.150574639,0.0450355858,0.178941131,-0.00141550403,-7.66295198e-05,0.142857149,0.300000101,0.000167033999,-0.0157562476,10604
32559,0.0874837413,171.410004,0.192151874,0.0488013774,0.179433346,-0.00179914362,-8.26949836e-05,0.0833333358,0.300000101,0.000147846018,-0.0151680978,10615
32560,0.0796205476,174.190002,0.20173803,0.0509976819,0.171116516,-0.00170918205,-8.08668992e-05,0.0434782617,0.300000101,0.000206281984,-0.0139538292,10713
32561,0.131386831,233.669998,0.26239872,0.065776892,0.167253584,-0.00224182173,-9.87605963e-05,0.0869565234,0.300000101,0.000136897026,-0.0141865499,10514
32562,0.0975696668,198.220001,0.193009466,0.0556745343,0.169395834,-0.0017127305,-8.2524748e-05,0.166666672,0.300000101,0.000142589648,-0.0138393724,10238
32563,0.121572517,219.160004,0.256318718,0.0538876764,0.167741179,-0.0023847199,-8.17093533e-05,0.142857149,0.300000101,0.000165825215,-0.0118971644,10644
32564,0.140764654,243.800003,0.273676157,0.0608445294,0.163925782,-0.00266785896,-0.000104125669,0.25,0.300000101,0.000122252968,-0.0146321151,10748
32565,0.107589908,204.529999,0.165316805,0.0509313159,0.167717576,-0.00126946683,-8.12897488e-05,0.100000001,0.300000101,0.000160913027,-0.0162316747,10657
32566,0.120228171,231.820007,0.272423655,0.0588220991,0.170745432,-0.00252645882,-8.91889213e-05,0.217391312,0.300000101,0.000188546692,-0.0155496104,10632
32567,0.10117697,202.490005,0.245890439,0.0555115119,0.163544804,-0.00203376682,-8.63184323e-05,0.0869565234,0.300000101,0.000124666214,-0.0127925472,10603
32568,0.0974090099,206.059998,0.31372121,0.0718917176,0.169405311,-0.00283925887,-0.000114580755,0.190476194,0.300000101,0.000150427732,-0.0161493681,10513
32569,0.13544935,235.770004,0.247273177,0.0567876026,0.168648958,-0.00217289641,-8.50402284e-05,0.130434781,0.300000101,0.000144167352,-0.0167016368,10083
32570,0.0683019087,166.820007,0.174398616,0.0544011928,0.164452001,-0.00127728912,-8.52057492e-05,0.0454545468,0.300000101,0.000143774596,-0.0141287586,10661
32571,0.0712412447,160.149994,0.189221561,0.0496109203,0.16670768,-0.00173820392,-6.9657217e-05,0.0909090936,0.300000101,0.000117666736,-0.0153612932,9971
32572,0.109613597,220.5,0.305669367,0.0620722435,0.167553365,-0.00276306248,-0.000110231362,0.142857149,0.300000101,0.000149434811,-0.0137510691,10289
32573,0.102602169,215.800003,0.205507368,0.0484599061,0.167236537,-0.00175824703,-7.67604361e-05,0.13636364,0.300000101,0.000141645069,-0.0145673165,10454
32574,0.0899327397,201.009995,0.213741764,0.0530233905,0.164574444,-0.00196388201,-7.58701135e-05,0.260869563,0.300000101,0.000175344219,-0.0136749418,9480
32575,0.0592741705,174.570007,0.214817211,0.0567993894,0.172643661,-0.00185693661,-9.70057736e-05,0.0416666679,0.300000101,0.000147984741,-0.0155973155,10638
32576,0.101582445,220.300003,0.287695646,0.0586925894,0.175838873,-0.00271914201,-8.72131059e-05,0.173913047,0.300000101,0.000161582881,-0.015965635,10721
32577,0.0983378738,222.559998,0.21118179,0.0568219796,0.174746692,-0.00195639394,-0.000107403321,0.130434781,0.300000101,0.000155840782,-0.0168686602,10607
32578,0.0656542853,180.630005,0.199745998,0.0602338649,0.176763818,-0.00172792468,-0.000104291699,0.095238097,0.300000101,0.000113673588,-0.0161383729,10473
32579,0.0819374546,199.850006,0.281453013,0.0612335093,0.172106504,-0.00240982464,-9.08581351e-05,0.142857149,0.300000101,0.000170459243,-0.0136306398,10285
32580,0.10384538,233.509995,0.25880155,0.056809701,0.170687243,-0.00264577195,-8.43216549e-05,0.0833333358,0.300000101,0.000160331358,-0.0150118507,9718
32581,0.0993693322,231.949997,0.243585691,0.0668849498,0.17065382,-0.00223690621,-8.87319111e-05,0.304347843,0.300000101,0.000141605473,-0.0154397236,9546
32582,0.0639435276,163.5,0.180534035,0.0487886257,0.171174109,-0.00186846068,-7.62907803e-05,0.13636364,0.300000101,0.000128950211,-0.0126870116,8499
32583,0.099310562,219.369995,0.281804621,0.0594526529,0.169642136,-0.00266282563,-0.000100063102,0.0454545468,0.300000101,0.000145700295,-0.0144293252,9235
32584,0.074300617,186.690002,0.170524001,0.0499234311,0.171801716,-0.00144646142,-7.70766273e-05,0.0476190485,0.300000101,0.00017744083,-0.0160311982,8270
32585,0.0563880764,169.770004,0.20625551,0.0518516228,0.167005956,-0.00190765166,-8.93515025e-05,0.0909090936,0.300000101,0.00011921666,-0.0147382366,10437
32586,0.0661748499,173.830002,0.250584275,0.0618019663,0.174650609,-0.00211107871,-9.68238237e-05,0.13636364,0.300000101,0.000153718691,-0.0171170272,10655
32587,0.0677998886,186.279999,0.212161586,0.0578480512,0.169982404,-0.00176340085,-8.02439899e-05,0,0.300000101,0.000157092451,-0.0150499605,10379
32588,0.0571592562,182.5,0.24695313,0.0599651784,0.169582605,-0.00225713733,-9.93530848e-05,0.125,0.300000101,0.000161400952,-0.0144485608,10544
32589,0.0975079164,211.710007,0.213223025,0.0555349514,0.17594251,-0.00198477134,-8.29375131e-05,0.227272734,0.300000101,0.000111079185,-0.0159118921,10841
32590,0.0806319714,192.550003,0.233670846,0.0600662194,0.178446859,-0.00196578261,-9.57785596e-05,0.0909090936,0.300000101,0.000137791372,-0.0157436319,10548
32591,0.0629934445,165.300003,0.21918337,0.0544922762,0.170469925,-0.00186710712,-9.07630601e-05,0.0454545468,0.300000101,0.000142723758,-0.014667674,9576
32592,0.0674823821,173.399994,0.18264994,0.0521247275,0.168573424,-0.00162220106,-9.42987172e-05,0,0.300000101,0.000123698614,-0.0138870319,10531
32593,0.067583926,169.300003,0.265131176,0.0574631207,0.167327017,-0.00241119927,-8.6826476e-05,0.0476190485,0.300000101,0.00011712734,-0.0149355493,6471
32594,0.106919639,233,0.322444588,0.0647299141,0.164044321,-0.00309971184,-0.000108600951,0.173913047,0.300000101,0.000175246576,-0.0137677789,10526
32595,0.112762466,256.690002,0.275320917,0.066560261,0.178450868,-0.00274269213,-9.3006478e-05,0.181818187,0.300000101,0.000148665451,-0.0146043198,10535
32596,0.106817476,242.910004,0.244694561,0.0514167063,0.173962459,-0.00244976627,-8.58128624e-05,0.157894731,0.300000101,0.0001393657,-0.0168000143,10811
32597,0.0890925154,210.460007,0.222348675,0.0545789972,0.178648233,-0.00217567454,-8.96605343e-05,0.095238097,0.300000101,0.00012615147,-0.0145199681,10173
32598,0.0603955351,177.169998,0.29245919,0.0652172118,0.173110411,-0.00265365699,-0.000107869673,0.095238097,0.300000101,0.000125691091,-0.0132706026,11146
32599,0.0744817927,192.710007,0.224555016,0.0564443804,0.170193851,-0.00218238123,-8.15596577e-05,0.13636364,0.300000101,0.000122314217,-0.0142869269,11018
32600,0.0716906637,190.110001,0.25386399,0.0589887165,0.164648145,-0.00230670627,-0.000105349136,0.0869565234,0.300000101,0.000135119946,-0.0137140835,10724
32601,0.0748058558,199.130005,0.195710957,0.0554088354,0.167576909,-0.00192535017,-9.78883254e-05,0.150000006,0.300000101,0.000157015442,-0.0142213218,10918
32602,0.0714325085,194.990005,0.317304909,0.0674948245,0.167090341,-0.00305617228,-9.73255374e-05,0.0909090936,0.300000101,0.000142092293,-0.0159591865,10638
32603,0.0973164886,226,0.223058879,0.0505568981,0.167985484,-0.00263482728,-7.68494647e-05,0.285714298,0.300000101,0.000145503946,-0.0156024406,10486
32604,0.0850546733,212.240005,0.248466462,0.056210015,0.168251008,-0.00223110337,-9.45186039e-05,0.0434782617,0.300000101,0.000156852446,-0.0133407228,10762
32605,0.0626581833,179.220001,0.199449584,0.0512743071,0.165796861,-0.00174594088,-0.000113738555,0.13636364,0.300000101,0.000150942826,-0.0151291257,10799
32606,0.120365314,251.360001,0.28547892,0.0606445,0.173553392,-0.0027357107,-9.64880019e-05,0.125,0.300000101,0.000118984593,-0.0149300294,10424
32607,0.0575343668,164.270004,0.152371734,0.0455369912,0.163891524,-0.0011508012,-7.37120863e-05,0.0500000007,0.300000101,0.000144388716,-0.0152000934,10842
32608,0.0718011186,200.330002,0.269159138,0.0622490197,0.172311634,-0.00261634425,-0.000106114232,0.142857149,0.300000101,0.000134111513,-0.0127067305,10849
32609,0.0809728801,202.619995,0.201894462,0.0519492738,0.161815003,-0.00186363596,-7.42819102e-05,0.125,0.300000101,0.000131984547,-0.0174701158,10659
32610,0.0746792033,197.050003,0.250914067,0.0589961708,0.158890352,-0.00228940579,-0.000101056932,0.173913047,0.300000101,0.000117811593,-0.0144847305,10048
32611,0.0434698947,152.910004,0.140696585,0.050232362,0.162580445,-0.00115344906,-8.448468e-05,0,0.300000101,0.000178630697,-0.0150346532,10419
32612,0.066404894,172.009995,0.201117635,0.0530448183,0.16478166,-0.00185460493,-8.70123404e-05,0,0.300000101,0.000108527514,-0.0185852423,10681
32613,0.0629772767,186.690002,0.267131656,0.0653323606,0.159653991,-0.00210013706,-0.000121840763,0.105263159,0.300000101,0.00012236381,-0.0125818364,10645
32614,0.0579976737,192.610001,0.266161948,0.071017921,0.159091413,-0.00176736864,-9.82549318e-05,0.0500000007,0.300000101,0.000130155997,-0.0147884591,10591
32615,0.0720735714,203.479996,0.288470536,0.0632740557,0.156637952,-0.00230641337,-0.000107571264,0.055555556,0.300000101,0.000114305272,-0.0157150365,10990
32616,0.121502437,259.160004,0.251871854,0.0566673577,0.158223271,-0.0022283881,-0.000118471995,0.190476194,0.300000101,0.000156145645,-0.0173605774,10084
32617,0.0637632459,180.479996,0.13772814,0.0463009179,0.163666084,-0.00106263161,-8.06979151e-05,0.0500000007,0.300000101,0.000159775518,-0.0122714089,10706
32618,0.0907413885,218.539993,0.337922424,0.0640764534,0.166682214,-0.00308109261,-0.00010248497,0.166666672,0.300000101,0.000134670263,-0.0137914596,10616
32619,0.0837208554,214.039993,0.231138602,0.0586265549,0.162958384,-0.00199976005,-9.47869412e-05,0.0476190485,0.300000101,0.000124930928,-0.0150748715,10331
32620,0.0449321456,160.490005,0.216701746,0.0543655045,0.153277203,-0.0015213351,-9.74985305e-05,0,0.300000101,0.000114690883,-0.0155571727,10388
32621,0.0824277252,215.369995,0.321556538,0.0698078424,0.15584062,-0.00245949859,-0.000108101427,0.238095239,0.300000101,0.0001443207,-0.0134444404,10869
32622,0.083472304,218.949997,0.239846691,0.0552374236,0.154043481,-0.00199003867,-9.41521939e-05,0.0476190485,0.300000101,0.000113324975,-0.0144967837,10648
32623,0.0800123587,214.830002,0.292001873,0.0592207313,0.161664814,-0.00276814913,-0.000105616717,0.227272734,0.300000101,0.000134669608,-0.0174175706,10408
32624,0.0888512135,227.320007,0.250332624,0.0562726259,0.163419127,-0.00184292183,-8.77970742e-05,0.111111112,0.300000101,0.000131890221,-0.0174904037,10702
32625,0.063372381,191.389999,0.211379215,0.0593626425,0.165875658,-0.00162606337,-0.000103341539,0,0.300000101,0.000130461296,-0.014600602,11002
32626,0.086450316,218.860001,0.259205759,0.0627662838,0.162257835,-0.00188779493,-9.4417941e-05,0.181818187,0.300000101,0.000131862354,-0.0156516787,10516
32627,0.108752817,240.119995,0.239609852,0.0568916053,0.167861089,-0.00188821182,-8.34900129e-05,0.181818187,0.300000101,0.000111548346,-0.0153090935,10431
32628,0.0832337365,195.809998,0.199492157,0.0528540425,0.167832643,-0.00166984252,-9.54950447e-05,0.105263159,0.300000101,0.000142050849,-0.0158540271,10829
32629,0.0866555348,218.410004,0.251850188,0.0550813675,0.15501526,-0.00195100694,-7.93973668e-05,0.190476194,0.300000101,0.000101235084,-0.0131127601,10755
32630,0.0841519833,223.339996,0.235632762,0.0565101989,0.161211491,-0.00190275453,-9.14857665e-05,0.095238097,0.300000101,0.000145758313,-0.0156427976,10857
32631,0.0679390728,185.899994,0.21461916,0.053862974,0.1635952,-0.00183173851,-8.8006178e-05,0,0.300000101,0.0001359288,-0.0163035747,10720
32632,0.0525287427,161.580002,0.203063801,0.0533050708,0.162702531,-0.00190289388,-7.88210673e-05,0.0454545468,0.300000101,0.000132106899,-0.0150965722,10850
32633,0.0697931275,186.330002,0.241343498,0.0571234003,0.160299882,-0.00190296583,-8.85912959e-05,0,0.300000101,0.000140776872,-0.0156605467,10728
32634,0.117908463,286.429993,0.403035462,0.0775535628,0.157258406,-0.00345043675,-0.000141060402,0.130434781,0.300000101,0.000150207532,-0.0130833033,10770
32635,0.115216836,291.480011,0.262196243,0.0662574321,0.16213806,-0.00202387059,-0.000102839957,0.0454545468,0.300000101,0.000110693254,-0.0144154076,10507
32636,0.0579811372,181.339996,0.198368758,0.0555337965,0.158397779,-0.00137942005,-8.28808334e-05,0.095238097,0.300000101,0.000104900413,-0.0148206549,10419
32637,0.0760638714,202.320007,0.232123345,0.0574222654,0.155826241,-0.00189060287,-7.56012159e-05,0.208333343,0.300000101,0.000151459564,-0.0174061935,10595
32638,0.0869429559,221.220001,0.254250318,0.0597303845,0.164261356,-0.00226473971,-0.000109957815,0,0.300000101,0.000124528655,-0.014226621,10712
32639,0.0774119571,196.850006,0.235027596,0.053079538,0.162544161,-0.00207784702,-7.41690892e-05,0.0476190485,0.300000101,0.000109930348,-0.0164446924,10800
32640,0.095904164,230.360001,0.349966675,0.0733973086,0.158606008,-0.00253434642,-0.00012013939,0.105263159,0.300000101,0.000137580733,-0.0160388462,10181
32641,0.129916489,274.519989,0.296359628,0.0622170791,0.157702029,-0.00251892884,-8.11579303e-05,0.181818187,0.300000101,0.000139904485,-0.0165704787,10661
32642,0.114231348,261.970001,0.248646125,0.0565682165,0.158325136,-0.00205624197,-0.000101845028,0.142857149,0.300000101,0.000148065912,-0.0154094556,10776
32643,0.1004868,245.089996,0.278386861,0.0592404567,0.1601035,-0.00227892376,-9.11366005e-05,0.190476194,0.300000101,9.076274e-05,-0.0158370677,10587
32644,0.0963032469,233.899994,0.298727483,0.0607545301,0.16005218,-0.00252754614,-0.000104059931,0.0869565234,0.300000101,0.000125608945,-0.0143425725,10125
32645,0.0564852059,185.440002,0.214651525,0.0599661879,0.158102915,-0.00200027856,-9.2009228e-05,0.0434782617,0.300000101,0.000144183854,-0.0134292953,9575
32646,0.0654371381,203.850006,0.271911144,0.0559863336,0.1564852,-0.00210630824,-0.000101609738,0.130434781,0.300000101,0.000144304009,-0.0141650653,9526
32647,0.0657259226,204.949997,0.230876967,0.0570116974,0.161909878,-0.00192807987,-8.15325111e-05,0.142857149,0.300000101,0.000102142803,-0.0153078614,10438
32648,0.059044838,199.970001,0.244087666,0.0585374273,0.170311332,-0.00212286622,-8.95561752e-05,0.0869565234,0.300000101,0.000165441976,-0.0182994436,10798
32649,0.0886570588,224.889999,0.231100917,0.0590043142,0.165588886,-0.00220065285,-7.84656731e-05,0.0434782617,0.300000101,0.000127008665,-0.0133856637,10657
32650,0.10284622,244.039993,0.26037392,0.0581283905,0.171596169,-0.00221201614,-9.63316998e-05,0.0869565234,0.300000101,0.000128041429,-0.0168896113,10768
32651,0.0855763033,228.809998,0.219276249,0.0517106876,0.166224837,-0.00176245044,-8.11695718e-05,0.142857149,0.300000101,0.000121726385,-0.0159074087,10867
32652,0.0609928481,203.740005,0.243034631,0.0589530468,0.162514359,-0.00183858396,-9.6245305e-05,0.125,0.300000101,0.000109695204,-0.0146171916,10499
32653,0.0758494884,216.419998,0.270240545,0.0659193024,0.155435771,-0.0022049658,-9.70116016e-05,0.181818187,0.300000101,0.000130777596,-0.0137208011,10644
32654,0.0743884891,199.020004,0.188769266,0.0553678088,0.156373918,-0.00130340015,-8.93223041e-05,0.0526315793,0.300000101,0.000110573063,-0.0142853744,10994
32655,0.0455285311,157.350006,0.190939903,0.0481152199,0.159294873,-0.00143831212,-8.0142745e-05,0.0476190485,0.300000101,0.000117501047,-0.0168867856,10888
32656,0.0776746124,191.899994,0.26724571,0.0559032187,0.161494166,-0.00233577751,-8.12888975e-05,0.095238097,0.300000101,0.000134698348,-0.0155793531,10383
32657,0.0633395389,180.429993,0.225069687,0.0509766489,0.16376549,-0.00173722045,-8.50047072e-05,0.130434781,0.300000101,0.00011173742,-0.0161483418,10784
32658,0.05261565,178.929993,0.224988922,0.0566700771,0.162059188,-0.00185535743,-0.000106171094,0.142857149,0.300000101,0.000127003354,-0.0146625806,11000
32659,0.0807271153,217.119995,0.299881399,0.0653695539,0.156899437,-0.00246825162,-9.73166316e-05,0.130434781,0.300000101,0.000152966226,-0.0145436274,10493
32660,0.0838993341,205.369995,0.314762473,0.0611180142,0.167614564,-0.00263039884,-8.11316204e-05,0.190476194,0.300000101,0.000116912197,-0.0151034044,10328
32661,0.0702342689,214.199997,0.249775574,0.0577221438,0.172985524,-0.00203877757,-0.000106373016,0.25,0.300000101,0.000135686234,-0.0147152739,10780
32662,0.0362105705,156.850006,0.137511611,0.0501319505,0.169853121,-0.000927558693,-8.717725e-05,0.0454545468,0.300000101,0.000135338079,-0.0165756084,9704
32663,0.0370200314,149.619995,0.277332425,0.0603341796,0.162257686,-0.00198710919,-9.52552728e-05,0.0869565234,0.300000101,0.000129980035,-0.014135194,10371
32664,0.0809208229,217.119995,0.313702583,0.071476683,0.163500041,-0.00254649785,-0.000109710774,0.0454545468,0.300000101,0.000131107183,-0.0176944528,10752
32665,0.0713703036,213.020004,0.263258904,0.0571307987,0.162579939,-0.00233966345,-9.57815282e-05,0.173913047,0.300000101,0.000138699761,-0.0131249614,10731
32666,0.0590632185,197.440002,0.237479866,0.0557076856,0.173702523,-0.00187553465,-9.13843614e-05,0,0.300000101,0.000149944593,-0.0144319488,10682
32667,0.0605451874,190.360001,0.230602667,0.0561289489,0.171500534,-0.00172578485,-9.76769225e-05,0.173913047,0.300000101,0.000130878849,-0.0143236192,10844
32668,0.0731068924,209.619995,0.303954035,0.0645067841,0.171048909,-0.00240635662,-9.77892341e-05,0.181818187,0.300000101,0.000120612443,-0.0166567191,10620
32669,0.0824886933,210.240005,0.175366193,0.0478194803,0.167941272,-0.00142214412,-7.36971779e-05,0.173913047,0.300000101,0.000141020879,-0.0164456815,10429
32670,0.0813093707,202.210007,0.286130816,0.0608328879,0.164054915,-0.00262182229,-9.42639235e-05,0.181818187,0.300000101,0.000116568779,-0.0148929534,10574
32671,0.0707427338,196.929993,0.162886098,0.0542187504,0.165638968,-0.00108101137,-9.18851001e-05,0,0.300000101,0.000114919647,-0.0183595028,10627
32672,0.012759476,110.230003,0.15913108,0.0496340133,0.163715452,-0.0011914816,-8.82352033e-05,0.0476190485,0.300000101,0.000122706813,-0.0199574549,10264
32673,0.0318764932,144.5,0.242130682,0.0706797987,0.164285749,-0.00163588463,-0.00010756671,0,0.300000101,0.000128704211,-0.016756501,10537
32674,0.0793396905,211.229996,0.28077063,0.0588467456,0.166635305,-0.00217739423,-9.19446902e-05,0.142857149,0.300000101,0.000125452148,-0.015237283,10887
32675,0.046049647,166.100006,0.210313156,0.0577970222,0.170137674,-0.00160481478,-8.34819293e-05,0.0454545468,0.300000101,0.000116099553,-0.0157568827,10760
32676,0.0791122764,206.979996,0.271929711,0.0574367493,0.164424449,-0.00229635742,-9.73375427e-05,0.0909090936,0.300000101,0.00012814322,-0.0160212237,10500
32677,0.0914826393,233.440002,0.240965545,0.0584281497,0.167743415,-0.00185774558,-8.2945262e-05,0.13636364,0.300000101,0.000140172968,-0.0144072026,10600
32678,0.0541824624,157.429993,0.161355183,0.0462278388,0.169645697,-0.00132045662,-7.37231603e-05,0,0.300000101,0.000144509046,-0.0164043773,10597
32679,0.0647901371,184.800003,0.211094648,0.0550739467,0.171178803,-0.00159479328,-9.04061817e-05,0.181818187,0.300000101,0.000127609324,-0.0167589169,10553
32680,0.0499875695,181.449997,0.242809892,0.0585277788,0.171107158,-0.0016757492,-8.96443162e-05,0,0.300000101,0.000128986576,-0.0148800816,10546
32681,0.0537088476,194.259995,0.214506373,0.0581533536,0.166954607,-0.00147283054,-8.76593767e-05,0.210526317,0.300000101,7.42775446e-05,-0.0180419125,11081
32682,0.0687131435,203.369995,0.260824978,0.0564533584,0.164290905,-0.0017992506,-8.44513997e-05,0.13636364,0.300000101,0.000132180896,-0.0164814405,10589
32683,0.0418342054,177.559998,0.173297539,0.050634373,0.177299187,-0.00123387831,-8.06500248e-05,0,0.300000101,0.000123709848,-0.0157923214,10781
32684,0.0496530235,183.369995,0.257146478,0.0570520237,0.1668946,-0.00192296354,-8.99197184e-05,0.238095239,0.300000101,0.000137716328,-0.0172854513,10861
32685,0.0657884851,197.910004,0.241174325,0.0631713122,0.164709002,-0.00171848678,-9.10297604e-05,0,0.300000101,0.000134786911,-0.0132806096,10457
32686,0.0655915737,196.970001,0.203823552,0.0534719229,0.166030049,-0.00147861824,-9.31703034e-05,0.0869565234,0.300000101,0.000143002151,-0.0155882994,10266
32687,0.0507458486,189.919998,0.263256192,0.0610863753,0.170538872,-0.00172541838,-9.24831475e-05,0.0909090936,0.300000101,0.000114842012,-0.0193783361,10468
32688,0.0422141515,164.089996,0.2513794,0.0537279174,0.167229056,-0.00157208811,-0.000109803361,0.130434781,0.300000101,0.000106780528,-0.0156388339,10656
32689,0.0854954273,236.119995,0.291594684,0.0738952756,0.164541706,-0.00217342097,-0.000118003823,0.13636364,0.300000101,0.000140822987,-0.0144908894,10483
32690,0.0628971457,197.020004,0.183072701,0.058720801,0.16711995,-0.00140410999,-8.45678878e-05,0.0869565234,0.300000101,0.000124663391,-0.0148987565,10730
32691,0.0622224584,184.649994,0.221220881,0.0491197668,0.170654774,-0.00142958679,-8.16379543e-05,0.0500000007,0.300000101,0.000116509837,-0.0155367078,10217
32692,0.100480795,248.660004,0.325909555,0.0625970662,0.160456598,-0.00256975926,-0.000102554943,0.0869565234,0.300000101,0.000130397486,-0.0139774838,10749
32693,0.102972053,248.339996,0.27731967,0.0626591146,0.168606102,-0.00193674571,-8.93708057e-05,0.173913047,0.300000101,0.0001462215,-0.0138547644,8434
32694,0.109573402,267.559998,0.295533925,0.060423445,0.16755113,-0.00240259641,-0.000114998031,0.176470593,0.300000101,0.000126556697,-0.0155492164,11188
32695,0.063077122,192.389999,0.221620888,0.0596196353,0.164815396,-0.00154118228,-9.42275947e-05,0.0416666679,0.300000101,0.000137623123,-0.0132805901,10641
32696,0.044638861,155.009995,0.20620963,0.0522785857,0.166695654,-0.0015860328,-7.35065623e-05,0.0833333358,0.300000101,0.000133252761,-0.0131250583,10598
32697,0.0465133488,163.25,0.226489797,0.0521412008,0.168146193,-0.00156485208,-8.64535323e-05,0.0476190485,0.300000101,0.000132608766,-0.0143064456,10687
32698,0.0806051195,211.410004,0.272903413,0.0593085103,0.163297087,-0.00188716967,-8.55452017e-05,0.125,0.300000101,0.000127210951,-0.0169725884,10755
32699,0.0839255601,218.210007,0.232892245,0.0631260052,0.161783785,-0.0017852172,-9.40937098e-05,0.0909090936,0.300000101,0.000101215752,-0.0150256595,10441
32700,0.073461853,216.369995,0.27286455,0.0605991855,0.16903834,-0.00185618957,-9.58695528e-05,0.0500000007,0.300000101,0.000129481821,-0.0169636291,10818
32701,0.0880671218,233.380005,0.280812502,0.0600135811,0.161882088,-0.00223895884,-9.1789625e-05,0.100000001,0.300000101,8.4153784e-05,-0.0145292412,10865
32702,0.099733673,251.350006,0.241653726,0.0532053187,0.159337625,-0.00190597889,-7.92823994e-05,0.1875,0.300000101,0.000145902755,-0.0152694862,10885
32703,0.112896338,246.399994,0.242175758,0.0556967221,0.164307907,-0.00175147108,-7.97308167e-05,0.0909090936,0.300000101,0.00016687125,-0.0160664711,10659
32704,0.0987397805,219.720001,0.230531022,0.0517544672,0.171013042,-0.00162085646,-7.93950021e-05,0.208333343,0.300000101,0.000149784522,-0.0157737602,10875
32705,0.0552806258,151.979996,0.175844371,0.0451766811,0.172262311,-0.00141689426,-6.36918048e-05,0.0909090936,0.300000101,0.000158739582,-0.0151236225,10730
32706,0.07514254,186.160004,0.218686223,0.056447424,0.17521739,-0.00174065668,-8.34028106e-05,0.0416666679,0.300000101,0.000144351463,-0.0164482147,10570
32707,0.0710969642,182.110001,0.225225106,0.0576046519,0.171853393,-0.00171158568,-7.97176544e-05,0.130434781,0.300000101,0.000108641856,-0.0159762669,10762
32708,0.0640148968,189.559998,0.234539852,0.0577917732,0.167900532,-0.00155992352,-8.9056688e-05,0.130434781,0.300000101,0.000128549422,-0.0155742858,10760
32709,0.0689625666,203.610001,0.166494459,0.048992224,0.166462913,-0.00118810462,-6.87114589e-05,0.181818187,0.300000101,8.92831449e-05,-0.0147489971,10459
32710,0.0674784034,201.440002,0.22878854,0.0550055616,0.173091456,-0.00171765615,-7.82837451e-05,0.238095239,0.300000101,9.39432211e-05,-0.0171140879,10064
32711,0.083198227,226.649994,0.279566437,0.0665220395,0.165726095,-0.00205301633,-0.000112567213,0.095238097,0.300000101,0.000129067528,-0.0169179365,10524
32712,0.0900053307,230.550003,0.199405268,0.0509819165,0.165506512,-0.00171952008,-0.00010367456,0.055555556,0.300000101,0.000124513739,-0.014824396,10693
32713,0.118105501,263.130005,0.34210965,0.0597384088,0.166352674,-0.00272922614,-9.90629414e-05,0.227272734,0.300000101,0.000121410521,-0.0135084977,10673
32714,0.103881516,267.049988,0.295075029,0.0632418767,0.169358969,-0.00206619222,-0.000126015366,0.142857149,0.300000101,0.000115479583,-0.0137819601,10804
32715,0.0875160843,234.460007,0.244311437,0.0566701069,0.162950128,-0.00179518876,-9.36070501e-05,0.157894731,0.300000101,0.000142259407,-0.0126503222,10905
32716,0.0847788379,238.470001,0.343540043,0.0732324943,0.168639347,-0.00240948214,-0.000124541766,0.0434782617,0.300000101,0.000123842517,-0.0145173287,10659
32717,0.0475975871,182.419998,0.204259142,0.0560453385,0.174227878,-0.00141485,-7.95880769e-05,0.13636364,0.300000101,0.000171667256,-0.0152870156,10417
32718,0.0917287096,237.460007,0.271614641,0.0595762245,0.175932318,-0.00203963136,-8.84469118e-05,0.166666672,0.300000101,0.000158917625,-0.0151218176,10473
32719,0.0826279297,241.360001,0.256331205,0.0620628446,0.174682707,-0.00169354945,-9.41663166e-05,0.095238097,0.300000101,0.000143776459,-0.0146039631,10552
32720,0.0798067525,193.869995,0.182847723,0.0502186902,0.171571285,-0.0013581207,-6.92187605e-05,0.0454545468,0.300000101,0.000119091637,-0.0132170096,10660
32721,0.0694660321,200.770004,0.284470886,0.06509161,0.16763097,-0.00208850019,-0.000105796411,0.130434781,0.300000101,9.31581453e-05,-0.0157468729,10608
32722,0.0757114068,219,0.213524178,0.0554789864,0.17137228,-0.00160611665,-9.1340873e-05,0.0500000007,0.300000101,0.000109924869,-0.0143401176,10564
32723,0.0683969855,207.759995,0.2172869,0.045689255,0.159503281,-0.0015671408,-7.98345936e-05,0,0.300000101,0.00011509363,-0.014034885,10694
32724,0.075975053,210.800003,0.286671013,0.0639614165,0.164017171,-0.00235501584,-8.2717961e-05,0.176470593,0.300000101,0.000107320215,-0.0147782546,11027
32725,0.0729828104,192.330002,0.167421907,0.0479750223,0.168205857,-0.00117589452,-7.85702359e-05,0,0.300000101,0.000100665362,-0.0174006913,10786
32726,0.0692289025,191.889999,0.216448739,0.0532193072,0.160840631,-0.00152814074,-8.23980663e-05,0.142857149,0.300000101,0.00013632125,-0.0154467132,10667
32727,0.081248045,218.240005,0.244292051,0.0585931279,0.164185569,-0.00190747576,-9.32007824e-05,0.0869565234,0.300000101,0.000142980716,-0.0155850705,10353
32728,0.0772768781,220.779999,0.286130309,0.0717742816,0.166242525,-0.00223711622,-0.000100528356,0.0434782617,0.300000101,0.00014728622,-0.0144293485,10542
32729,0.0731798336,219.720001,0.248284921,0.0565134697,0.166607141,-0.00215369812,-0.000107634398,0.130434781,0.300000101,0.000131687222,-0.0163033027,10444
32730,0.0888603032,221.630005,0.253937781,0.0568928793,0.164114624,-0.00180423458,-7.75996814e-05,0.0869565234,0.300000101,0.000103009785,-0.0158606451,10788
32731,0.101039499,243.690002,0.329343766,0.0704379082,0.159371167,-0.00280769542,-9.92837813e-05,0.150000006,0.300000101,0.000153247078,-0.0142682726,10910
32732,0.117746904,267.450012,0.288905352,0.0655981675,0.163216889,-0.00214438792,-0.000100801364,0.227272734,0.300000101,0.00011515573,-0.0148597294,10755
32733,0.0736133754,194.699997,0.232403979,0.0565553419,0.161124825,-0.00167130399,-9.36578363e-05,0.0454545468,0.300000101,0.0001301109,-0.0160129406,10692
32734,0.068727538,194.860001,0.218864158,0.0544662997,0.170999095,-0.00156608969,-7.83977157e-05,0.0869565234,0.300000101,8.52476223e-05,-0.0145190749,10597
32735,0.0840166658,224.720001,0.273492813,0.0532869175,0.163825989,-0.00198973017,-7.93275976e-05,0.227272734,0.300000101,0.000118221491,-0.0163733102,10193
32736,0.0722706094,209.779999,0.209921569,0.052059073,0.170937881,-0.00144870067,-9.64068313e-05,0,0.300000101,0.000161641598,-0.0183014609,10599
32737,0.0887350887,245.25,0.296335369,0.0664064586,0.174318373,-0.00208273437,-0.000105546642,0.227272734,0.300000101,8.72080054e-05,-0.0173304249,10604
32738,0.0453556366,171.029999,0.12460985,0.0426686369,0.169187352,-0.000850687502,-7.13650079e-05,0,0.300000101,0.000103244776,-0.0154830515,10878
32739,0.0229693223,136.350006,0.207960203,0.0530722365,0.167244136,-0.00139547093,-9.87275344e-05,0.0476190485,0.300000101,0.000107300424,-0.015651254,10738
32740,0.0359782465,147.759995,0.147874117,0.0414604358,0.161736041,-0.00118230376,-7.80146438e-05,0.100000001,0.300000101,0.000114396425,-0.0139576001,10867
32741,0.0592552647,182.009995,0.254046857,0.056406498,0.168077111,-0.00191232853,-8.95861085e-05,0.173913047,0.300000101,0.000121681231,-0.0141830482,9701
32742,0.0851728246,224.789993,0.216544509,0.0506654792,0.169367954,-0.0013755454,-9.47238077e-05,0.0454545468,0.300000101,0.000132052286,-0.0131573854,9449
32743,0.0577268861,179.169998,0.15800254,0.0429239161,0.168313548,-0.00126446749,-6.52348681e-05,0.0500000007,0.300000101,0.000111862471,-0.014800786,9827
32744,0.0646713153,189.990005,0.265069246,0.0531678982,0.167823002,-0.00199144753,-9.85261941e-05,0.13636364,0.300000101,0.000114779541,-0.0147985984,10568
32745,0.0827347934,216.919998,0.234484181,0.0566672347,0.168513343,-0.00177336752,-8.26530595e-05,0,0.300000101,8.78552237e-05,-0.0148680061,10388
32746,0.0987532437,235.199997,0.255910367,0.0590165518,0.160801575,-0.00190484244,-9.44805215e-05,0.300000012,0.300000101,0.000100400241,-0.016225908,10845
32747,0.0742123052,210.990005,0.241847724,0.0590343922,0.162356541,-0.00180383166,-0.000101030608,0.095238097,0.300000101,0.000120689438,-0.0136918938,10695
32748,0.0863959938,229.190002,0.275011837,0.0629124939,0.16627799,-0.00240804348,-8.65134207e-05,0.291666687,0.300000101,0.00014656948,-0.0160686616,10439
32749,0.0691650063,218.220001,0.277450114,0.0658755302,0.166495651,-0.00193965598,-0.000106053682,0.0909090936,0.300000101,0.000114530638,-0.017055586,10779
32750,0.0719269663,209.839996,0.245353594,0.0546417646,0.171400577,-0.0020978048,-7.84588556e-05,0.0434782617,0.300000101,0.000132516274,-0.0177982133,10766
32751,0.104507215,262.660004,0.339709163,0.0740774646,0.171463892,-0.00284665055,-0.000113960559,0.181818187,0.300000101,9.78257158e-05,-0.0151458653,10285
32752,0.083008416,237.179993,0.248239383,0.0545977727,0.156154931,-0.00188582879,-0.000116081756,0,0.300000101,0.000103227081,-0.0133053884,10747
32753,0.0744713917,214.300003,0.276334584,0.0595694371,0.163704962,-0.00204218598,-8.05506279e-05,0.277777791,0.300000101,0.000123862279,-0.0167197119,10837
32754,0.0834851861,214.309998,0.271408617,0.0578597374,0.164865553,-0.00235999865,-0.000107033899,0.0909090936,0.300000101,0.000125703358,-0.0124782063,9760
32755,0.0847851634,218.789993,0.195398375,0.0530508347,0.167029142,-0.00149192871,-6.89659355e-05,0.0454545468,0.300000101,0.0001241399,-0.0145861553,9975
32756,0.0636421517,188.199997,0.23488763,0.0590645485,0.175286591,-0.00180272409,-8.16531538e-05,0.173913047,0.300000101,0.000106289437,-0.0153267151,10877
32757,0.04292088,158.330002,0.182804033,0.0580308437,0.168385491,-0.0014275806,-8.00052585e-05,0.0500000007,0.300000101,9.95978044e-05,-0.0153146861,10817
32758,0.0706634447,201.710007,0.27471149,0.0644297153,0.166785508,-0.00201865798,-8.65693655e-05,0.0416666679,0.300000101,0.000137614377,-0.0148374932,10464
32759,0.0700596273,211.979996,0.262910336,0.0647696257,0.16361843,-0.00205642032,-8.8666995e-05,0.0909090936,0.300000101,0.000101462414,-0.0145591851,10609
32760,0.0943490118,260,0.348760307,0.070773825,0.167102814,-0.00277912477,-9.89609762e-05,0.285714298,0.300000101,9.65265208e-05,-0.0162065402,10702
32761,0.108716242,279.649994,0.30076474,0.0669691563,0.16579926,-0.00227205991,-9.64837091e-05,0.190476194,0.300000101,0.000118863209,-0.0150107164,10621
32762,0.0903949365,257.809998,0.258669555,0.0588079244,0.16374898,-0.00190287351,-8.94307814e-05,0.0434782617,0.300000101,0.000125043298,-0.0157896597,10557
32763,0.0603640936,196.289993,0.169872105,0.0451978296,0.164965183,-0.00151005806,-6.52837189e-05,0.0434782617,0.300000101,0.000100650592,-0.0185335763,9224
32764,0.0680949017,202.350006,0.318989486,0.069872871,0.165979564,-0.00257441751,-0.00010733051,0.111111112,0.300000101,0.000156303737,-0.0177929029,9888
32765,0.0826913267,222.600006,0.243335292,0.0556477606,0.168594569,-0.00187314767,-7.97831963e-05,0.150000006,0.300000101,0.000122964178,-0.0156631898,10687
32766,0.0930910334,226.029999,0.259222001,0.0581344217,0.166873127,-0.00204039668,-9.70830151e-05,0.142857149,0.300000101,0.000150301552,-0.0149347903,10898
32767,0.0957173556,232.190002,0.26358512,0.0568866655,0.172860831,-0.002390682,-8.70314907e-05,0.13636364,0.300000101,0.000102218262,-0.0184114426,10538
32768,0.0718488172,202.649994,0.205132321,0.0500987321,0.170512825,-0.00170986028,-8.7721899e-05,0.0869565234,0.300000101,0.000119009725,-0.014676447,10449
32769,0.0553125665,176.380005,0.198808536,0.0485725254,0.167072564,-0.00152931327,-7.31428881e-05,0.130434781,0.300000101,9.64134815e-05,-0.0151438685,10430
32770,0.038772773,154.889999,0.228586897,0.0576608963,0.166076809,-0.00188065832,-9.70740584e-05,0.13636364,0.300000101,0.000114367314,-0.0148496041,10688
32771,0.0748943835,208.070007,0.226325005,0.0620821416,0.166918516,-0.00175990607,-0.000100550409,0.208333343,0.300000101,0.000105279607,-0.0161257442,10366
32772,0.0603177547,189.789993,0.24671638,0.0522103831,0.161667541,-0.00175726193,-8.40511639e-05,0.130434781,0.300000101,0.000131562294,-0.0161944348,10671
32773,0.0934942886,243.330002,0.262473971,0.0618852973,0.167874128,-0.0020881684,-8.85440968e-05,0.130434781,0.300000101,0.000102810947,-0.0177393891,9620
32774,0.0744779631,216.210007,0.24393791,0.056938991,0.165237769,-0.00186772225,-9.03828186e-05,0.095238097,0.300000101,0.00013084407,-0.0154305967,10420
32775,0.0713478252,208.740005,0.260117143,0.0606551357,0.171372771,-0.00180121826,-9.4509327e-05,0.13636364,0.300000101,0.000107676606,-0.0174144432,10290
32776,0.0801283717,230.339996,0.284739256,0.062537089,0.171608374,-0.00195392873,-0.000118542062,0.0476190485,0.300000101,8.48260097e-05,-0.0154278874,10502
32777,0.0758299008,241.330002,0.373906702,0.0767986551,0.165179968,-0.00289602252,-8.94139666e-05,0.0909090936,0.300000101,0.000100710422,-0.0154696563,10395
32778,0.086291559,256.290009,0.27078712,0.0601185523,0.167675316,-0.00221823202,-9.86211744e-05,0.217391312,0.300000101,0.000128229789,-0.0145155266,10544
32779,0.0795501992,230.949997,0.281029582,0.0580892153,0.170781255,-0.00237599411,-8.54387108e-05,0.0909090936,0.300000101,0.000129034888,-0.0129827773,10670
32780,0.0476002283,178.550003,0.231950477,0.0583786555,0.166019559,-0.00173217582,-7.33125853e-05,0.0869565234,0.300000101,0.000110848923,-0.0150529277,10618
32781,0.0433858633,173.160004,0.247599468,0.0637832358,0.167627305,-0.00189624564,-0.000104250408,0,0.300000101,0.000117153628,-0.0134871416,10183
32782,0.0689823776,225.360001,0.34018746,0.0631796345,0.167806476,-0.00301617058,-0.000129791617,0.181818187,0.300000101,0.00012970384,-0.0179348476,10642
32783,0.106864937,260.920013,0.270126313,0.0600636862,0.166853458,-0.00210963609,-8.6682252e-05,0.166666672,0.300000101,0.000117434654,-0.0144052161,10477
32784,0.043764405,167,0.193736777,0.0535854027,0.170112491,-0.0013986472,-7.33327761e-05,0.0416666679,0.300000101,0.000108930391,-0.0156314187,10271
32785,0.0323602185,151.919998,0.236519083,0.0563710444,0.167926416,-0.00166475528,-8.08426266e-05,0.125,0.300000101,0.000135016395,-0.0184614751,10564
32786,0.0507379398,188.729996,0.261320859,0.0604456179,0.170804486,-0.00193943747,-9.64151332e-05,0.0909090936,0.300000101,0.000101650949,-0.0141892107,10366
32787,0.060068313,191.130005,0.230384752,0.0621365681,0.170921385,-0.00157182,-8.34714228e-05,0.0500000007,0.300000101,0.000103656384,-0.0172094777,10677
32788,0.0726648793,227.160004,0.316938639,0.0692633465,0.166932076,-0.00230173767,-0.000104942148,0.100000001,0.300000101,0.000113737216,-0.0169353411,10831
32789,0.0560779758,188.169998,0.197606027,0.0508334488,0.164646327,-0.00144259888,-6.76735654e-05,0.0434782617,0.300000101,0.000120930599,-0.016387986,10527
32790,0.044547841,147.389999,0.168961763,0.0481061414,0.169363186,-0.00150356314,-8.03713046e-05,0.0434782617,0.300000101,0.000101871272,-0.0150818992,10681
32791,0.0405002497,155.330002,0.223904222,0.0627052411,0.162355915,-0.00202393299,-0.000105246225,0.0869565234,0.300000101,0.000126266154,-0.0182104018,10790
32792,0.0494872257,181.839996,0.249649107,0.0590546839,0.172734424,-0.00216434873,-8.47896881e-05,0.0588235296,0.300000101,9.972322e-05,-0.0198237784,10417
32793,0.0457062908,167.649994,0.255604893,0.0560873635,0.166145802,-0.00197096029,-0.00010206952,0.095238097,0.300000101,0.00012568025,-0.0185011979,8235
32794,0.0403607972,160.610001,0.168151796,0.049911391,0.162311479,-0.00115961209,-7.32809858e-05,0.0434782617,0.300000101,0.00011147475,-0.0161909182,10516
32795,0.0490841605,170.710007,0.22177124,0.0549856797,0.167278975,-0.00183944136,-9.03843538e-05,0.0434782617,0.300000101,0.000134139933,-0.0145177515,10503
32796,0.0565459765,204.869995,0.235618457,0.0592615455,0.170144364,-0.00180647813,-8.41284855e-05,0.0476190485,0.300000101,0.000118239703,-0.0173043068,10788
32797,0.0468867458,179,0.201404214,0.0529176407,0.171393499,-0.00144815852,-7.32888584e-05,0.0833333358,0.300000101,0.000113219365,-0.0168284215,10545
32798,0.0415293053,179.520004,0.230573043,0.0545701794,0.163866162,-0.00180563517,-8.74173347e-05,0.150000006,0.300000101,0.000108294676,-0.0166189354,11074
32799,0.0932758451,246.610001,0.250921637,0.0590172261,0.163124248,-0.00199050596,-9.61136757e-05,0.13636364,0.300000101,0.000108470849,-0.0176044293,10513
32800,0.0926129818,232.240005,0.233704627,0.0586202629,0.164264858,-0.0017942962,-7.73860811e-05,0.130434781,0.300000101,0.000119774646,-0.0156003162,10398
32801,0.0822143331,227.899994,0.269457877,0.0619891323,0.163244367,-0.00217437791,-7.77258319e-05,0.173913047,0.300000101,0.000127819396,-0.0172628481,10501
32802,0.071131587,210.369995,0.188188642,0.0509874485,0.167870879,-0.00143504038,-7.0305563e-05,0,0.300000101,0.000109972389,-0.014804096,10560
32803,0.0681217909,215.020004,0.273428351,0.0674107298,0.167205572,-0.00240410748,-8.75816841e-05,0.0454545468,0.300000101,0.000106344552,-0.0143107409,10916
32804,0.0924417451,258.609985,0.300227672,0.0682170019,0.167507648,-0.00221161591,-9.1457885e-05,0.173913047,0.300000101,8.77049606e-05,-0.0149819599,10706
32805,0.0733628273,226.059998,0.192046687,0.0548354834,0.163782716,-0.0014703098,-8.22817892e-05,0.0454545468,0.300000101,0.000109485984,-0.0130559318,10764
32806,0.0618269071,191.929993,0.217172936,0.0569313876,0.160226583,-0.00183986663,-7.47520535e-05,0.130434781,0.300000101,0.000102430735,-0.0142900897,10796
32807,0.0690999478,202.119995,0.252705306,0.0557470657,0.157178268,-0.00214881659,-6.48442365e-05,0.142857149,0.300000101,8.85108602e-05,-0.013863327,10972
32808,0.0493583381,177.169998,0.201753959,0.0558828861,0.157192707,-0.00163528556,-5.61880188e-05,0.0434782617,0.300000101,0.00013919278,-0.0170482006,10748
32809,0.0568336435,196.679993,0.271480441,0.0632403418,0.165591985,-0.00203897967,-8.5893058e-05,0.125,0.300000101,0.000103621103,-0.0139264427,10175
32810,0.0663267523,200.570007,0.259311736,0.059411142,0.159832597,-0.00201224582,-0.000110357323,0.142857149,0.300000101,0.000107180407,-0.0177545212,10468
32811,0.0493384525,174.899994,0.199582025,0.0593426302,0.166180536,-0.00151995639,-6.54975884e-05,0,0.300000101,0.000130398941,-0.0145245772,9927
32812,0.0567446388,192.309998,0.23081395,0.0588986576,0.168441042,-0.0019108213,-8.76812046e-05,0.0909090936,0.300000101,0.000104720428,-0.0147467218,10538
32813,0.0962731093,250.669998,0.382045656,0.0679114088,0.16219756,-0.00354916602,-0.000110579604,0.260869563,0.300000101,0.000104914659,-0.0177922621,9797
32814,0.109887138,264.779999,0.264206082,0.0577964596,0.157861084,-0.00212733564,-7.93920699e-05,0.181818187,0.300000101,9.99471667e-05,-0.0171211027,10797
32815,0.0665241033,196.050003,0.199708551,0.0559515543,0.164737463,-0.00149201369,-8.93401229e-05,0.0454545468,0.300000101,0.000121326666,-0.0156006441,10619
32816,0.0679935068,196.369995,0.236539319,0.05440576,0.171454132,-0.00207755715,-9.24486158e-05,0.100000001,0.300000101,0.000142489895,-0.0136519233,10704
32817,0.112840936,264.059998,0.281681746,0.0588462874,0.165992126,-0.00203909934,-7.40379837e-05,0.125,0.300000101,0.00017297428,-0.0179612767,8301
32818,0.0833477899,217.139999,0.211616606,0.0507278778,0.171578735,-0.00176827703,-6.67664281e-05,0.13636364,0.300000101,6.87401116e-05,-0.014284214,9767
32819,0.0749183595,205.789993,0.234902725,0.0588944666,0.165395871,-0.0018564302,-8.87123824e-05,0,0.300000101,0.000158739116,-0.0163775012,10171
32820,0.0929557905,242.960007,0.241865024,0.0563169718,0.16903089,-0.00213344535,-7.33966444e-05,0.0833333358,0.300000101,0.000106975953,-0.0137293776,10350
32821,0.0460848883,167.470001,0.160217032,0.0419218242,0.166696161,-0.00131416495,-5.90858981e-05,0,0.300000101,0.000101857215,-0.0143092209,10700
32822,0.0564010516,183.929993,0.305662304,0.0652760714,0.163426399,-0.00248985435,-8.02568466e-05,0.300000012,0.300000101,9.34056807e-05,-0.0157909319,10350
32823,0.072415486,218.809998,0.249455586,0.0582644492,0.165625244,-0.00229711016,-9.88029715e-05,0.095238097,0.300000101,0.00011310634,-0.0154210804,10753
32824,0.0487737693,181.550003,0.284914702,0.0598722994,0.166975111,-0.00218017772,-8.33310332e-05,0.166666672,0.300000101,9.80913464e-05,-0.0175037514,10479
32825,0.0417288952,171.660004,0.261659354,0.0637553558,0.167937919,-0.00196903036,-9.2236929e-05,0.095238097,0.300000101,0.000109302775,-0.0141497236,9787
32826,0.0635386258,200.380005,0.21955514,0.0558697954,0.163281769,-0.00164791092,-8.087077e-05,0.0500000007,0.300000101,9.6880678e-05,-0.0177529436,9012
32827,0.084626846,235.5,0.246683165,0.0579834208,0.167740017,-0.00207429309,-9.0693713e-05,0.217391312,0.300000101,0.000104016544,-0.0141150244,9135
32828,0.066316776,203.110001,0.221161351,0.054449033,0.166142926,-0.0015572157,-6.87967113e-05,0,0.300000101,0.000110543144,-0.0141702937,9378
32829,0.0698076636,191.309998,0.237969011,0.0570818111,0.1689329,-0.00191553147,-7.7007935e-05,0,0.300000101,0.000130415356,-0.0154127777,9023
32830,0.0475189649,187.649994,0.243164405,0.0658312589,0.169997662,-0.00164372951,-0.00010811173,0.0869565234,0.300000101,0.000119236582,-0.0156967696,10714
32831,0.0539587997,204.339996,0.25993374,0.0622683018,0.170646042,-0.00189902203,-9.87352978e-05,0.0909090936,0.300000101,0.000112103109,-0.0151069239,10838
32832,0.0835213661,231.570007,0.249155298,0.0598261841,0.17239058,-0.00198120694,-7.40977921e-05,0.217391312,0.300000101,0.000117661504,-0.0166948605,10173
32833,0.0520280637,183.229996,0.189437076,0.056334734,0.168364137,-0.00123290496,-8.58749772e-05,0.0434782617,0.300000101,0.000119344862,-0.0152787492,10422
32834,0.0548452884,172.179993,0.206322625,0.0525023229,0.171840817,-0.00151079998,-6.99005323e-05,0.0434782617,0.300000101,0.000105330822,-0.0165646952,10543
32835,0.0424001403,176.800003,0.227503806,0.0572417527,0.161661819,-0.00144973618,-8.85673726e-05,0.095238097,0.300000101,0.000113934155,-0.0165226366,10531
32836,0.0470502228,189.660004,0.302891016,0.0702302009,0.163109943,-0.00193107198,-7.55833244e-05,0.125,0.300000101,8.92384123e-05,-0.0138824144,8529
32837,0.0849873126,246.649994,0.262170792,0.0560907237,0.164799958,-0.00192417554,-7.62644413e-05,0.0909090936,0.300000101,0.000113931099,-0.014129092,9263
32838,0.0935635865,260.98999,0.305021256,0.0643007532,0.171869025,-0.00210639392,-0.000116339535,0.434782624,0.300000101,0.000104274441,-0.0156499501,10723
32839,0.0673549622,207.649994,0.220857531,0.0568947233,0.168109894,-0.00150257885,-9.36938886e-05,0.0476190485,0.300000101,0.000110058681,-0.0161362011,10749
32840,0.057401631,188.330002,0.232830971,0.0575631559,0.165964454,-0.00180181023,-7.67888341e-05,0.125,0.300000101,0.000110121342,-0.0176508743,10273
32841,0.0449726321,172.160004,0.16866073,0.0465496294,0.164555192,-0.00101353286,-5.27150041e-05,0,0.300000101,7.28479063e-05,-0.0151694063,10660
32842,0.0621485934,206.619995,0.301622719,0.0680632591,0.163205847,-0.00182088302,-0.00010840725,0.200000003,0.300000101,7.81302442e-05,-0.014279223,10991
32843,0.0573671423,190.929993,0.189181551,0.0506209619,0.161439434,-0.00122923113,-7.92986757e-05,0,0.300000101,0.000116842522,-0.0170792993,9967
32844,0.064190641,193.479996,0.275585324,0.0604641363,0.160107195,-0.00207038014,-9.75353469e-05,0.111111112,0.300000101,0.000108142616,-0.0161397327,9413
32845,0.0854912698,223.190002,0.260880381,0.063152343,0.160166562,-0.00191610283,-8.89604125e-05,0,0.300000101,0.000103817198,-0.0167485867,10714
32846,0.0840809867,226.720001,0.242544428,0.0582229346,0.165489197,-0.00200192002,-7.93566724e-05,0.0526315793,0.300000101,0.000153815097,-0.0161197502,11051
32847,0.0700928122,214.649994,0.248303786,0.0598889329,0.167753875,-0.00178095,-9.21719766e-05,0.0434782617,0.300000101,0.000148666411,-0.013736262,10766
32848,0.046942398,167.229996,0.173015103,0.0513677374,0.173525214,-0.00124390528,-8.86663838e-05,0.190476194,0.300000101,8.86002308e-05,-0.0167404748,10537
32849,0.0450319573,155.119995,0.166234359,0.0519121625,0.161109969,-0.00106641511,-7.62088312e-05,0,0.300000101,0.000118959113,-0.0144093418,10406
32850,0.0689778477,192.070007,0.278500199,0.0597512797,0.168966338,-0.00204222649,-7.63498538e-05,0.166666672,0.300000101,0.000140325734,-0.0175943747,10265
32851,0.06757918,219.470001,0.291820407,0.0655384883,0.176806927,-0.0018391622,-8.44783426e-05,0.166666672,0.300000101,0.000110960224,-0.0146640912,10347
32852,0.074241735,225.679993,0.275243759,0.0581079647,0.172282025,-0.00177096436,-8.48408963e-05,0.0833333358,0.300000101,0.000119318836,-0.0155260293,10509
32853,0.0610972755,191.339996,0.238239273,0.0592740923,0.173440188,-0.00154214888,-8.17518376e-05,0.125,0.300000101,0.000108571097,-0.0166558884,8436
32854,0.0573019125,187.740005,0.236949116,0.0610444546,0.174796849,-0.00154534855,-9.47827284e-05,0.125,0.300000101,0.000106283129,-0.0142586734,8856
32855,0.083118476,235.699997,0.262764841,0.0546334535,0.170144841,-0.00176634616,-0.000101118865,0.173913047,0.300000101,0.000112219386,-0.0140363025,9947
32856,0.0490165316,169.050003,0.178360611,0.0459827855,0.165422022,-0.00140205864,-7.22676632e-05,0,0.300000101,8.94591358e-05,-0.0168421715,8340
32857,0.0558006912,196.520004,0.237852097,0.0589766726,0.161116347,-0.00204243721,-8.90886658e-05,0.142857149,0.300000101,0.000107454216,-0.0128630754,9925
32858,0.0738953501,211.589996,0.226503566,0.0502309389,0.164824232,-0.0015433532,-8.01879723e-05,0.217391312,0.300000101,0.000113083755,-0.0145118916,10836
32859,0.064232856,207.160004,0.224818394,0.0595754497,0.174057767,-0.0014525312,-8.97728023e-05,0.0833333358,0.300000101,0.000118779892,-0.0176646579,10617
32860,0.048022788,191.289993,0.216260746,0.0547008365,0.172521994,-0.00135402591,-8.17084438e-05,0.0454545468,0.300000101,9.2996037e-05,-0.0168779399,10970
32861,0.0576755293,194.089996,0.222328871,0.0492168255,0.173534378,-0.0014633626,-7.8439487e-05,0.0869565234,0.300000101,0.000127138701,-0.0165262986,10869
32862,0.0668623373,191.169998,0.261529922,0.062800996,0.166782081,-0.00197717268,-0.000103160564,0.0476190485,0.300000101,9.78026656e-05,-0.0158638246,10977
32863,0.068611674,204.759995,0.197861478,0.054004766,0.165817603,-0.00141216291,-9.56554577e-05,0.0500000007,0.300000101,0.000110450535,-0.0146063371,10923
32864,0.0505000427,165.119995,0.196225017,0.0494654067,0.16473192,-0.00139181782,-7.5504191e-05,0.0454545468,0.300000101,8.68322313e-05,-0.0153360469,10676
32865,0.064711228,213.169998,0.245060757,0.0565808564,0.172893584,-0.0018361992,-0.000103532882,0.217391312,0.300000101,0.000110811961,-0.0157967862,10672
32866,0.0329819806,171.070007,0.195211813,0.0525450706,0.170678541,-0.00144799799,-9.28421141e-05,0,0.300000101,0.000112887363,-0.0123366639,10549
32867,0.0551586747,172.160004,0.201532096,0.0501838773,0.170676976,-0.00157382805,-7.04359627e-05,0.095238097,0.300000101,7.36221627e-05,-0.014164594,10944
32868,0.0680919066,200.119995,0.273375958,0.0656567439,0.170191884,-0.00183334236,-8.8394765e-05,0.0454545468,0.300000101,0.000131448687,-0.0147251729,10442
32869,0.0598298684,194.75,0.226321548,0.055356741,0.169791758,-0.00158002391,-8.70739095e-05,0.0416666679,0.300000101,0.000127916486,-0.0135806873,10581
32870,0.0388509221,149.720001,0.208580434,0.0491498783,0.177208185,-0.00162709237,-7.31819455e-05,0,0.300000101,0.000105961248,-0.0140296882,10865
32871,0.0765635595,206.320007,0.278709233,0.056979306,0.171877027,-0.00207721349,-7.49311948e-05,0.181818187,0.300000101,9.93797657e-05,-0.0143311489,10902
32872,0.0734639987,200.660004,0.280422986,0.0623250008,0.173419356,-0.00191047951,-9.03423643e-05,0.173913047,0.300000101,0.000109617031,-0.0164948273,10846
32873,0.0912256613,234.380005,0.253050089,0.0559376217,0.171763659,-0.00201560766,-0.000107609303,0.173913047,0.300000101,7.39824027e-05,-0.0144144092,10638
32874,0.104351997,253.089996,0.260152042,0.0548808128,0.1649822,-0.00172019436,-7.58007009e-05,0.157894731,0.300000101,9.83193167e-05,-0.0174544957,10155
32875,0.0677568018,210.880005,0.233864158,0.0583241917,0.164533779,-0.00166945974,-0.000104636114,0.095238097,0.300000101,8.70980803e-05,-0.0162244923,11045
32876,0.0566675067,203.5,0.339752704,0.0731008425,0.158603281,-0.00229156949,-0.000114159215,0.181818187,0.300000101,8.79725339e-05,-0.0148852756,10701
32877,0.0898895636,256.079987,0.307067692,0.0620976873,0.158649027,-0.00220486801,-7.84376389e-05,0.238095239,0.300000101,0.000105200175,-0.0142959394,10926
32878,0.0983196124,255.539993,0.222078949,0.0483815484,0.157947361,-0.00166528637,-6.83404069e-05,0.130434781,0.300000101,0.000107268388,-0.016758943,10941
32879,0.0732704028,212.830002,0.291606963,0.0631350875,0.165810615,-0.00191717409,-8.57573032e-05,0.166666672,0.300000101,0.000121214332,-0.0193575919,10802
32880,0.0704481974,223.550003,0.232361212,0.0543021224,0.165427953,-0.001677313,-9.55346259e-05,0.0434782617,0.300000101,0.000140627933,-0.0169603489,10920
32881,0.0713154823,207.080002,0.220502988,0.0576519817,0.178622931,-0.00162025157,-8.55731414e-05,0.0454545468,0.300000101,0.000114750794,-0.0151076354,10554
32882,0.0587263368,196.800003,0.235320166,0.0608054809,0.174412072,-0.00156262622,-8.42740774e-05,0.095238097,0.300000101,0.000103470695,-0.0170107558,10750
32883,0.0680220574,209.770004,0.265409976,0.0541160107,0.164795801,-0.00199147663,-8.08188124e-05,0,0.300000101,0.000112369067,-0.0129872328,10869
32884,0.0823664069,218.130005,0.257770211,0.0562313758,0.165971413,-0.00183746184,-9.72740891e-05,0.0500000007,0.300000101,0.000109124128,-0.0144404015,10084
32885,0.0619588569,197.190002,0.177483365,0.048210714,0.16533798,-0.00131372979,-7.62665586e-05,0.095238097,0.300000101,0.000100937876,-0.0134582007,10782
32886,0.0579968542,201.190002,0.267129213,0.0608490892,0.162711307,-0.00185741333,-0.000100550838,0.13636364,0.300000101,9.38336671e-05,-0.0165766962,10840
32887,0.0683230981,192.740005,0.217985511,0.0583193712,0.167189807,-0.00156978308,-8.45790491e-05,0.125,0.300000101,0.000120354816,-0.0154649122,10741
32888,0.0688842759,215.910004,0.224512205,0.0549210459,0.163448095,-0.00149124861,-0.000105491883,0.0434782617,0.300000101,9.73790229e-05,-0.017106479,10931
32889,0.0789649189,239.179993,0.303789109,0.0612541288,0.161649719,-0.00245572324,-9.83449791e-05,0.181818187,0.300000101,0.000134162241,-0.0171768218,10210
32890,0.065047659,213.490005,0.20386754,0.0555493645,0.160463676,-0.00158780278,-8.55793478e-05,0.0434782617,0.300000101,0.000111348018,-0.0174071658,10666
32891,0.0379884727,159.570007,0.196595654,0.0543616042,0.170299813,-0.00150990929,-8.02644281e-05,0.13636364,0.300000101,0.000102194652,-0.0134686232,10426
32892,0.0467249118,176.029999,0.25281018,0.0555265546,0.173724055,-0.00202687504,-8.09743651e-05,0.13636364,0.300000101,0.000114952541,-0.0154494941,10154
32893,0.0528839566,181.509995,0.17245467,0.0473311432,0.167369813,-0.0013102513,-7.11270986e-05,0.227272734,0.300000101,6.98541335e-05,-0.0166895892,8428
32894,0.0595271438,184.639999,0.180888593,0.0493436866,0.169099867,-0.0013731363,-7.25723366e-05,0.208333343,0.300000101,0.000140397358,-0.0182142518,10899
32895,0.0444457084,173.080002,0.244991943,0.0569319539,0.177784264,-0.00179600657,-8.67175695e-05,0.0833333358,0.300000101,9.98554751e-05,-0.0151532963,10832
32896,0.0918668509,216.690002,0.206558749,0.0509250462,0.174626097,-0.00161223707,-7.51240732e-05,0.208333343,0.300000101,0.000106556821,-0.0158506129,10873
32897,0.0621951446,181.419998,0.196710408,0.0522873402,0.171407446,-0.00151041185,-7.33278503e-05,0.0434782617,0.300000101,9.67161395e-05,-0.0164509509,10888
32898,0.0383472517,148.039993,0.186480835,0.0506829098,0.171628043,-0.00151759153,-0.000105921681,0.0909090936,0.300000101,8.98978979e-05,-0.0153514892,10473
32899,0.0275462084,130.929993,0.186486319,0.0487787686,0.166426718,-0.00141208083,-8.38663327e-05,0.0454545468,0.300000101,0.000105155559,-0.0162674095,9699
32900,0.0443006158,170.080002,0.233296528,0.056656424,0.170561343,-0.00147057907,-7.69250328e-05,0,0.300000101,8.40442299e-05,-0.0136935934,10940
32901,0.0751608983,217.899994,0.291698158,0.0639765337,0.17259866,-0.00207909942,-9.23906628e-05,0.142857149,0.300000101,0.000117434778,-0.0153866541,11216
32902,0.0849133804,247.830002,0.236447379,0.0578098595,0.16984193,-0.00162212807,-8.18444387e-05,0.13636364,0.300000101,0.000134724658,-0.0177644752,10921
32903,0.0563778467,214.660004,0.24495773,0.0643758103,0.169689059,-0.00183126691,-9.7424454e-05,0,0.300000101,0.000101269565,-0.0161931813,11168
32904,0.0552849136,196.279999,0.228552371,0.0571231358,0.166064784,-0.00177253585,-8.93682591e-05,0.105263159,0.300000101,0.000113438291,-0.0145402243,11297
32905,0.0589807667,193.559998,0.215811476,0.0521061346,0.17364794,-0.00176970405,-8.23408409e-05,0.0833333358,0.300000101,0.000109402594,-0.0143446084,10867
32906,0.077020593,218.520004,0.280029267,0.0634780973,0.177333578,-0.00200022361,-9.76394076e-05,0.095238097,0.300000101,0.000123339167,-0.0147916786,10433
32907,0.0651270896,197.639999,0.191283539,0.0545388572,0.175503016,-0.00141024997,-8.5409556e-05,0.0454545468,0.300000101,8.7029468e-05,-0.017252123,10807
32908,0.0651534945,191.910004,0.213061467,0.0519075729,0.165525168,-0.00165847526,-8.20010391e-05,0.0869565234,0.300000101,8.42081645e-05,-0.0123947179,10966
32909,0.0648745894,196.919998,0.182397753,0.0538568385,0.165537179,-0.0014160783,-8.70536605e-05,0.0476190485,0.300000101,8.44394235e-05,-0.0183849707,11100
32910,0.0538651757,194.639999,0.245484233,0.0632573366,0.163198501,-0.00174902112,-0.000100574143,0,0.300000101,0.000116114148,-0.0186752994,11062
32911,0.0576249473,201.580002,0.235446498,0.0608531982,0.166330084,-0.00157967431,-8.86306589e-05,0.095238097,0.300000101,0.000144862788,-0.0136812748,11081
32912,0.0879398733,257.01001,0.301950693,0.0626902059,0.170121297,-0.00245884061,-0.000106583269,0.130434781,0.300000101,9.00348459e-05,-0.0179002136,10885
32913,0.0604625084,185.559998,0.157654196,0.0450758561,0.176855013,-0.00115695456,-7.8122881e-05,0.0833333358,0.300000101,0.000112239424,-0.0120002897,10849
32914,0.048060108,175.279999,0.225731477,0.0596578382,0.170425162,-0.00143880851,-7.59454633e-05,0.130434781,0.300000101,0.000116052463,-0.0174771324,10664
32915,0.0847209617,233.059998,0.276081502,0.0596016124,0.171741515,-0.00217621517,-8.6897453e-05,0.181818187,0.300000101,0.000109541361,-0.0151164588,10906
32916,0.0648835748,190.389999,0.238476619,0.0586889908,0.171139404,-0.00160980877,-9.4799514e-05,0.0416666679,0.300000101,0.000103251041,-0.0153298853,9558
32917,0.0751705915,210.690002,0.247931853,0.0627901778,0.172868639,-0.00176144182,-0.000120799508,0.0909090936,0.300000101,0.000110881956,-0.0148220779,11006
32918,0.0918422937,248.660004,0.301746577,0.0597016625,0.168328673,-0.00225677341,-8.9215966e-05,0.217391312,0.300000101,9.77894961e-05,-0.0154893799,11056
32919,0.0780440494,234.369995,0.273236841,0.0630810931,0.166211456,-0.00195093581,-0.000112793219,0.181818187,0.300000101,0.000108420558,-0.0166419856,10787
32920,0.0537087023,182.009995,0.199262753,0.0503824428,0.172910616,-0.00138314604,-8.26133328e-05,0.0869565234,0.300000101,0.000127715262,-0.0168353859,10063
32921,0.0490584485,172.119995,0.173660442,0.0465424135,0.174629852,-0.00135572394,-7.56837399e-05,0,0.300000101,0.000115317052,-0.0172319077,10806
32922,0.0623777695,191,0.25328517,0.0544228479,0.17690894,-0.00181566353,-9.14028351e-05,0.0909090936,0.300000101,9.65415238e-05,-0.0156241981,10978
32923,0.0418397188,180.729996,0.225679174,0.0572811775,0.170003653,-0.00135914574,-0.000109014654,0,0.300000101,0.000118273092,-0.0137871895,10789
32924,0.0487954281,197.580002,0.196432203,0.0565842837,0.168611929,-0.00124073995,-8.64597605e-05,0.13636364,0.300000101,8.56034894e-05,-0.0161734745,10815
32925,0.0371421762,162.380005,0.182855234,0.0534216762,0.170244247,-0.0012504654,-8.02574577e-05,0.100000001,0.300000101,9.30082097e-05,-0.0150988791,10976
32926,0.0639835894,200.789993,0.263673872,0.0662278384,0.166809484,-0.00181132625,-0.000114982933,0.125,0.300000101,0.000103771861,-0.0155314589,10527
32927,0.0552718416,183.529999,0.197306857,0.057506714,0.164527699,-0.00148685894,-9.59822646e-05,0.13636364,0.300000101,0.000110791589,-0.0157718807,11099
32928,0.0794090256,202.440002,0.224412292,0.0530425981,0.170268103,-0.00162642158,-8.41614601e-05,0.0833333358,0.300000101,0.000112062422,-0.0170169063,10786
32929,0.0394709073,162.309998,0.17438738,0.052226875,0.164306805,-0.00126876601,-9.22169202e-05,0.0454545468,0.300000101,0.000111182118,-0.0157910995,10751
32930,0.0735728666,232.389999,0.281600386,0.06329339,0.173283979,-0.00193031912,-0.000114424292,0.25,0.300000101,0.000105780826,-0.0143558811,10973
32931,0.0638218895,233.860001,0.218712658,0.0499735549,0.169372886,-0.00153878506,-9.6224474e-05,0.157894731,0.300000101,0.000129528897,-0.0140036372,10849
32932,0.0781678036,242.429993,0.297670692,0.0623666905,0.169297904,-0.00212197681,-9.77167365e-05,0.142857149,0.300000101,0.000124636019,-0.0162192527,10756
32933,0.0600748658,200.130005,0.211297825,0.0550160818,0.169534907,-0.00139845116,-8.72082092e-05,0.173913047,0.300000101,0.00012257442,-0.010887811,10688
32934,0.0572779439,180.979996,0.216246158,0.0511250906,0.175036341,-0.00164565968,-8.51565928e-05,0,0.300000101,0.0001195968,-0.0141692404,10657
32935,0.0671716109,201.619995,0.217219353,0.0578133985,0.175944775,-0.00161522406,-9.45143183e-05,0.0869565234,0.300000101,0.000112601228,-0.0167122167,10588
32936,0.0805347189,229.509995,0.278551936,0.0651899278,0.170813531,-0.00191985781,-9.31676186e-05,0.142857149,0.300000101,0.000111796769,-0.014118134,10927
32937,0.0829373598,246.759995,0.233137846,0.0581971183,0.16253154,-0.00152784796,-9.0673675e-05,0.150000006,0.300000101,8.39900458e-05,-0.0130970264,10168
32938,0.0535451509,205.309998,0.24999404,0.0592534468,0.163548127,-0.00163128774,-0.000106742475,0.0909090936,0.300000101,0.000116599229,-0.0152161475,10903
32939,0.0942364261,279.630005,0.373629332,0.0776529089,0.159391046,-0.00268972479,-0.000104709223,0.181818187,0.300000101,0.000109538843,-0.0149838272,10719
32940,0.0623187236,221.960007,0.262050301,0.0560693964,0.166794166,-0.00177314377,-8.53153397e-05,0.0909090936,0.300000101,0.000107579406,-0.014474337,10449
32941,0.0261884183,135.759995,0.14896819,0.0464385711,0.170402095,-0.000972848095,-7.18493466e-05,0.0454545468,0.300000101,0.000108635817,-0.0163737666,10667
32942,0.0445987731,154.020004,0.251063257,0.0537929274,0.167033762,-0.00188859098,-7.9018384e-05,0.105263159,0.300000101,9.63915008e-05,-0.0154797062,10206
32943,0.0746748745,215.009995,0.255034804,0.061196737,0.16230002,-0.00170307793,-9.28200097e-05,0.190476194,0.300000101,0.000128780288,-0.0154999923,11121
32944,0.101332955,241.139999,0.288613558,0.0586410016,0.172461838,-0.00201660884,-8.58885978e-05,0.0909090936,0.300000101,0.000118260432,-0.0146929119,11063
32945,0.0796641782,223,0.241639972,0.0633754209,0.173337191,-0.00190025463,-9.80617697e-05,0,0.300000101,0.000103154496,-0.0154314861,10985
32946,0.0668474659,203.949997,0.266843706,0.0598768666,0.170061827,-0.00179498643,-9.99330077e-05,0.150000006,0.300000101,8.2498751e-05,-0.0153816529,11113
32947,0.0708121434,199.559998,0.263300478,0.0574666746,0.165599972,-0.00204995065,-8.3978106e-05,0.100000001,0.300000101,0.000100392695,-0.0158670954,11203
32948,0.0530945659,187.190002,0.221569747,0.0516963974,0.166389644,-0.0015674365,-7.90469348e-05,0,0.300000101,0.000130391083,-0.0163564924,10985
32949,0.0676779673,207.059998,0.284258962,0.0618852526,0.16558221,-0.00177554681,-8.84124092e-05,0.0869565234,0.300000101,0.000112961228,-0.0121899918,10706
32950,0.0746510625,207.889999,0.226429075,0.0546836704,0.173021525,-0.00143167377,-9.44324493e-05,0,0.300000101,0.000111921167,-0.015025544,11058
32951,0.0538241528,178.509995,0.225622132,0.0567709617,0.171977371,-0.00137631036,-0.000100459722,0.130434781,0.300000101,8.69138676e-05,-0.0139563847,11086
32952,0.0521292314,180.649994,0.200250655,0.0527314134,0.162082359,-0.00120765588,-8.19094857e-05,0.095238097,0.300000101,9.41189501e-05,-0.013982839,11067
32953,0.0553414673,191.029999,0.215396777,0.0537649915,0.163969904,-0.00160344376,-8.3050887e-05,0.105263159,0.300000101,8.83355897e-05,-0.0139213717,11132
32954,0.0861744359,238.729996,0.272797048,0.0562244356,0.164885849,-0.00182497851,-0.000108269596,0.181818187,0.300000101,0.000107809479,-0.0140385097,11152
32955,0.0835774019,227.720001,0.236211061,0.0517443605,0.174069732,-0.0015424561,-9.56216318e-05,0.142857149,0.300000101,9.81448684e-05,-0.0168366022,11224
32956,0.0630234554,182.860001,0.222240418,0.057292521,0.173495978,-0.00137868349,-8.13741353e-05,0.13636364,0.300000101,0.000103921862,-0.0151412934,11067
32957,0.0680990666,212.240005,0.264340252,0.0618617535,0.171569943,-0.00182738737,-0.000109598106,0.0869565234,0.300000101,0.000122555532,-0.0163957365,10491
32958,0.076991491,234.080002,0.262133926,0.0611075498,0.170357525,-0.00177801354,-9.0355541e-05,0.0869565234,0.300000101,0.000105642845,-0.0150726493,10904
32959,0.0810589641,213.589996,0.242349595,0.0617169477,0.171869159,-0.00155111623,-9.55704818e-05,0.181818187,0.300000101,0.000101337835,-0.0161684733,10949
32960,0.0863464698,233.679993,0.251006931,0.058305081,0.172710657,-0.00176526641,-9.0284826e-05,0.0909090936,0.300000101,9.73446586e-05,-0.0161415301,10928
32961,0.0693594664,201.839996,0.257659674,0.0557835102,0.167725846,-0.00166555028,-9.21804967e-05,0.210526317,0.300000101,9.03284599e-05,-0.0154480906,11275
32962,0.0905265734,237.970001,0.272539854,0.0596628413,0.169281483,-0.00191916886,-0.000109679655,0.190476194,0.300000101,0.000102605925,-0.014178168,11245
32963,0.0864322186,238.979996,0.24670209,0.056138441,0.168981478,-0.00162293308,-8.80286607e-05,0.0526315793,0.300000101,7.25676364e-05,-0.0146556795,11068
32964,0.101461582,259.5,0.32305795,0.0639513806,0.166325107,-0.00210356317,-9.93569556e-05,0.142857149,0.300000101,0.000116239054,-0.0170887653,11154
32965,0.0776460469,220.580002,0.209364787,0.0490240939,0.166781649,-0.00117581768,-8.66055998e-05,0.0869565234,0.300000101,0.000122773738,-0.0169817954,10712
32966,0.0513995066,169.820007,0.191219077,0.0509324521,0.167170644,-0.00118521904,-8.28403281e-05,0.0454545468,0.300000101,9.91382476e-05,-0.0181800928,10830
32967,0.0673027411,229.710007,0.366214365,0.0799684748,0.165232733,-0.00219631824,-0.000125777893,0.181818187,0.300000101,0.000120426732,-0.0146791628,10879
32968,0.0719857439,221.399994,0.251847416,0.0549187772,0.167592108,-0.00151199137,-8.19728011e-05,0.173913047,0.300000101,0.000119975681,-0.0164062977,10993
32969,0.0675075352,200.779999,0.257449389,0.0578245744,0.175340518,-0.00181228796,-9.01558669e-05,0.0833333358,0.300000101,8.8874418e-05,-0.0142392116,10787
32970,0.046813,185.020004,0.215804145,0.0538217276,0.169282675,-0.00145393005,-7.63636563e-05,0.13636364,0.300000101,0.000100224752,-0.0127946222,10982
32971,0.0624328777,207.610001,0.275500625,0.0597603396,0.170034155,-0.00185858167,-8.41398432e-05,0.217391312,0.300000101,0.000118093551,-0.0123710465,11027
32972,0.0767877772,214.800003,0.258697122,0.0568641573,0.168833286,-0.00191205228,-8.70313597e-05,0.217391312,0.300000101,0.000105468513,-0.0148996823,10910
32973,0.0660554469,210.940002,0.235736266,0.0578539148,0.176012278,-0.00146388123,-8.54299142e-05,0.0476190485,0.300000101,0.000105878011,-0.0159593262,10900
32974,0.0539749488,192.539993,0.257639527,0.0631389841,0.169983715,-0.00168027275,-0.000117804542,0,0.300000101,0.000115735886,-0.01587433,10743
32975,0.0707534999,221.119995,0.305238008,0.0661620572,0.16607587,-0.00184220355,-0.00013093013,0.0869565234,0.300000101,0.000109339839,-0.0164692272,10799
32976,0.0887626708,261.25,0.303160012,0.0654064566,0.166615367,-0.00190732174,-9.69163666e-05,0.142857149,0.300000101,0.000106375475,-0.0184400529,10885
32977,0.0612718724,185.149994,0.184691057,0.0504936837,0.16758135,-0.00124306942,-7.32622866e-05,0.0434782617,0.300000101,8.24864546e-05,-0.0138828084,10884
32978,0.0332909413,156.929993,0.244135141,0.0594531037,0.171211526,-0.00148373132,-0.00010717148,0.095238097,0.300000101,0.000116557116,-0.0139420116,10895
32979,0.0574756674,204.110001,0.263484776,0.0542629138,0.170982748,-0.0016533609,-0.000104256993,0.0833333358,0.300000101,0.000118048476,-0.0186819993,10844
32980,0.0709455535,222.830002,0.227824092,0.0540113151,0.173683643,-0.0016530659,-8.78672072e-05,0.173913047,0.300000101,0.00010238016,-0.0153842922,10754
32981,0.0593293831,204.779999,0.226239786,0.0518587828,0.175336882,-0.00171965919,-8.11589416e-05,0.0434782617,0.300000101,0.000105063315,-0.0150939813,9531
32982,0.0600293167,199.479996,0.25518468,0.0582564883,0.169605494,-0.00184660719,-9.57407392e-05,0.100000001,0.300000101,8.56693587e-05,-0.0145417508,11065
32983,0.0869615525,224.979996,0.305123389,0.0604616851,0.163798362,-0.00235442352,-7.38767412e-05,0.285714298,0.300000101,0.000103069353,-0.0162347257,10848
32984,0.0971324965,254.449997,0.306890726,0.0616565533,0.166232228,-0.00224573072,-9.73261558e-05,0.13636364,0.300000101,9.29960661e-05,-0.0152608082,10777
32985,0.0711122081,219.850006,0.20830223,0.0522233509,0.172555715,-0.00137165678,-9.38161538e-05,0.130434781,0.300000101,0.000114486415,-0.0155069828,10682
32986,0.0533778556,178.110001,0.167043164,0.0478751548,0.16913268,-0.00117470569,-7.00386736e-05,0.13636364,0.300000101,0.000140588643,-0.0145305889,10922
32987,0.0601035021,184.839996,0.222486183,0.0509936698,0.170582563,-0.00178643956,-7.53901331e-05,0.217391312,0.300000101,0.000113107664,-0.0162352622,10718
32988,0.070332624,202.169998,0.230139315,0.0525380597,0.166955441,-0.00172160019,-8.23222363e-05,0.130434781,0.300000101,0.00011118142,-0.0141303055,10877
32989,0.0690739602,192.630005,0.233721003,0.0530778095,0.176257834,-0.00184227747,-6.68676876e-05,0.0833333358,0.300000101,9.8475597e-05,-0.0165329203,10754
32990,0.0536543429,170.759995,0.225102469,0.0491373427,0.169548675,-0.002057818,-8.22065849e-05,0.0909090936,0.300000101,9.81630728e-05,-0.0132607836,10840
32991,0.0582675748,196.110001,0.321469247,0.0673518926,0.161720157,-0.00243469351,-0.000116794945,0.117647059,0.300000101,9.48212473e-05,-0.0170284901,11088
32992,0.0794436857,232.889999,0.239840165,0.055784259,0.164395124,-0.00167217525,-7.94098087e-05,0.0869565234,0.300000101,0.000108139044,-0.0166230202,10821
32993,0.0859224945,227.600006,0.313097447,0.0642774105,0.161666691,-0.00253524003,-9.55645955e-05,0.0476190485,0.300000101,8.56501138e-05,-0.0187032241,8479
32994,0.0875539705,236.149994,0.322944164,0.0600497387,0.164455354,-0.00249634078,-9.89039618e-05,0.111111112,0.300000101,9.98472387e-05,-0.0179585237,11145
32995,0.0837288499,236.020004,0.262155205,0.0574733801,0.162577122,-0.0019993037,-7.80713017e-05,0.0454545468,0.300000101,9.26607026e-05,-0.014619139,10022
32996,0.103601664,243.660004,0.304595917,0.0633686855,0.168720931,-0.00227582362,-9.04299595e-05,0.238095239,0.300000101,0.000110613713,-0.0153119043,11030
32997,0.0687310472,198.130005,0.181302547,0.0476509482,0.167757198,-0.0014761904,-6.70067529e-05,0.0833333358,0.300000101,0.000104281688,-0.0160646327,10890
32998,0.0649375692,202.389999,0.282838166,0.0627617463,0.167929262,-0.00207627867,-9.45996726e-05,0.100000001,0.300000101,0.000115466937,-0.0164562408,10931
32999,0.0576643907,206.740005,0.213508174,0.0498812534,0.168213516,-0.00158245431,-7.12068722e-05,0.0909090936,0.300000101,0.000118300632,-0.0163461659,9273
33000,0.0687856451,217.220001,0.263758898,0.0638304204,0.17157571,-0.0019839094,-0.000100190438,0.13636364,0.300000101,0.00012651924,-0.015666008,10069
33001,0.0772856995,218.380005,0.223593026,0.0553557612,0.173425794,-0.00168388325,-7.69667022e-05,0.0454545468,0.300000101,9.98351461e-05,-0.0163365416,10930
33002,0.0656221956,183.330002,0.23373805,0.0557681732,0.169429213,-0.00173100387,-8.30589488e-05,0.150000006,0.300000101,0.000106610234,-0.0149743976,11029
33003,0.0412279367,159.740005,0.215789229,0.057592012,0.171632454,-0.0014887664,-7.38634408e-05,0.125,0.300000101,0.000103408333,-0.0159799382,10801
33004,0.0401991904,166.899994,0.208834335,0.0546117425,0.169923291,-0.0014103977,-8.07484976e-05,0.0833333358,0.300000101,9.54424759e-05,-0.0167823546,10981
33005,0.0578586981,208.880005,0.211254418,0.0525309891,0.166528627,-0.00162741158,-8.07316756e-05,0.173913047,0.300000101,0.000133880938,-0.0142093217,10954
33006,0.0750681236,216.169998,0.259610593,0.0558783449,0.167846799,-0.00199422985,-8.62969391e-05,0.130434781,0.300000101,0.000121299963,-0.0139397942,10717
33007,0.0730744302,211.910004,0.230098158,0.0473351181,0.170746446,-0.00197522203,-8.20594723e-05,0.125,0.300000101,0.000102981699,-0.0168006755,10395
33008,0.0769194514,217.479996,0.26037246,0.0538750105,0.161503762,-0.00195847405,-8.22065776e-05,0.125,0.300000101,0.000110657864,-0.0141792959,9796
33009,0.0414251834,154.399994,0.182725996,0.0499992073,0.166297242,-0.00135682686,-7.62728232e-05,0.0869565234,0.300000101,0.000105663676,-0.0161099061,10526
33010,0.0471569858,182.169998,0.299858153,0.059783902,0.168032214,-0.00220108009,-9.37912919e-05,0.285714298,0.300000101,0.000125851438,-0.016253069,11010
33011,0.0739330202,216.449997,0.256951183,0.0612288639,0.168918416,-0.00186984777,-9.17779471e-05,0.0909090936,0.300000101,0.000100327714,-0.0147990128,10849
33012,0.0529778413,176.059998,0.190523803,0.0478837043,0.172305942,-0.00131782913,-8.18603876e-05,0.095238097,0.300000101,0.000113091024,-0.0163456667,10979
33013,0.0564260706,188.5,0.228423685,0.0529072471,0.177793622,-0.00191838597,-8.61116132e-05,0.0476190485,0.300000101,0.0001118379,-0.0156999212,11090
33014,0.0180126838,127.050003,0.138835952,0.0441586189,0.174193025,-0.000942890416,-8.06125681e-05,0,0.300000101,0.000103641956,-0.0165557843,10965
33015,0.0390621796,137.759995,0.210739031,0.0526044592,0.169079512,-0.00155744085,-8.32497826e-05,0.0869565234,0.300000101,0.000112829366,-0.0139692659,10424
33016,0.0880346596,224.770004,0.227180988,0.0479203276,0.172664925,-0.00190002599,-9.22888867e-05,0.304347843,0.300000101,9.69832909e-05,-0.0143390046,10229
33017,0.0710700601,213.710007,0.222422242,0.0523696244,0.172748253,-0.00153680588,-7.92674909e-05,0,0.300000101,9.58990277e-05,-0.0124724461,10898
33018,0.0649121031,202.160004,0.238076255,0.0547776856,0.166094154,-0.00192453619,-9.87992171e-05,0.217391312,0.300000101,0.000102621379,-0.0141587295,10563
33019,0.0564957485,182.089996,0.168166324,0.0489650331,0.164688036,-0.0010873815,-6.86349231e-05,0,0.300000101,0.000115035065,-0.0172549393,10753
33020,0.0487859286,176.330002,0.221153006,0.0571433119,0.166066855,-0.00155431579,-9.06586283e-05,0.13636364,0.300000101,0.000109800749,-0.0180544723,10734
33021,0.061255727,204.910004,0.249885112,0.0621115193,0.165623575,-0.00179618702,-0.000110640882,0,0.300000101,8.09392295e-05,-0.0124505637,10357
33022,0.0612783767,198.169998,0.21910204,0.0516338907,0.166089624,-0.0016920052,-7.85934535e-05,0.095238097,0.300000101,0.000109779634,-0.0145468852,11021
33023,0.0718468577,197.639999,0.242759258,0.0525796413,0.16938293,-0.0019135836,-9.15833152e-05,0.095238097,0.300000101,0.000122876227,-0.0145316105,10188
33024,0.0726054832,198.479996,0.218183622,0.051211115,0.168073341,-0.00169035897,-6.99381053e-05,0.173913047,0.300000101,9.75910734e-05,-0.0142416302,10525
33025,0.0676249862,186.699997,0.224926129,0.0499265082,0.17357406,-0.00155283208,-8.29294804e-05,0.0909090936,0.300000101,0.000100610283,-0.0147372056,10659
33026,0.0637756437,184.639999,0.199181512,0.0568518452,0.164562017,-0.001469346,-7.37076916e-05,0.0869565234,0.300000101,0.000114711802,-0.0147187803,10662
33027,0.061781466,174.940002,0.206959724,0.0507732332,0.158720493,-0.00149148633,-7.02275356e-05,0.150000006,0.300000101,9.51988986e-05,-0.0158613268,11030
33028,0.0812719315,221.059998,0.268630773,0.0652778149,0.163693905,-0.00174114294,-9.29914386e-05,0.142857149,0.300000101,9.28190784e-05,-0.0146977995,10674
33029,0.0973014235,257.570007,0.286772668,0.0577166155,0.16909723,-0.0022527331,-7.55580841e-05,0.300000012,0.300000101,0.000111481131,-0.0149224903,11050
33030,0.117350146,279.279999,0.309365332,0.0684080943,0.165494472,-0.00233098865,-8.88515133e-05,0.217391312,0.300000101,0.00011696008,-0.0167784598,10901
33031,0.0814193934,240.770004,0.270811677,0.0626681075,0.168288633,-0.00204832247,-9.85862644e-05,0.0869565234,0.300000101,0.000134864793,-0.0152550079,10850
33032,0.0646134838,203.470001,0.257437885,0.057159882,0.17046456,-0.00167199294,-9.57307493e-05,0.130434781,0.300000101,8.72652527e-05,-0.0154290497,10606
33033,0.0463700183,174.270004,0.177465528,0.0510117821,0.171924204,-0.00145889865,-8.46725816e-05,0.0869565234,0.300000101,0.000154712863,-0.0150720477,10699
33034,0.0514495037,195.320007,0.231957018,0.0534809791,0.171833873,-0.0016446627,-8.08516052e-05,0.173913047,0.300000101,0.000114179253,-0.0165001564,10469
33035,0.0541235954,177.279999,0.235254422,0.055473838,0.173319086,-0.00177237869,-9.49411406e-05,0.0909090936,0.300000101,9.47969456e-05,-0.0184725504,10694
33036,0.0368904732,167.410004,0.222634405,0.0543245412,0.180208653,-0.0014491342,-9.75546063e-05,0.0909090936,0.300000101,9.24649285e-05,-0.0187177844,11027
33037,0.03537146,157.029999,0.24198778,0.0530463904,0.169749856,-0.00194969238,-9.61140686e-05,0.13636364,0.300000101,7.6792996e-05,-0.0157840122,10812
33038,0.044296816,166.320007,0.230562136,0.0531582423,0.169415236,-0.00187402987,-8.27375334e-05,0.0909090936,0.300000101,0.0001259977,-0.0146664521,10873
33039,0.0509817898,169.059998,0.211627603,0.0560974553,0.164227024,-0.0015700924,-7.49881947e-05,0.0416666679,0.300000101,0.000125443927,-0.0144151906,10818
33040,0.0743580237,198.289993,0.260169268,0.0546212532,0.167226523,-0.00189613551,-7.52827036e-05,0.0869565234,0.300000101,8.52458907e-05,-0.0182187166,10732
33041,0.101787582,252.449997,0.355975479,0.065186359,0.159450978,-0.00272075157,-0.000112804337,0.176470593,0.300000101,9.65049185e-05,-0.0166755263,10163
33042,0.127623975,319.26001,0.31514287,0.0677888468,0.159955829,-0.00225045602,-9.62063132e-05,0.217391312,0.300000101,0.000113917653,-0.0178089794,10371
33043,0.066766575,206.029999,0.18100816,0.0485840887,0.16230467,-0.0012435473,-7.83416326e-05,0.0416666679,0.300000101,9.82563433e-05,-0.0153009454,10890
33044,0.0392985381,163.559998,0.247291267,0.0558463261,0.164640367,-0.00174712611,-8.64214671e-05,0.0454545468,0.300000101,0.000114448529,-0.0163070671,10848
33045,0.0562723726,192.410004,0.211654857,0.0477580689,0.17019622,-0.00162238663,-7.66478697e-05,0.150000006,0.300000101,0.000150594133,-0.0142562203,10860
33046,0.0847836137,229.889999,0.253428876,0.0574876182,0.171594977,-0.00205759308,-7.72127532e-05,0.0476190485,0.300000101,0.000108933076,-0.0143480375,11101
33047,0.0616804324,200.520004,0.210464984,0.050510563,0.167893529,-0.00147105008,-8.71410884e-05,0.0869565234,0.300000101,0.000109172899,-0.0161738954,9982
33048,0.0751087144,206.440002,0.222498596,0.0490000062,0.168654263,-0.00196804781,-7.75462249e-05,0.13636364,0.300000101,0.000116936535,-0.0142670348,10884
33049,0.0646067262,209.029999,0.229799435,0.0531834103,0.173542857,-0.00197805301,-9.44810381e-05,0.142857149,0.300000101,9.32500116e-05,-0.0167712457,10899
33050,0.0638097078,190.289993,0.196043625,0.0386474282,0.166063741,-0.00141238444,-7.82379648e-05,0.173913047,0.300000101,8.658976e-05,-0.0166360233,10866
33051,0.0448236056,173.339996,0.216274425,0.0574905835,0.165037453,-0.00132338272,-8.3066021e-05,0,0.300000101,0.000108194879,-0.0150078163,10819
33052,0.0497942716,166.210007,0.215374514,0.0486323126,0.169918895,-0.00168798119,-7.14406633e-05,0.0434782617,0.300000101,9.09177907e-05,-0.0124123767,10795
33053,0.068973586,190.929993,0.223312512,0.0484988354,0.16010116,-0.0019042159,-7.80363407e-05,0.0869565234,0.300000101,7.62488562e-05,-0.0151305273,10623
33054,0.0871659592,224.229996,0.254819542,0.0629910007,0.163477302,-0.00186963007,-9.45586726e-05,0.13636364,0.300000101,0.000125003164,-0.014192597,11074
33055,0.0831009522,232.839996,0.288333476,0.0627874658,0.174922705,-0.00224331114,-9.20292223e-05,0.166666672,0.300000101,0.000140705699,-0.0147177074,10771
33056,0.0289235581,163.919998,0.235991985,0.0656272769,0.172466397,-0.00149022928,-0.00010272795,0.0909090936,0.300000101,0.000110472713,-0.0169979893,10385
33057,0.024208447,141.419998,0.150689125,0.0498956442,0.179040834,-0.00107248174,-8.60186847e-05,0.0416666679,0.300000101,9.09407536e-05,-0.0141019756,10752
33058,0.0560779832,173.100006,0.200463474,0.0545008406,0.170766026,-0.00140816672,-9.43684208e-05,0.13636364,0.300000101,0.000109577493,-0.0170220379,10521
33059,0.0578207038,185.960007,0.18257761,0.0443721972,0.172522157,-0.00139384123,-8.21982903e-05,0.0909090936,0.300000101,0.000100046032,-0.0149790775,10793
33060,0.038667962,166.809998,0.208780318,0.0495876744,0.173373669,-0.00155115151,-8.15626336e-05,0.130434781,0.300000101,0.000113245675,-0.0154597396,10757
33061,0.0432018042,166.559998,0.19042334,0.0530454405,0.175388843,-0.00132936379,-9.47346634e-05,0.0869565234,0.300000101,9.31337854e-05,-0.0133656114,10782
33062,0.0593761057,187.399994,0.263287902,0.0594055839,0.174789399,-0.00164254359,-7.90513368e-05,0.181818187,0.300000101,0.000107046122,-0.0153817739,11064
33063,0.0653756559,188.110001,0.200928211,0.0473926291,0.165794745,-0.00160104432,-6.61015074e-05,0.0909090936,0.300000101,0.000111136666,-0.017555587,11092
33064,0.0689434558,209.110001,0.234742209,0.0539312772,0.170892954,-0.0018677616,-7.74940636e-05,0.142857149,0.300000101,0.000125444029,-0.0163307581,10872
33065,0.0815140456,225.309998,0.210440576,0.0510899052,0.171084017,-0.00151015108,-7.39650204e-05,0.0434782617,0.300000101,9.78274766e-05,-0.0196672026,10765
33066,0.0641103238,197.300003,0.223496765,0.0548858941,0.172070295,-0.00160794135,-8.36232648e-05,0.0416666679,0.300000101,9.54875213e-05,-0.0171823129,10640
33067,0.0739610344,215.240005,0.271868169,0.0611945726,0.166908741,-0.001765133,-8.61059962e-05,0.142857149,0.300000101,8.63118548e-05,-0.0160561278,10585
33068,0.0845518485,240.429993,0.293885171,0.0681239665,0.161760598,-0.00193432218,-0.000106896237,0.111111112,0.300000101,8.23654264e-05,-0.0192305855,11002
33069,0.0875683278,246.520004,0.27294147,0.0562145486,0.158004194,-0.00219102297,-8.04408919e-05,0,0.300000101,0.000112295325,-0.0151286302,11376
33070,0.081145823,253.410004,0.286503106,0.0652896017,0.161937982,-0.00206671935,-9.59892495e-05,0.095238097,0.300000101,0.00011125944,-0.0142819351,10744
33071,0.0727879852,215.449997,0.198661581,0.0542166196,0.165162534,-0.00165843789,-7.53256754e-05,0.0434782617,0.300000101,0.000145209255,-0.0173523575,10697
33072,0.0803247541,218.899994,0.25249666,0.0586675368,0.169643819,-0.00183453714,-8.12685321e-05,0.125,0.300000101,9.68041641e-05,-0.0172510929,10689
33073,0.0526839159,176.639999,0.189867869,0.0469340496,0.163976088,-0.00129502767,-7.24995698e-05,0.095238097,0.300000101,0.000118680284,-0.0186551157,10765
33074,0.0648161545,210.800003,0.292803258,0.0621034503,0.168333173,-0.00194978004,-9.90998378e-05,0.0909090936,0.300000101,9.07465073e-05,-0.0170418769,10733
33075,0.0452631935,183.080002,0.199810147,0.0504322909,0.171736985,-0.00150300446,-8.49973148e-05,0.166666672,0.300000101,0.000105910083,-0.0148440162,10279
33076,0.0776655823,238.050003,0.310792238,0.0644445047,0.176182151,-0.00235843821,-9.94611401e-05,0.125,0.300000101,8.99448787e-05,-0.0159291048,10023
33077,0.0654454008,220.160004,0.239908963,0.0585963428,0.16907315,-0.00181415991,-7.33224733e-05,0.173913047,0.300000101,0.0001289887,-0.0167501103,10164
33078,0.0700935647,198.199997,0.225652754,0.0546987914,0.166441172,-0.00174378022,-7.28259765e-05,0.0869565234,0.300000101,9.29430244e-05,-0.013846443,9519
33079,0.0914110467,222.910004,0.207956776,0.0513190813,0.16544652,-0.00158638135,-7.46706064e-05,0.130434781,0.300000101,9.47792141e-05,-0.0151507175,9533
33080,0.0661579072,190.779999,0.267686367,0.0653963983,0.166312516,-0.00202923478,-0.000148667677,0.0434782617,0.300000101,7.65741643e-05,-0.0156271048,10051
33081,0.0770590156,236.710007,0.338513583,0.0792274922,0.158927336,-0.00290185143,-0.000106990105,0.181818187,0.300000101,8.49098651e-05,-0.0170110613,10546
33082,0.0859239399,244.350006,0.240360916,0.0566668063,0.157350451,-0.0020411266,-8.86765338e-05,0.0476190485,0.300000101,0.000128756641,-0.0172525663,10743
33083,0.0719441324,224.350006,0.265634745,0.0626784936,0.164504558,-0.00195169228,-8.50409488e-05,0.142857149,0.300000101,0.000109011387,-0.012423194,10647
33084,0.0717419311,211.660004,0.265402257,0.0569608808,0.166195735,-0.00204508682,-8.2626837e-05,0.142857149,0.300000101,8.56592524e-05,-0.0167066641,10900
33085,0.0716094077,228.419998,0.338843197,0.0697043762,0.164476767,-0.00255717081,-0.000123552716,0.130434781,0.300000101,9.03550535e-05,-0.0164583735,10769
33086,0.0716312677,232.990005,0.235730514,0.0542080067,0.161037892,-0.00170290808,-7.31315522e-05,0.0869565234,0.300000101,0.000115096183,-0.0132512124,10597
33087,0.0562184602,184.979996,0.241291687,0.0545985661,0.168970406,-0.001784247,-9.06159257e-05,0.095238097,0.300000101,0.000135640948,-0.0182102956,10885
33088,0.0701349601,205.779999,0.271017551,0.0646062791,0.165573224,-0.00213796576,-8.65040638e-05,0.130434781,0.300000101,9.85334045e-05,-0.0129110422,10782
33089,0.0784977525,229.889999,0.301841348,0.0788560882,0.166716918,-0.00220104563,-0.000113883856,0.173913047,0.300000101,0.000134430084,-0.0146896821,9669
33090,0.0878032595,252.199997,0.287567616,0.0598640665,0.169400856,-0.0020452477,-9.0468573e-05,0.0909090936,0.300000101,0.000104651117,-0.0169720221,10050
33091,0.0763849616,206.320007,0.202550754,0.0591902398,0.170040369,-0.00145715836,-9.5592688e-05,0.166666672,0.300000101,0.000118767784,-0.014243722,10479
33092,0.0973759666,253.179993,0.319478422,0.0781713128,0.17072013,-0.00243958016,-0.000114574912,0.150000006,0.300000101,8.27571639e-05,-0.0182868876,10882
33093,0.0790964216,225.809998,0.245867684,0.0484031551,0.164362699,-0.00202730717,-8.477339e-05,0.190476194,0.300000101,0.000106197593,-0.0145342927,8022
33094,0.0663247406,201.679993,0.220469102,0.0529985838,0.166828156,-0.00182598608,-7.62478667e-05,0.0434782617,0.300000101,9.60411853e-05,-0.0132987378,10413
33095,0.0612727143,197.580002,0.292268574,0.062506929,0.15677081,-0.00221126014,-0.000106592699,0.0909090936,0.300000101,9.1368529e-05,-0.0172530618,10918
33096,0.061879579,201.990005,0.240058184,0.0588494726,0.159091994,-0.00178783783,-9.1271635e-05,0.142857149,0.300000101,0.000105002822,-0.016999403,10208
33097,0.0689787567,213.800003,0.236197129,0.0598941147,0.167062283,-0.00179086137,-7.36792499e-05,0.095238097,0.300000101,8.96368801e-05,-0.0152886733,10961
33098,0.06359905,195,0.178643733,0.0515703857,0.161910519,-0.00127562601,-8.20049318e-05,0.0416666679,0.300000101,9.7958422e-05,-0.0179169867,10770
33099,0.0533396266,161.869995,0.188605085,0.0467848368,0.165334553,-0.00153415278,-7.29507519e-05,0.157894731,0.300000101,9.76910378e-05,-0.0145685188,10932
33100,0.0736535266,201.660004,0.297572076,0.0584869273,0.163764119,-0.0024564974,-8.03904477e-05,0.166666672,0.300000101,0.000126580475,-0.0142427478,11049
33101,0.110942565,266.540009,0.330085456,0.0718180016,0.161484867,-0.00250606262,-0.000103904327,0.190476194,0.300000101,9.87994208e-05,-0.0158122405,10945
33102,0.0968490094,245.539993,0.232742071,0.056392543,0.16769883,-0.00189191964,-9.08097863e-05,0.125,0.300000101,0.000142860139,-0.0144156301,10891
33103,0.0870656744,231.830002,0.200232506,0.0538749024,0.168416128,-0.00146797951,-8.5341504e-05,0.0869565234,0.300000101,0.000119035809,-0.0168775488,10832
33104,0.0632680953,181.160004,0.194531485,0.054835584,0.170727432,-0.00153454812,-7.87603203e-05,0.0869565234,0.300000101,0.000110569032,-0.0161467362,10821
33105,0.0666579232,192.570007,0.244313657,0.0583775043,0.16457887,-0.00179079548,-0.000105438427,0.166666672,0.300000101,0.000117491036,-0.0180461686,10832
33106,0.0884084702,232.419998,0.333725989,0.0686348975,0.165358797,-0.00237226905,-0.000100771475,0.173913047,0.300000101,9.23217958e-05,-0.0120393783,10967
33107,0.0592636578,195.850006,0.24741061,0.0619535819,0.161510527,-0.00190425967,-7.50413965e-05,0.100000001,0.300000101,0.000100061974,-0.0158841237,10860
33108,0.0641731098,206.929993,0.238925442,0.0564964823,0.16269511,-0.00145442621,-8.5574291e-05,0.0869565234,0.300000101,0.000120111159,-0.0159193948,10801
33109,0.0702800378,208.220001,0.230166629,0.0549128465,0.165200457,-0.00165599084,-8.42684749e-05,0.0434782617,0.300000101,9.70983092e-05,-0.019042626,10546
33110,0.0750803947,221.820007,0.266931832,0.0611449145,0.162849113,-0.0019362712,-8.64600224e-05,0.100000001,0.300000101,0.000103952552,-0.0184136815,10744
33111,0.0757621825,209.429993,0.210820854,0.0561831594,0.159536257,-0.00136932859,-8.43725502e-05,0.0909090936,0.300000101,7.28256855e-05,-0.0160262529,9980
33112,0.0725625753,190.029999,0.226317376,0.0516219102,0.159624979,-0.00184120703,-6.83586622e-05,0.0909090936,0.300000101,0.000104813123,-0.0145351095,10578
33113,0.0838883594,214.460007,0.280139029,0.0552628562,0.163658693,-0.0019579595,-8.93330871e-05,0.142857149,0.300000101,0.000115793729,-0.0147320321,10573
33114,0.0454662852,171.850006,0.20450668,0.0554610714,0.161892936,-0.0014723771,-7.68634054e-05,0.0416666679,0.300000101,0.000107253654,-0.0157002509,10618
33115,0.0671470463,197.389999,0.279153317,0.0594096519,0.166782185,-0.00204908592,-8.35505707e-05,0.130434781,0.300000101,0.000105788255,-0.0157770365,10709
33116,0.0783571377,220,0.238830805,0.0517750718,0.168720007,-0.00158881757,-0.000102541875,0.0454545468,0.300000101,8.30425633e-05,-0.0164121669,10448
33117,0.0414323397,161.279999,0.225786388,0.0524439476,0.158865556,-0.00154098752,-8.23763185e-05,0.0833333358,0.300000101,0.000122286554,-0.0155294091,10382
33118,0.0719294846,230.339996,0.280929863,0.0701940656,0.16675052,-0.00202472066,-0.000122186248,0.181818187,0.300000101,9.15010605e-05,-0.0161871258,10905
33119,0.0862227678,267.470001,0.308507264,0.0612281226,0.153968066,-0.00198429055,-9.18181831e-05,0.166666672,0.300000101,0.000112952432,-0.0145718232,10584
33120,0.111984253,285.670013,0.320417404,0.056942042,0.1617385,-0.00260218047,-9.47443041e-05,0.409090936,0.300000101,0.000127801337,-0.0160085876,11009
33121,0.0549352914,178.809998,0.18488805,0.0489795096,0.166570902,-0.00125228253,-7.09970263e-05,0.0869565234,0.300000101,0.000120607874,-0.0144084031,10800
33122,0.0306491069,148.690002,0.235012084,0.0591305234,0.172960997,-0.00139724079,-9.529003e-05,0.130434781,0.300000101,0.000103889608,-0.0146959797,10991
33123,0.0658370256,195.919998,0.213132784,0.053520184,0.167029664,-0.0014694694,-9.83505524e-05,0.13636364,0.300000101,0.000106876563,-0.0174693577,11020
33124,0.0764932558,207.149994,0.232160121,0.0520613715,0.167822525,-0.00175343396,-7.73162828e-05,0.0454545468,0.300000101,0.000106084342,-0.016285833,10724
33125,0.0752684399,205.809998,0.232033074,0.0505613238,0.173196182,-0.00178016245,-8.23873779e-05,0.125,0.300000101,7.88040998e-05,-0.0150251193,10533
33126,0.0509901196,185.160004,0.204538912,0.0538044535,0.160889685,-0.00138568704,-8.44335955e-05,0.0909090936,0.300000101,0.000102689592,-0.0154057387,10923
33127,0.0485968143,179.800003,0.235856012,0.052456487,0.164722919,-0.00153101364,-7.80972332e-05,0.0500000007,0.300000101,0.000113356364,-0.0135342376,11098
33128,0.0834560841,225.100006,0.272469848,0.0603187308,0.160568237,-0.00200934382,-9.02266693e-05,0.0476190485,0.300000101,8.30371864e-05,-0.0174531266,10839
33129,0.0906324759,251.470001,0.283700675,0.0553721637,0.161751688,-0.002229915,-0.000100326062,0.285714298,0.300000101,8.74544494e-05,-0.0152583094,11122
33130,0.0901805311,243.509995,0.237584278,0.0560053177,0.165885478,-0.00185603148,-9.04019835e-05,0.260869563,0.300000101,0.000103366307,-0.0139112687,10990
33131,0.0761352628,207.440002,0.246975571,0.0543418564,0.163437366,-0.00194596569,-8.81931192e-05,0.130434781,0.300000101,8.82040404e-05,-0.0139223132,10779
33132,0.0839491487,227.130005,0.264673084,0.0653925091,0.162677348,-0.00198388612,-9.98257965e-05,0.0869565234,0.300000101,0.000100780919,-0.0136087751,10575
33133,0.0698814616,214.639999,0.184633583,0.0503847599,0.162555039,-0.00141212251,-8.43186353e-05,0.173913047,0.300000101,9.52181799e-05,-0.0156257059,10455
33134,0.0645852908,202.860001,0.242721647,0.0599239916,0.165712982,-0.00163415703,-7.75388835e-05,0.0476190485,0.300000101,0.00010411031,-0.0168691613,10662
33135,0.0595432334,191.289993,0.176754057,0.0552018136,0.163106993,-0.00142127706,-9.40255486e-05,0,0.300000101,9.52899572e-05,-0.0156764481,10547
33136,0.0634735078,186.630005,0.213776395,0.054765068,0.159314126,-0.00175907207,-9.227587e-05,0.0833333358,0.300000101,0.000117350966,-0.0147344116,10879
33137,0.0737555847,200.320007,0.254178822,0.0587849952,0.160534799,-0.00215701642,-8.90558586e-05,0.0869565234,0.300000101,0.000102334001,-0.0170875285,10544
33138,0.099733524,240.429993,0.269429356,0.0590664148,0.169587135,-0.00209169602,-8.79565123e-05,0.142857149,0.300000101,0.000130947883,-0.0152550098,11042
33139,0.0305478796,157.289993,0.214040279,0.0564195141,0.169409081,-0.00161979313,-8.56553161e-05,0.0434782617,0.300000101,0.000117820309,-0.0136313476,10754
33140,0.0487749465,176.399994,0.317418963,0.0615830831,0.17433399,-0.00213881652,-8.65596594e-05,0.173913047,0.300000101,9.38772791e-05,-0.0181069504,10785
33141,0.0565081388,187,0.247634456,0.056327682,0.16885975,-0.0016529056,-9.17006037e-05,0.13636364,0.300000101,0.00012668717,-0.0171028227,10676
33142,0.061357677,210.119995,0.218340352,0.0524604544,0.173724979,-0.00159797363,-0.000101749785,0.0434782617,0.300000101,9.48700035e-05,-0.0165337939,10660
33143,0.0380471349,150.300003,0.204722539,0.0570909791,0.169610471,-0.00158960698,-8.48753116e-05,0.0909090936,0.300000101,8.99936058e-05,-0.0152176507,9719
33144,0.0524342693,183.779999,0.219509527,0.0555053279,0.168604791,-0.00149782444,-9.0014888e-05,0.181818187,0.300000101,0.000104276907,-0.0151462052,10202
33145,0.0447875969,177.449997,0.23942709,0.0589167885,0.167510569,-0.00194386207,-7.48459279e-05,0.0416666679,0.300000101,0.000105864179,-0.0177652165,10918
33146,0.0647453293,211.199997,0.287060618,0.0562029481,0.169442624,-0.0022842153,-9.59762037e-05,0.13636364,0.300000101,9.94177899e-05,-0.0143272979,10813
33147,0.0908303559,245.289993,0.285279214,0.0589541309,0.160270631,-0.00197421643,-0.000128745174,0.173913047,0.300000101,9.66989537e-05,-0.0155404676,10838
33148,0.0859573707,240.289993,0.265328646,0.0675957799,0.164313674,-0.00181322871,-0.000107532942,0.0909090936,0.300000101,9.81706398e-05,-0.0164518785,10613
33149,0.0722954199,217.330002,0.207296178,0.0518324152,0.159363419,-0.00176095997,-0.000104516417,0,0.300000101,0.000116018971,-0.0168102048,10487
33150,0.090923734,239.259995,0.233235449,0.0578958988,0.170791075,-0.00197768398,-8.80602238e-05,0.190476194,0.300000101,0.000113950438,-0.0141021153,10882
33151,0.0917304233,236.639999,0.199710712,0.0499946736,0.160996079,-0.0017246824,-8.18847257e-05,0.130434781,0.300000101,8.15050953e-05,-0.0175114051,10746
33152,0.0635998771,185.089996,0.206147224,0.0487249382,0.157952219,-0.0016128812,-7.39907773e-05,0.0500000007,0.300000101,8.50028227e-05,-0.0139756072,11027
33153,0.0586271025,198,0.26309675,0.0560865365,0.161519006,-0.00190901081,-8.70532676e-05,0.125,0.300000101,0.000119513767,-0.0143558225,10317
33154,0.0772133842,220.800003,0.244927451,0.0544793196,0.169541091,-0.00226945546,-9.61615879e-05,0.200000003,0.300000101,8.2211991e-05,-0.0158623364,11184
33155,0.04955272,167.300003,0.119116627,0.0434283689,0.158322081,-0.000791539089,-6.33696691e-05,0,0.300000101,0.000105992644,-0.0150956074,11027
33156,0.0770702586,210.169998,0.299822479,0.0626603365,0.169652194,-0.00234890217,-9.70337423e-05,0.13636364,0.300000101,0.000124384867,-0.0171547048,9805
33157,0.102791816,254.600006,0.254124373,0.0569029488,0.166170388,-0.00199586642,-9.35085991e-05,0.0476190485,0.300000101,0.000127615422,-0.0146392873,10867
33158,0.0788011029,228.559998,0.220251501,0.0556753948,0.167249724,-0.00189923076,-9.63228158e-05,0.130434781,0.300000101,0.000135507231,-0.0136813894,10438
33159,0.0630243272,205.809998,0.249026388,0.0609321035,0.174705014,-0.00200110581,-0.000106012267,0.130434781,0.300000101,0.000108495224,-0.0134086162,10552
33160,0.0349572338,155.75,0.177741051,0.0480415076,0.169267774,-0.001456197,-7.7363984e-05,0,0.300000101,8.6163629e-05,-0.0151050128,10164
33161,0.0476327874,186.839996,0.268965781,0.0560940579,0.167661652,-0.00223527895,-9.26477369e-05,0.166666672,0.300000101,0.000108472508,-0.0140204681,10515
33162,0.0860227346,237.639999,0.289470226,0.0653495044,0.164488122,-0.00215684506,-0.000106887746,0.166666672,0.300000101,9.82845668e-05,-0.0168367308,10950
33163,0.103435859,279.350006,0.327867597,0.0600247532,0.164005369,-0.00276808604,-0.000103277875,0.291666687,0.300000101,0.000115874747,-0.0157809407,10876
33164,0.0649328753,213.550003,0.222629249,0.0558926202,0.168008015,-0.00171938853,-8.66068658e-05,0.0454545468,0.300000101,9.80012483e-05,-0.0176382121,10838
33165,0.070675455,209.779999,0.290733188,0.0622284375,0.167104885,-0.00214885361,-9.2262635e-05,0.25,0.300000101,0.00012084606,-0.0158627443,10803
33166,0.112755843,257.679993,0.277691871,0.0570895188,0.166905448,-0.00247162255,-9.28950903e-05,0.238095239,0.300000101,0.000123234,-0.0148066096,10571
33167,0.0991166979,242.479996,0.28171429,0.0644105896,0.174065039,-0.00230386853,-9.86799641e-05,0.0500000007,0.300000101,9.02437532e-05,-0.0160267521,10615
33168,0.066269502,193.279999,0.208695501,0.052578263,0.168686509,-0.00167132984,-7.85308075e-05,0.0909090936,0.300000101,9.07684589e-05,-0.0151328258,10805
33169,0.0644770637,201.630005,0.203299269,0.053403005,0.167836353,-0.00163313968,-8.11778664e-05,0,0.300000101,9.4093506e-05,-0.0156372003,10747
33170,0.0539384596,186.479996,0.232344359,0.0639998019,0.162110776,-0.00179711194,-0.000106945532,0,0.300000101,0.000117635042,-0.016377857,11092
33171,0.0498914309,176.990005,0.179402351,0.0495007932,0.166363239,-0.00176005228,-8.18122789e-05,0.0833333358,0.300000101,0.000116462172,-0.013636779,10740
33172,0.0660296008,202.479996,0.220314652,0.0565717667,0.165849149,-0.00161503709,-8.42074733e-05,0.105263159,0.300000101,9.07544891e-05,-0.0182102211,10572
33173,0.0740221739,212.850006,0.221849769,0.0483011939,0.164688647,-0.00194841658,-9.07742069e-05,0.157894731,0.300000101,0.000116364376,-0.0173975378,10608
33174,0.094994016,234.520004,0.24807632,0.0524217188,0.170926139,-0.00228924351,-8.02953509e-05,0.13636364,0.300000101,0.000103663515,-0.0184717812,10704
33175,0.0688836351,210.910004,0.270545304,0.0614983961,0.175819203,-0.00212166621,-9.12378237e-05,0.181818187,0.300000101,0.000123358943,-0.0156711265,10272
33176,0.0723270848,216.759995,0.169768319,0.0497881398,0.172246099,-0.0012619535,-8.11429127e-05,0.0454545468,0.300000101,0.000112000853,-0.0146870958,10633
33177,0.0692513362,213.869995,0.252683401,0.0552240089,0.168698877,-0.00198830548,-8.10475613e-05,0.166666672,0.300000101,0.000143059064,-0.0130743338,10906
33178,0.082247898,231.039993,0.240858957,0.0579206944,0.169395849,-0.00204498833,-8.68841162e-05,0.0434782617,0.300000101,0.000109381232,-0.0144807985,10916
33179,0.0863623023,217.630005,0.252052724,0.0580235012,0.165421858,-0.0019855937,-0.000101522346,0.150000006,0.300000101,9.20004823e-05,-0.016234573,11130
33180,0.0701119006,198.059998,0.211652189,0.0561836362,0.164738089,-0.0014967483,-0.000103376726,0,0.300000101,0.000104151906,-0.0172519498,11015
33181,0.0628942698,218.630005,0.267154008,0.0646126419,0.162565753,-0.00208641938,-0.000116079158,0.190476194,0.300000101,9.85428997e-05,-0.0165967066,11088
33182,0.0584076121,201.539993,0.248671398,0.0633149222,0.159831643,-0.00202729926,-9.59119352e-05,0.0476190485,0.300000101,0.000111376605,-0.0169435237,11039
33183,0.0715590864,220.419998,0.27614373,0.0684222579,0.166478083,-0.00189818221,-9.26001012e-05,0.130434781,0.300000101,9.57338416e-05,-0.0162711758,10556
33184,0.0452221781,186.830002,0.242663667,0.0616724826,0.163298458,-0.00189353782,-9.33956762e-05,0.0476190485,0.300000101,9.72187336e-05,-0.0144906538,10935
33185,0.0536185615,187.660004,0.228637084,0.0580214374,0.158502713,-0.00165760552,-9.13420663e-05,0.0476190485,0.300000101,0.000108201515,-0.014252712,10852
33186,0.0691095591,210.979996,0.196223199,0.055276785,0.165842116,-0.0017593212,-9.44771527e-05,0.0476190485,0.300000101,0.000105202394,-0.0157209616,11059
33187,0.106402397,269.410004,0.341042608,0.0680305883,0.163915858,-0.00314905564,-9.86099185e-05,0.181818187,0.300000101,0.000118960015,-0.015339911,10447
33188,0.102337852,257.559998,0.192095354,0.0500220358,0.169972152,-0.00149682013,-8.43862363e-05,0.0454545468,0.300000101,8.90773517e-05,-0.0179011337,11007
33189,0.0388790146,171.949997,0.232095242,0.0546544008,0.163281143,-0.00179447106,-8.59376596e-05,0.0454545468,0.300000101,0.00011969421,-0.0167698283,10922
33190,0.0652646199,211.889999,0.237379536,0.0601602942,0.167255327,-0.00186267309,-0.00010353385,0.217391312,0.300000101,9.17877987e-05,-0.0171783455,10611
33191,0.084242329,236.600006,0.240631968,0.0678310022,0.165689215,-0.00189586345,-9.94687216e-05,0.0500000007,0.300000101,9.64694555e-05,-0.0155020701,9600
33192,0.0915037915,245.070007,0.358743876,0.0643880591,0.159375578,-0.00288303941,-9.03632899e-05,0.210526317,0.300000101,9.81499325e-05,-0.0135109555,10407
33193,0.0751926154,215.649994,0.223349094,0.0562368222,0.163752675,-0.00166224351,-9.14099073e-05,0.0454545468,0.300000101,0.000110411078,-0.0170787927,8497
33194,0.0591429025,189.539993,0.260147959,0.0566691495,0.164447308,-0.00207971712,-8.67088165e-05,0,0.300000101,0.000104070845,-0.0149513464,10350
33195,0.0798301548,209.179993,0.238376692,0.0573268496,0.165539101,-0.00193725154,-7.42814445e-05,0.181818187,0.300000101,0.000106834821,-0.0180855319,10439
33196,0.0681555718,195.949997,0.239939436,0.0555691049,0.172344252,-0.00195771968,-8.54339305e-05,0,0.300000101,0.000126565312,-0.0166746471,10619
33197,0.073232457,207.220001,0.223989338,0.060288012,0.17767331,-0.00207951572,-8.39980639e-05,0.0416666679,0.300000101,0.000123074104,-0.0173359513,10617
33198,0.0614541583,183.100006,0.237379044,0.0552973226,0.170995235,-0.0018458704,-9.38163794e-05,0.130434781,0.300000101,7.74614455e-05,-0.0155015774,10578
33199,0.0649414062,190.860001,0.243482158,0.0565791689,0.165802866,-0.00189459464,-8.76346166e-05,0.227272734,0.300000101,0.000128125626,-0.0159021113,10158
33200,0.0536632463,191.089996,0.218827918,0.0579330251,0.168535441,-0.00164085033,-9.56680087e-05,0.0869565234,0.300000101,0.000105487874,-0.0172964521,9793
33201,0.0487751924,163.580002,0.24779664,0.0568681248,0.170647115,-0.00191188056,-9.38811063e-05,0.0434782617,0.300000101,0.000119480705,-0.0159404166,10447
33202,0.0639048442,197.919998,0.211354822,0.058059521,0.173961937,-0.00155586819,-8.64138419e-05,0.0434782617,0.300000101,0.000106305823,-0.0157175045,10783
33203,0.0627118126,195.449997,0.196192518,0.0512392409,0.166975319,-0.00163296435,-9.97669777e-05,0.142857149,0.300000101,0.000144720179,-0.0153914755,11031
33204,0.0725211948,205.119995,0.236349449,0.0543981679,0.174150452,-0.00188532879,-9.12504984e-05,0.190476194,0.300000101,8.61356166e-05,-0.0165576208,10765
33205,0.0654028505,193.179993,0.2162444,0.0623158179,0.166317195,-0.00167655561,-9.16271892e-05,0.0476190485,0.300000101,8.43853486e-05,-0.0161704626,10591
33206,0.06517566,182.970001,0.212425664,0.052138228,0.160473198,-0.00163461326,-7.97894609e-05,0.095238097,0.300000101,9.96213857e-05,-0.0184420124,10808
33207,0.0793178752,229.809998,0.341832221,0.0654403567,0.165085852,-0.00260744756,-0.000110493223,0.190476194,0.300000101,0.000111304093,-0.0134150516,10894
33208,0.0913895518,261.029999,0.288442254,0.0628557652,0.159846455,-0.00206345576,-0.000103333958,0.130434781,0.300000101,0.000102711681,-0.0160446875,10144
33209,0.0702830702,198.350006,0.175705239,0.0541793443,0.165408969,-0.00127755152,-9.20315942e-05,0.0454545468,0.300000101,9.4367766e-05,-0.0149936294,10794
33210,0.0585703515,192.559998,0.223357484,0.0522693023,0.16265583,-0.00163842761,-8.89696748e-05,0.13636364,0.300000101,0.000118475851,-0.0157483704,10962
33211,0.0650228411,216.589996,0.213361576,0.0528925918,0.165019855,-0.00173361565,-8.50382348e-05,0.130434781,0.300000101,0.000106032181,-0.0109652365,10624
33212,0.0592492484,186.089996,0.222374707,0.0524015501,0.16705589,-0.00171494891,-7.63112475e-05,0.0454545468,0.300000101,0.00010916969,-0.0180877578,10767
33213,0.088531442,236.860001,0.226026997,0.0547166504,0.165198535,-0.00154921087,-8.37311236e-05,0.173913047,0.300000101,8.45856775e-05,-0.0165231042,10804
33214,0.084396489,222.259995,0.261072606,0.0530237034,0.161864817,-0.00207880908,-7.93854924e-05,0.190476194,0.300000101,0.0001150311,-0.0159031823,10725
33215,0.0606634989,171.679993,0.143005669,0.0510873906,0.169637084,-0.0009528214,-8.53816746e-05,0,0.300000101,8.10225611e-05,-0.0149363186,10581
33216,0.039388597,142.220001,0.21247898,0.0634988621,0.162717909,-0.00153829122,-8.66637711e-05,0.0476190485,0.300000101,0.000118585674,-0.0144960852,10531
33217,0.0891800001,239.710007,0.3262389,0.066336818,0.161077708,-0.00227809628,-9.94975708e-05,0.315789461,0.300000101,9.42512343e-05,-0.0151776355,10870
33218,0.108410567,271.200012,0.317389399,0.0709933192,0.167890757,-0.00256631617,-0.000107368251,0.217391312,0.300000101,9.20956081e-05,-0.0139367869,9608
33219,0.0946278274,233.770004,0.188279018,0.0534615032,0.167019576,-0.00154303235,-7.93315849e-05,0.190476194,0.300000101,0.000118279946,-0.0125059625,10065
33220,0.0992430374,240.929993,0.254190594,0.0561288074,0.165578201,-0.00196074997,-9.04523695e-05,0.227272734,0.300000101,0.000133178983,-0.0135492748,10627
33221,0.0896437988,215.660004,0.229716435,0.0549812466,0.17390351,-0.00180629711,-8.05333184e-05,0.173913047,0.300000101,0.000110286201,-0.0153911831,10547
33222,0.0152691128,110.650002,0.141921848,0.0480520278,0.167113692,-0.000989923021,-8.13622828e-05,0.0434782617,0.300000101,0.000101639809,-0.0150804613,10375
33223,0.0509641394,164.619995,0.203342274,0.0495572761,0.166101038,-0.00156488398,-7.13220288e-05,0.13636364,0.300000101,0.000112414738,-0.0144697595,10573
33224,0.071957998,223.869995,0.336986661,0.0765156746,0.162958756,-0.00237532635,-0.000120860932,0.130434781,0.300000101,0.00011526273,-0.0166050121,10058
33225,0.0622280426,203.529999,0.215155855,0.0581712164,0.164170459,-0.00173004193,-9.0219015e-05,0.0476190485,0.300000101,0.000111434478,-0.015907621,10696
33226,0.079002209,209.320007,0.288537025,0.069900699,0.169241399,-0.0022948659,-0.000110035449,0.13636364,0.300000101,0.000132670248,-0.0149302222,10562
33227,0.0808492154,215.369995,0.231488392,0.0591446683,0.167806596,-0.00177206262,-8.74931138e-05,0.125,0.300000101,9.92504865e-05,-0.0159173198,10534
33228,0.0416898131,157.229996,0.238170177,0.0588951781,0.167354465,-0.0016041107,-0.000102280537,0.130434781,0.300000101,7.06248757e-05,-0.0157217272,10539
33229,0.0682448521,214.009995,0.311153799,0.0680526644,0.169762313,-0.00217179861,-0.000144995836,0.117647059,0.300000101,0.000133249021,-0.0141496481,11069
33230,0.0744053498,229.75,0.262222826,0.0594700761,0.169305176,-0.00208299048,-0.000102287828,0,0.300000101,0.000122624318,-0.0152863292,10879
33231,0.0908266455,246.070007,0.264565527,0.0563527681,0.168592215,-0.00217157369,-8.25813258e-05,0.130434781,0.300000101,9.3492119e-05,-0.016884502,10775
33232,0.0558246151,186.729996,0.250347674,0.0616754107,0.172822267,-0.00191017217,-9.29009766e-05,0.0434782617,0.300000101,0.000160932585,-0.0143963778,9951
33233,0.0807278603,237.559998,0.304391652,0.068040736,0.180678427,-0.00239443011,-0.000107513806,0.130434781,0.300000101,0.000107444706,-0.0148331542,10749
33234,0.0492844097,157.869995,0.183023095,0.0508480668,0.173941776,-0.00147110689,-9.32674739e-05,0.0416666679,0.300000101,9.66221487e-05,-0.0161370821,10349
33235,0.0598161742,168.660004,0.216869965,0.0550069325,0.163708925,-0.00174629258,-8.44491151e-05,0.0909090936,0.300000101,8.22384754e-05,-0.0146111175,10690
33236,0.0634349361,194.490005,0.242814377,0.0588205345,0.166408718,-0.0017056592,-9.19114391e-05,0.150000006,0.300000101,0.000106186533,-0.0156230796,10706
33237,0.0761052221,224.889999,0.250975102,0.0637006611,0.16687569,-0.0018981602,-0.00010266537,0.25,0.300000101,8.4098232e-05,-0.0154784005,10855
33238,0.0869967416,235.759995,0.27300331,0.0595357306,0.165681943,-0.00194003619,-8.19173511e-05,0.200000003,0.300000101,9.26725988e-05,-0.0130413212,10872
33239,0.0660577267,206.350006,0.23794286,0.0605408587,0.163846835,-0.00168721669,-0.00010511998,0.0869565234,0.300000101,0.000104725907,-0.0152145177,10679
33240,0.0623321608,184.470001,0.230321646,0.0573028252,0.163934931,-0.00162293483,-9.39855454e-05,0.0833333358,0.300000101,0.000115224131,-0.0134927956,10811
33241,0.0738279223,208.660004,0.248190254,0.0581634007,0.171630248,-0.00189849059,-8.74257239e-05,0.142857149,0.300000101,9.62163613e-05,-0.0131314807,10459
33242,0.0712965727,219.539993,0.196933314,0.0570160262,0.169348896,-0.00149077957,-0.000104356855,0.13636364,0.300000101,0.000102925107,-0.015055567,10370
33243,0.0567836203,182.839996,0.233993128,0.0578824393,0.162494421,-0.00197298732,-9.56223012e-05,0,0.300000101,7.50064646e-05,-0.0162018947,10401
33244,0.0560894869,168.020004,0.219745919,0.0555143245,0.163381219,-0.00187760789,-8.87245333e-05,0.0476190485,0.300000101,0.000117499301,-0.0193668902,10442
33245,0.0585217588,176.039993,0.25099799,0.058061704,0.168547571,-0.00190884445,-9.35285352e-05,0.142857149,0.300000101,0.000111366688,-0.0139580639,9683
33246,0.0662904903,196.520004,0.255131274,0.0581280738,0.162205786,-0.00204078038,-7.96203458e-05,0.0869565234,0.300000101,8.78493593e-05,-0.0150219277,10205
33247,0.0551108569,183.529999,0.212527096,0.0581634045,0.16734378,-0.00141003425,-8.47726333e-05,0.125,0.300000101,9.97891621e-05,-0.0146245724,9346
33248,0.0577732399,182.309998,0.213077724,0.0555008054,0.16784811,-0.0016908187,-8.6856242e-05,0.0909090936,0.300000101,0.000116463445,-0.0128422268,10545
33249,0.0626208261,201.779999,0.211307436,0.0566024669,0.16463919,-0.00168457511,-9.62294143e-05,0.142857149,0.300000101,0.000118481919,-0.013704733,10216
33250,0.0767947361,225.210007,0.328430206,0.0706134588,0.167719409,-0.00247164373,-9.39373494e-05,0.130434781,0.300000101,0.000109363042,-0.0154824043,10232
33251,0.0738077387,219.800003,0.274376869,0.0661893114,0.171614498,-0.00205857842,-9.19774175e-05,0.0476190485,0.300000101,9.89581968e-05,-0.0163718536,9822
33252,0.0794770867,222.619995,0.230852962,0.0547661185,0.165194392,-0.00188268686,-8.36725376e-05,0.150000006,0.300000101,0.000118561038,-0.015272487,10969
33253,0.100869544,259.5,0.309958398,0.0626588389,0.166345611,-0.00262183533,-0.000103139617,0.0454545468,0.300000101,0.000107005755,-0.0163041875,10984
33254,0.0714975297,223.889999,0.230005234,0.0594424419,0.167571902,-0.00166896638,-7.8909623e-05,0.0909090936,0.300000101,9.77737654e-05,-0.0143108582,10376
33255,0.0735371187,218.309998,0.226275772,0.0593789741,0.168920666,-0.00168714696,-8.51238729e-05,0.125,0.300000101,0.000101679398,-0.0136701269,10027
33256,0.0666025728,210.990005,0.213705674,0.0507564768,0.160483062,-0.00180598558,-9.67319356e-05,0,0.300000101,9.74671639e-05,-0.0171902999,9956
33257,0.0671644658,202.940002,0.210212171,0.0511568598,0.161912113,-0.00157358439,-0.000109286557,0.0909090936,0.300000101,7.39706447e-05,-0.0133189783,10291
33258,0.0809640586,213.570007,0.279236406,0.059191104,0.160348639,-0.00238676579,-0.000102197511,0.217391312,0.300000101,9.99816766e-05,-0.0167354867,10453
33259,0.0996342376,248.690002,0.323345751,0.0664465576,0.167109579,-0.00287974952,-8.92898388e-05,0.142857149,0.300000101,0.000112998423,-0.0180310905,10847
33260,0.0901686177,259.399994,0.281650901,0.0648899302,0.164135426,-0.00237286696,-0.000108258559,0,0.300000101,0.000137679788,-0.0172280893,10872
33261,0.0776991695,235.539993,0.251633763,0.0644095466,0.171124741,-0.0021810222,-0.000108091641,0.0869565234,0.300000101,0.000107789201,-0.0149245895,10676
33262,0.059149079,182.070007,0.239817128,0.0609758906,0.165203497,-0.00201137969,-8.54152968e-05,0.13636364,0.300000101,0.000102203798,-0.0163884647,10764
33263,0.0762702748,215.080002,0.251267076,0.0626563206,0.162498638,-0.00183315121,-9.12929972e-05,0.0869565234,0.300000101,8.18348926e-05,-0.0164078083,11012
33264,0.0501454547,186.119995,0.260859042,0.0622340702,0.159217328,-0.00202128035,-0.000102675316,0.0869565234,0.300000101,9.61947735e-05,-0.0152310543,10960
33265,0.0535688139,187.589996,0.284391612,0.0671479255,0.16623652,-0.00205063075,-9.65190338e-05,0.0416666679,0.300000101,0.000115247065,-0.0135265887,9702
33266,0.0405585282,165.529999,0.216932341,0.0562148616,0.160946921,-0.00145211839,-9.70393667e-05,0.0434782617,0.300000101,8.6933811e-05,-0.0161227304,9718
33267,0.0579519942,229.429993,0.280131042,0.0639061332,0.166901216,-0.00204021158,-0.000109883003,0.217391312,0.300000101,0.000120349447,-0.0162501782,10485
33268,0.078284733,240.910004,0.219366059,0.0607264154,0.166737244,-0.00174100371,-8.49272474e-05,0.130434781,0.300000101,0.000116815856,-0.0163983777,10948
33269,0.0656500682,199.970001,0.252299905,0.0586089157,0.169715732,-0.00175017642,-8.64819813e-05,0.217391312,0.300000101,0.000102634702,-0.0162750408,10836
33270,0.0767789558,210.929993,0.269683599,0.0646677166,0.170372188,-0.00191946735,-9.61126498e-05,0.125,0.300000101,0.000135913331,-0.0149764502,9819
33271,0.081574358,241.419998,0.279275179,0.0621190295,0.170780092,-0.00186779455,-0.000116520692,0.181818187,0.300000101,9.22519757e-05,-0.0175316427,10412
33272,0.0685595199,215.729996,0.244307041,0.0594101399,0.165753707,-0.00168547989,-9.73555943e-05,0.208333343,0.300000101,9.5284995e-05,-0.0138645926,10579
33273,0.0543618947,186.160004,0.198367551,0.0620377585,0.163206175,-0.00138940441,-0.000102454142,0,0.300000101,7.03728583e-05,-0.0145943733,9828
33274,0.0655631423,212.330002,0.28897807,0.0646542013,0.164120421,-0.00212724041,-0.000117226315,0.208333343,0.300000101,0.000109671055,-0.0140959918,10675
33275,0.0538823679,188.580002,0.152524069,0.0503259264,0.164154366,-0.00107378385,-8.09024568e-05,0.0454545468,0.300000101,8.81859887e-05,-0.0182501767,10547
33276,0.0429007262,169.309998,0.254233509,0.0675073564,0.16353479,-0.00178304524,-0.000117018644,0.0454545468,0.300000101,8.34511011e-05,-0.0182407349,10705
33277,0.0568309091,202.259995,0.222268,0.0569038056,0.158778504,-0.00156698783,-9.18639053e-05,0.0476190485,0.300000101,0.000132288507,-0.0199299026,10711
33278,0.0532109961,189.070007,0.24406378,0.0637547448,0.167162478,-0.00171341456,-0.000102152932,0.0434782617,0.300000101,0.000101571095,-0.0157402251,10578
33279,0.0371729396,165.190002,0.205448911,0.0594463497,0.164797604,-0.00137943728,-9.23552579e-05,0.166666672,0.300000101,0.000109732129,-0.0172834303,10127
33280,0.0522195026,178.070007,0.189913079,0.0543063469,0.165643051,-0.00147448177,-8.56328188e-05,0,0.300000101,0.000103935745,-0.0159962736,10487
33281,0.0551920719,179.529999,0.215678528,0.0562348887,0.171648949,-0.00159910403,-9.82848724e-05,0.130434781,0.300000101,0.000112469905,-0.0140080545,10818
33282,0.0881302059,234.570007,0.261646152,0.0646429211,0.170648664,-0.00192659418,-9.8526456e-05,0.0869565234,0.300000101,9.52413684e-05,-0.0161368363,10473
33283,0.0585132688,203.440002,0.221669376,0.0571301505,0.175211832,-0.00146864855,-9.84358339e-05,0.0833333358,0.300000101,0.000110907742,-0.0172996987,10714
33284,0.0519237109,169.350006,0.159069002,0.0507117249,0.171255991,-0.00112391659,-8.20605565e-05,0.0434782617,0.300000101,0.000126311643,-0.0166508779,10907
33285,0.0656828433,191.139999,0.231603846,0.0583218858,0.175501496,-0.00165132619,-8.49300632e-05,0.0833333358,0.300000101,0.000121173383,-0.0169886351,10720
33286,0.0585215278,193.259995,0.297047555,0.0661510155,0.169834584,-0.0017904538,-0.000102411228,0.260869563,0.300000101,9.94262518e-05,-0.0156116299,10816
33287,0.0513913073,180.050003,0.194685236,0.0480070636,0.164745837,-0.00141559052,-8.05411037e-05,0.173913047,0.300000101,9.22891413e-05,-0.0151774669,10943
33288,0.0494715087,184.080002,0.237034157,0.0648485646,0.168820202,-0.00145275984,-9.52977643e-05,0.0909090936,0.300000101,0.000116023883,-0.0173442345,11011
33289,0.0625987798,204.979996,0.198708177,0.053396374,0.162363738,-0.00139070489,-8.49136777e-05,0.0416666679,0.300000101,9.93359936e-05,-0.0171243381,10711
33290,0.0692953393,212.759995,0.20897913,0.056008134,0.164867207,-0.00142299861,-7.39539973e-05,0.181818187,0.300000101,8.60679065e-05,-0.0196573958,10631
33291,0.0667703301,217.529999,0.297152311,0.079178825,0.164914787,-0.00214758469,-0.000124532322,0.111111112,0.300000101,0.000115649476,-0.0145353414,11010
33292,0.0688474029,226.690002,0.254486859,0.0606336258,0.171608776,-0.00184962992,-8.94711629e-05,0.0500000007,0.300000101,9.7103024e-05,-0.0161237214,10877
33293,0.0614784732,201.600006,0.220758259,0.06804654,0.170963377,-0.00155548682,-0.000105126564,0.095238097,0.300000101,8.0505939e-05,-0.0171908215,8629
33294,0.0549970381,181.179993,0.189294875,0.0458840877,0.16285485,-0.00120992959,-7.5030337e-05,0.0526315793,0.300000101,8.90240117e-05,-0.0138617372,11033
33295,0.0636226311,197.149994,0.205538228,0.0495184921,0.161517352,-0.00133819052,-8.4933803e-05,0.105263159,0.300000101,0.000113805036,-0.0159398355,10956
33296,0.0948192254,239.380005,0.322700143,0.0655070767,0.167636201,-0.00223809993,-0.000116963463,0.0454545468,0.300000101,0.000116222363,-0.0171628054,10890
33297,0.0641565844,204.589996,0.200357303,0.0539133959,0.16506885,-0.00141342729,-8.666145e-05,0.0500000007,0.300000101,0.000122859448,-0.015607032,11026
33298,0.0636448041,201.020004,0.273489058,0.0593357421,0.172013879,-0.00202757632,-9.83342688e-05,0.0909090936,0.300000101,0.00010755362,-0.0174336974,10546
33299,0.0572302379,179.020004,0.189287901,0.0576903634,0.167833254,-0.001287892,-8.23386436e-05,0,0.300000101,0.000120943034,-0.012559603,10687
33300,0.0578488633,189.119995,0.258212358,0.0679714382,0.167626426,-0.00209833751,-9.53121053e-05,0.0476190485,0.300000101,0.00011088555,-0.017353734,10516
33301,0.0612226799,195.070007,0.223310396,0.055607453,0.172606021,-0.00157587265,-8.22519651e-05,0.130434781,0.300000101,0.000102862519,-0.0153731164,10526
33302,0.0607450083,177.419998,0.201979563,0.057922259,0.1663609,-0.00138693303,-8.35601895e-05,0.0434782617,0.300000101,0.000127251275,-0.0180309266,10166
33303,0.0741532817,216.759995,0.241846368,0.057274919,0.1676815,-0.00164684094,-8.50062934e-05,0.13636364,0.300000101,9.48612069e-05,-0.0134135373,11032
33304,0.0894814059,234.419998,0.252994031,0.0583353229,0.169144675,-0.00178678194,-8.92105018e-05,0.157894731,0.300000101,9.19027007e-05,-0.0175692495,11218
33305,0.0872814357,233.220001,0.339328885,0.0655350909,0.167181119,-0.00226036413,-9.64657447e-05,0.157894731,0.300000101,8.51263685e-05,-0.0166431982,11100
33306,0.102481887,262.160004,0.337691545,0.0641050786,0.169598147,-0.00264926138,-0.000104337509,0.181818187,0.300000101,0.000122089114,-0.0157944672,10925
33307,0.0907612219,240.970001,0.208242446,0.0560280643,0.169109106,-0.0013705364,-7.57940579e-05,0.13636364,0.300000101,8.98385697e-05,-0.0127575286,10475
33308,0.0756607726,221.300003,0.263217926,0.0637316704,0.175815925,-0.00178316224,-9.03475957e-05,0.272727281,0.300000101,8.49275239e-05,-0.0169310998,10718
33309,0.0530345738,201.309998,0.252968282,0.0621563159,0.162222996,-0.00173053576,-0.000101563892,0.095238097,0.300000101,8.92047465e-05,-0.0162373614,9518
33310,0.0602444895,216.399994,0.241888002,0.0739398897,0.162479609,-0.00178263977,-0.000104887316,0.095238097,0.300000101,0.000104265171,-0.0141010871,10809
33311,0.0650480837,222.789993,0.320379168,0.0756320357,0.169059023,-0.00239868439,-0.000122439858,0.13636364,0.300000101,6.17326732e-05,-0.0148580419,11062
33312,0.0650970265,224.75,0.316408545,0.0645734519,0.161939144,-0.00198352104,-9.89653563e-05,0.217391312,0.300000101,0.00010164531,-0.0141715584,11130
33313,0.0743807331,211.589996,0.283174068,0.0550522357,0.166836485,-0.00203902274,-9.28500449e-05,0.095238097,0.300000101,0.000139092503,-0.0151046831,11009
33314,0.0651740432,208.380005,0.229171634,0.0596150868,0.169916958,-0.00166740525,-0.000101300626,0.0833333358,0.300000101,0.000115149764,-0.0143454885,10915
33315,0.0437793098,169.119995,0.194846794,0.0561666004,0.168743834,-0.00119262212,-8.58263229e-05,0.0416666679,0.300000101,0.000102783422,-0.0161720607,10563
33316,0.0472374335,174.570007,0.212855339,0.0538574979,0.172830969,-0.00148563425,-8.83817265e-05,0.0476190485,0.300000101,0.000111476387,-0.0152726667,10918
33317,0.0662074015,212.020004,0.225307241,0.0635839999,0.162699625,-0.00140132115,-9.04894841e-05,0.095238097,0.300000101,7.27495208e-05,-0.0162595548,10801
33318,0.0317678079,143.080002,0.185997576,0.0569206886,0.163028762,-0.00104904012,-7.52336709e-05,0,0.300000101,8.9963869e-05,-0.0145051908,11064
33319,0.0504319891,176.600006,0.262822539,0.0621230304,0.160750493,-0.00151687639,-8.64887988e-05,0.173913047,0.300000101,8.89444709e-05,-0.0154808592,10896
33320,0.0714656413,200.809998,0.25356093,0.0679183155,0.160786718,-0.00174169312,-0.000119672761,0.0476190485,0.300000101,9.46459768e-05,-0.0160481092,10908
33321,0.063075982,209.899994,0.244021982,0.0677508935,0.168998286,-0.00163302885,-0.000101764475,0.0416666679,0.300000101,0.000127262523,-0.0181501564,10753
33322,0.0603911802,195.970001,0.238944456,0.0670935735,0.166053578,-0.00151480664,-9.35775388e-05,0.125,0.300000101,0.000103591185,-0.0149387009,10694
33323,0.0791963562,227.520004,0.260871857,0.0645487159,0.165530637,-0.0018433386,-8.92642347e-05,0.260869563,0.300000101,0.000109596345,-0.0178683605,10573
33324,0.0689936802,205.759995,0.25314647,0.0643080249,0.163518906,-0.00167628075,-8.61573717e-05,0.0909090936,0.300000101,8.15938402e-05,-0.0149764214,10065
33325,0.0699781775,219.220001,0.285580248,0.0671883151,0.166230425,-0.00194282236,-0.000118194919,0.200000003,0.300000101,0.000111593967,-0.0151942503,9459
33326,0.0899569467,246.380005,0.300999284,0.067572929,0.168840215,-0.00203468045,-0.000122013851,0.217391312,0.300000101,0.00010460028,-0.0168613121,9634
33327,0.0736120567,222.809998,0.220486686,0.0562756434,0.16946137,-0.00158222218,-9.14480843e-05,0.173913047,0.300000101,9.82599304e-05,-0.0172213223,8821
33328,0.0424382985,160.199997,0.228821516,0.0593074523,0.173512265,-0.00154605368,-9.34918717e-05,0.0869565234,0.300000101,0.000118480071,-0.0162120536,10539
33329,0.0661185235,195.059998,0.256888777,0.0592711382,0.166680381,-0.00210751547,-7.89907281e-05,0.0869565234,0.300000101,0.000125398234,-0.0163098928,9849
33330,0.0592164956,197.679993,0.254767388,0.0632017255,0.168330714,-0.00177127682,-0.000109102155,0.125,0.300000101,9.80261175e-05,-0.0157185476,10499
33331,0.0681152642,206.009995,0.368448615,0.0801489502,0.168628812,-0.00254606851,-0.000118001808,0.0476190485,0.300000101,9.94045768e-05,-0.0164050721,10727
33332,0.0765939876,207.580002,0.168488055,0.0552500896,0.167055845,-0.0012423771,-7.67032761e-05,0.0869565234,0.300000101,9.27732035e-05,-0.0166794974,10692
33333,0.0745885,219.669998,0.294137746,0.0706089288,0.166620672,-0.00212483644,-0.000108533604,0.130434781,0.300000101,0.000120837642,-0.0139568029,10695
33334,0.0695160329,202.350006,0.232523963,0.0550491028,0.168550536,-0.00165923347,-8.8053639e-05,0.166666672,0.300000101,0.000105729298,-0.0134482943,10719
33335,0.0850988626,225.800003,0.296228498,0.0621742606,0.173720643,-0.00214997469,-9.3250128e-05,0.100000001,0.300000101,0.000105243293,-0.0173109714,11089
33336,0.0813514069,216.380005,0.237861529,0.0568802468,0.163906485,-0.00170866167,-9.48052766e-05,0.0909090936,0.300000101,0.000126964209,-0.0132239461,10843
33337,0.078381069,238,0.290426016,0.0706315339,0.167791367,-0.00209377729,-0.000104739149,0,0.300000101,9.3992232e-05,-0.0144322654,10653
33338,0.0870570391,233.940002,0.242852241,0.0569185242,0.159530371,-0.00155477948,-8.62243178e-05,0.125,0.300000101,0.000102625934,-0.0150296986,10842
33339,0.0768868774,213.529999,0.26216045,0.0592042916,0.162011251,-0.00169506553,-8.32676524e-05,0.125,0.300000101,0.000111922978,-0.0147822164,10660
33340,0.0510698482,176.389999,0.184558541,0.0571590215,0.162260264,-0.00124019594,-8.87666029e-05,0.0869565234,0.300000101,0.000106377651,-0.0151735945,10206
33341,0.0452384576,171.660004,0.248952955,0.0629080161,0.166728243,-0.00180928258,-0.000107007771,0.0909090936,0.300000101,0.000100287849,-0.0176964682,10564
33342,0.0422663763,185.490005,0.199588597,0.0575198121,0.165899053,-0.00141693081,-8.7075794e-05,0.190476194,0.300000101,0.000107899781,-0.0170138776,10837
33343,0.0830839723,238.570007,0.30208838,0.0709207579,0.163114682,-0.00217032735,-0.000102343525,0.125,0.300000101,0.000100861667,-0.0131829921,10671
33344,0.0958222598,247.669998,0.222261891,0.0533075444,0.166020364,-0.0016566558,-9.14839766e-05,0.285714298,0.300000101,0.000102721817,-0.0144686447,10449
33345,0.0804292485,234.25,0.282808125,0.0655962527,0.165928483,-0.00204502139,-0.000117461976,0.130434781,0.300000101,0.000130542147,-0.0159948301,10896
33346,0.0692121685,208.820007,0.202467561,0.058276087,0.168693542,-0.00130677596,-7.94592779e-05,0.0416666679,0.300000101,7.87151293e-05,-0.0157677215,10946
33347,0.0561782829,174.990005,0.215626553,0.0534748845,0.169545859,-0.00141658576,-8.95065168e-05,0.0500000007,0.300000101,9.32506664e-05,-0.0177081395,10921
33348,0.0703421012,217.050003,0.284453183,0.0676410496,0.164509088,-0.00181338377,-0.000107473017,0.173913047,0.300000101,9.08912334e-05,-0.0161779206,10332
33349,0.0814589709,221.550003,0.216196388,0.0574589707,0.162829801,-0.00154964649,-8.68141869e-05,0.142857149,0.300000101,0.000114496375,-0.0139960172,10819
33350,0.0688887164,209.339996,0.269097269,0.0631901324,0.1636502,-0.00186708116,-0.000105093735,0.055555556,0.300000101,8.47330375e-05,-0.0166339111,10754
33351,0.0696057975,227.009995,0.318371087,0.0747971311,0.159681931,-0.00218617148,-0.000134055823,0.0909090936,0.300000101,9.94119546e-05,-0.0137498649,10558
33352,0.0673928633,209.369995,0.212819368,0.0590570569,0.165437281,-0.00164214929,-8.32590449e-05,0.0454545468,0.300000101,9.18316073e-05,-0.0141287968,10412
33353,0.0405264348,150.529999,0.186155409,0.0483740084,0.156910062,-0.0011296228,-8.73601093e-05,0.095238097,0.300000101,8.32897567e-05,-0.0177609697,10896
33354,0.0701039433,214.800003,0.381915808,0.0811963677,0.160302281,-0.00289997598,-0.000112252448,0.0909090936,0.300000101,9.45024731e-05,-0.0155012337,10116
33355,0.079647541,230.649994,0.181932911,0.0489624478,0.162256688,-0.00147789984,-7.97470639e-05,0.095238097,0.300000101,0.000123374193,-0.0169717632,11169
33356,0.0651221797,194.529999,0.24340193,0.0640955716,0.16422984,-0.00185982254,-9.66126099e-05,0.0434782617,0.300000101,0.000109229892,-0.0186969545,10800
33357,0.0776993036,219.279999,0.260126829,0.0630514845,0.162739247,-0.00197618385,-0.00010473984,0.0869565234,0.300000101,7.88205944e-05,-0.018103553,10704
33358,0.0761249363,200.830002,0.173705548,0.0534138419,0.164291769,-0.00137549173,-6.78101715e-05,0.0909090936,0.300000101,0.000108081847,-0.010899134,10767
33359,0.0681468025,193.550003,0.245485529,0.0678174496,0.160332099,-0.0018207411,-9.64648061e-05,0.0454545468,0.300000101,9.0363319e-05,-0.015064613,11009
33360,0.044093959,195.720001,0.282651514,0.0677425787,0.169865698,-0.00195174455,-0.000120307814,0.166666672,0.300000101,9.66084044e-05,-0.0143878683,10352
33361,0.055970639,216.789993,0.273242563,0.0649854764,0.162676215,-0.0020254103,-0.000135570153,0.0476190485,0.300000101,0.000103946259,-0.0164002366,10806
33362,0.0579858162,188.520004,0.179909185,0.0493594371,0.163747698,-0.0014338597,-7.48452367e-05,0.0476190485,0.300000101,0.000128171945,-0.0168881342,11009
33363,0.0698899254,207.240005,0.354372352,0.0769586563,0.173411772,-0.00233417307,-0.000118296586,0.0833333358,0.300000101,0.000107450403,-0.0156434774,10813
33364,0.0822683498,240.460007,0.240518019,0.0630518422,0.167255998,-0.00176203519,-0.000117244599,0.0500000007,0.300000101,0.000104808321,-0.0150236674,10998
33365,0.0565589331,184.639999,0.202846617,0.0629932508,0.164721757,-0.0015902461,-0.000102674523,0.0434782617,0.300000101,8.6254804e-05,-0.0150092514,10632
33366,0.061343953,206.320007,0.234342098,0.0605904795,0.163886219,-0.00175281416,-0.000112432055,0.13636364,0.300000101,9.89342443e-05,-0.0119293518,10859
33367,0.0684581101,211.449997,0.24999553,0.0627310425,0.158395648,-0.00173307082,-7.81171912e-05,0,0.300000101,9.39695601e-05,-0.0144877173,10517
33368,0.0804406628,212.970001,0.216529936,0.0600985587,0.161972582,-0.00160562294,-9.52987102e-05,0.125,0.300000101,0.000130034183,-0.015545995,9916
33369,0.0963509679,238.809998,0.279538602,0.0675036684,0.165375173,-0.00208258629,-0.000102590173,0.181818187,0.300000101,0.000102405174,-0.0155376196,9340
33370,0.0688610077,209.190002,0.284407735,0.077261664,0.174450964,-0.00203771866,-0.000108690743,0.0909090936,0.300000101,9.36802826e-05,-0.0154191572,10746
33371,0.0708489418,204.410004,0.30324769,0.0681115836,0.164611429,-0.00229251827,-0.000105735089,0.0416666679,0.300000101,9.85041552e-05,-0.0142749716,10720
33372,0.0633866042,193.809998,0.238450021,0.0588544384,0.168418407,-0.00162370317,-8.68232019e-05,0.125,0.300000101,9.39426027e-05,-0.0143444622,10797
33373,0.0775970966,209.839996,0.240205631,0.0587399937,0.17094402,-0.00176324591,-9.08869406e-05,0.190476194,0.300000101,0.000112504851,-0.0148072569,10725
33374,0.0681133494,208.059998,0.246904045,0.0621749274,0.166237101,-0.00173837808,-9.18146325e-05,0.166666672,0.300000101,9.90331973e-05,-0.0139323249,10946
33375,0.0509792529,191.399994,0.231367722,0.0653885528,0.162610576,-0.00169531477,-8.72132005e-05,0.0909090936,0.300000101,9.17536236e-05,-0.0153520042,10837
33376,0.0569898374,166.279999,0.175337374,0.0526448898,0.165432274,-0.00135342486,-8.66513146e-05,0.130434781,0.300000101,0.000100351375,-0.0155504122,10575
33377,0.0588517189,163.330002,0.184587613,0.0520638302,0.163716391,-0.00122084992,-7.64371871e-05,0.130434781,0.300000101,0.000102147445,-0.0172327906,10486
33378,0.0661855265,180.320007,0.264302045,0.0632857084,0.166327775,-0.00221482711,-8.50793658e-05,0.142857149,0.300000101,0.000104484061,-0.0155926039,10945
33379,0.0893329382,223.419998,0.249625042,0.0618452728,0.167987764,-0.0021021266,-9.66444859e-05,0.0869565234,0.300000101,9.29511079e-05,-0.0135123478,10744
33380,0.041284617,170.639999,0.185774222,0.0523718335,0.167089313,-0.00143676822,-9.81441408e-05,0.142857149,0.300000101,0.000122126818,-0.0156025803,10740
33381,0.0563101135,199.860001,0.229564697,0.0572600923,0.16305387,-0.00180875009,-8.93116012e-05,0.0454545468,0.300000101,9.72215857e-05,-0.0158779323,10744
33382,0.0417678356,161.410004,0.189804226,0.0567669384,0.16254513,-0.00144506886,-8.64973044e-05,0.0500000007,0.300000101,8.24196395e-05,-0.0121854749,10853
33383,0.0513984822,167.360001,0.291128904,0.0688605979,0.160419747,-0.0025900139,-9.30162641e-05,0.190476194,0.300000101,0.000106626198,-0.0159810446,10604
33384,0.101462357,251.410004,0.303678215,0.0627887994,0.159575954,-0.00239849789,-9.87173116e-05,0.0869565234,0.300000101,8.97069694e-05,-0.0119390879,10881
33385,0.110238008,267.049988,0.279067665,0.0652295575,0.163257807,-0.00235042535,-0.000107595319,0.0909090936,0.300000101,9.19611703e-05,-0.0153767122,10779
33386,0.0843272805,224.800003,0.24613218,0.0557337329,0.16382879,-0.00209380244,-8.52092271e-05,0.095238097,0.300000101,0.000114143957,-0.0154217249,10761
33387,0.0547348186,189.550003,0.260190487,0.0634141415,0.163563341,-0.00193490623,-8.02413415e-05,0,0.300000101,0.000110349756,-0.0168086495,10846
33388,0.074387677,213.990005,0.246952578,0.0617567562,0.16651386,-0.002148984,-9.66042498e-05,0.208333343,0.300000101,9.32822732e-05,-0.0147183212,10587
33389,0.077019535,194.050003,0.165646002,0.0505732484,0.165699124,-0.0013138596,-8.02020804e-05,0.0909090936,0.300000101,6.86781714e-05,-0.0173966251,10659
33390,0.0662004799,183.059998,0.244029611,0.054743439,0.153045297,-0.0021494804,-7.88939506e-05,0.227272734,0.300000101,9.53308117e-05,-0.0154718813,10268
33391,0.0779241249,213.110001,0.226449758,0.0593866557,0.16114898,-0.00185592449,-9.68871391e-05,0.0454545468,0.300000101,9.62222985e-05,-0.0153209027,10793
33392,0.088204883,224.169998,0.237805337,0.0573302582,0.156444728,-0.00224117748,-9.78334283e-05,0.263157904,0.300000101,9.83885693e-05,-0.0167378932,10841
33393,0.0699561238,199.360001,0.220704809,0.0618613102,0.157527149,-0.00175183371,-9.61722762e-05,0,0.300000101,0.000115645889,-0.0148200411,8609
33394,0.0753683448,204.509995,0.229201689,0.0546785854,0.163744688,-0.00192611828,-8.58402782e-05,0.0869565234,0.300000101,0.000110807254,-0.0169815198,10882
33395,0.0800056234,223.240005,0.259754449,0.0603610389,0.164922297,-0.00227341102,-9.73275019e-05,0.0416666679,0.300000101,8.15414605e-05,-0.0175078325,10999
33396,0.0831996202,245.190002,0.30249396,0.077935271,0.158387259,-0.00220078533,-0.000105286759,0.173913047,0.300000101,9.61314654e-05,-0.014921708,10044
33397,0.103374667,267.019989,0.30854851,0.0586275458,0.161299855,-0.00274394732,-9.84278959e-05,0.0500000007,0.300000101,0.000112021015,-0.0137804737,10606
33398,0.087101832,227.539993,0.196212232,0.05555382,0.16344054,-0.00150906458,-9.52610426e-05,0.0869565234,0.300000101,9.23935077e-05,-0.0162120536,10756
33399,0.0741358101,216.309998,0.255595982,0.0654953122,0.167769879,-0.00198403187,-0.000102628859,0.0833333358,0.300000101,0.000108687862,-0.0184499044,10729
33400,0.0577520803,171.059998,0.182782918,0.0515227392,0.164271072,-0.00149817602,-7.62913041e-05,0,0.300000101,9.8955039e-05,-0.015536597,10741
33401,0.0696271807,209.779999,0.284836024,0.0636296049,0.165534616,-0.00220530876,-9.87302628e-05,0.333333343,0.300000101,0.000112456859,-0.0157892331,10308
33402,0.11063759,274.829987,0.286521643,0.0708375946,0.167718947,-0.00252602878,-0.000111827947,0.13636364,0.300000101,8.77217826e-05,-0.0136646302,11017
33403,0.0621085316,203.070007,0.226444766,0.0632584915,0.163487971,-0.00172610162,-0.00011555427,0.0476190485,0.300000101,0.000104361221,-0.0144281685,11217
33404,0.0530956425,188.990005,0.190073013,0.0572861172,0.164305165,-0.00146114279,-8.70168078e-05,0.0434782617,0.300000101,8.50252691e-05,-0.0155207962,10859
33405,0.0501990989,158.949997,0.179684401,0.0527157485,0.159305096,-0.00128451025,-7.06185529e-05,0.0833333358,0.300000101,0.000102227459,-0.0142890094,9917
33406,0.0358754136,139.130005,0.174478933,0.0501614064,0.163739517,-0.00129539694,-7.53423228e-05,0.0454545468,0.300000101,9.23083353e-05,-0.0138296364,10359
33407,0.0712901205,213.699997,0.304160565,0.0675059929,0.17022419,-0.00229401165,-9.27383662e-05,0.272727281,0.300000101,9.54015995e-05,-0.0141969072,9598
33408,0.0928721353,247.940002,0.239616483,0.0625601634,0.16425401,-0.0019048074,-0.0001069379,0.130434781,0.300000101,8.98011131e-05,-0.0154012768,10553
33409,0.079101339,212.220001,0.267753333,0.0693998337,0.160854846,-0.00224801153,-0.000107255481,0.181818187,0.300000101,0.000106513988,-0.0151459947,11021
33410,0.0890939906,242.050003,0.268318862,0.0611639582,0.16026333,-0.00222228048,-0.000103766724,0.166666672,0.300000101,0.000132179019,-0.0181134269,10895
33411,0.0672353506,201.300003,0.235016674,0.0628400221,0.170813709,-0.00172203348,-9.3464354e-05,0.125,0.300000101,0.000109754015,-0.016574176,10797
33412,0.0337204225,145.889999,0.167655945,0.0519897565,0.167710423,-0.00145640853,-7.80180562e-05,0.0416666679,0.300000101,8.7136963e-05,-0.0140062189,10557
33413,0.0290540513,134.990005,0.17915,0.0559200644,0.161411986,-0.00123650243,-9.63375132e-05,0.095238097,0.300000101,9.92599962e-05,-0.0151094953,10987
33414,0.071348235,211.110001,0.259719491,0.0589404553,0.164045379,-0.00224786834,-0.000102501064,0.238095239,0.300000101,0.000109769622,-0.0149583453,10974
33415,0.0443092585,173.610001,0.185630128,0.0531144664,0.162344277,-0.00145236473,-8.47391639e-05,0.0416666679,0.300000101,0.000102076498,-0.013257347,10420
33416,0.0564735718,179.720001,0.163919777,0.050166022,0.162035048,-0.00122026831,-0.000109515699,0.0416666679,0.300000101,0.000106471438,-0.013976966,10754
33417,0.0704697371,212.440002,0.271056741,0.0604472272,0.166608348,-0.00220011896,-0.000100395795,0.13636364,0.300000101,9.68815875e-05,-0.0131354257,10811
33418,0.0694053546,204.740005,0.272673845,0.0570987426,0.163839862,-0.00224471139,-8.98291837e-05,0.190476194,0.300000101,7.71150299e-05,-0.0144958086,11033
33419,0.0646226034,187.199997,0.232590005,0.0578573458,0.158548564,-0.00195889012,-9.90513872e-05,0.0476190485,0.300000101,0.000108850341,-0.0129560707,10874
33420,0.0663831756,197.850006,0.213005215,0.0598376133,0.161588714,-0.00158465107,-8.875403e-05,0.130434781,0.300000101,0.000109396642,-0.0148401223,10174
33421,0.0701136962,209.839996,0.220267102,0.0618510842,0.16498211,-0.00173066172,-8.75986734e-05,0.0833333358,0.300000101,9.19110971e-05,-0.0153405657,10305
33422,0.0697637424,223.119995,0.290364116,0.070824042,0.169669628,-0.00226334226,-0.000103654049,0.13636364,0.300000101,9.00419036e-05,-0.0172706675,10575
33423,0.0640347227,210.970001,0.219589487,0.0569281802,0.160703987,-0.00179469876,-8.58463536e-05,0.0869565234,0.300000101,8.69733558e-05,-0.0134747569,10669
33424,0.0683037639,206.029999,0.229529589,0.0604566857,0.16493772,-0.00157725427,-0.000103940154,0.130434781,0.300000101,0.000106188527,-0.0158586372,10556
33425,0.0684221834,203.979996,0.229748338,0.0566337407,0.169381544,-0.0017600318,-7.990226e-05,0.0833333358,0.300000101,9.82695783e-05,-0.0166775398,10019
33426,0.0766324475,209.270004,0.225914478,0.0626713857,0.167950511,-0.00160220335,-9.58368109e-05,0.208333343,0.300000101,9.70694819e-05,-0.0173959546,10398
33427,0.0761739463,207.350006,0.240636662,0.0571908355,0.170673668,-0.00183857582,-9.45818028e-05,0.217391312,0.300000101,8.98179569e-05,-0.0150754247,10222
33428,0.0900556818,228.240005,0.292188674,0.0617446825,0.169341177,-0.00236421172,-9.9876459e-05,0.260869563,0.300000101,0.000127113308,-0.0162757654,10983
33429,0.0497107282,186.169998,0.187337548,0.0579158217,0.172113404,-0.00120960223,-9.12072064e-05,0.0434782617,0.300000101,7.84215954e-05,-0.0158244725,10927
33430,0.0295840949,134.839996,0.186612174,0.0534338206,0.162747949,-0.00113019813,-7.87978788e-05,0.0909090936,0.300000101,0.000110401954,-0.0140634449,11162
33431,0.034236718,148.850006,0.255006075,0.0681209117,0.163810149,-0.00159781333,-9.76823139e-05,0.0909090936,0.300000101,9.20930979e-05,-0.0177696012,10706
33432,0.0579850189,188.660004,0.218088031,0.061731074,0.159681186,-0.00151866453,-8.89565345e-05,0.0434782617,0.300000101,8.90938973e-05,-0.014462362,10737
33433,0.0376024731,150.940002,0.160356626,0.0518663377,0.163929433,-0.00117897103,-8.54814789e-05,0,0.300000101,8.90389783e-05,-0.0174217764,11036
33434,0.0363195427,153.869995,0.199857593,0.0556128472,0.155280858,-0.00155891094,-9.7637705e-05,0.125,0.300000101,9.31183313e-05,-0.0162445381,10437
33435,0.0593945682,177.830002,0.206951544,0.0522734448,0.167056918,-0.00165363529,-8.05053714e-05,0.0833333358,0.300000101,9.27391011e-05,-0.0153202033,10707
33436,0.0706543624,200.539993,0.220611051,0.0575430728,0.165425897,-0.00169125863,-9.52515475e-05,0.130434781,0.300000101,0.000118713666,-0.0168542285,10997
33437,0.0574078597,181.050003,0.197072834,0.058670938,0.164036602,-0.00151167158,-8.44635942e-05,0.13636364,0.300000101,0.000104954248,-0.0170901921,10789
33438,0.0653825104,196.020004,0.237708166,0.0559951365,0.161968336,-0.00147906423,-8.7565073e-05,0.0454545468,0.300000101,0.000104940344,-0.0151992049,10333
33439,0.0600533187,176.919998,0.215820834,0.0557690784,0.166290253,-0.00158395502,-9.75944859e-05,0.166666672,0.300000101,0.000102609025,-0.0151412291,10773
33440,0.0640653819,198.070007,0.233185679,0.0593751073,0.162552744,-0.00150046649,-9.56453659e-05,0.0500000007,0.300000101,0.000102960323,-0.0170413312,10851
33441,0.0586136058,211.630005,0.307600439,0.0671553388,0.162993699,-0.00213814923,-0.000134653543,0.0476190485,0.300000101,8.95073536e-05,-0.0130075952,10522
33442,0.0566242225,197.75,0.198578104,0.0522166863,0.162960202,-0.0014806214,-8.66438277e-05,0.100000001,0.300000101,0.000113017151,-0.0151863564,10833
33443,0.0586952604,175.979996,0.222885311,0.0606973469,0.166806161,-0.00158162508,-9.67637316e-05,0,0.300000101,0.000102922852,-0.0134304734,9816
33444,0.0596989654,180.630005,0.206520543,0.053604085,0.163612708,-0.00161627284,-8.90424199e-05,0.13636364,0.300000101,9.92778369e-05,-0.0146876033,10761
33445,0.0742086917,213.75,0.237912744,0.0622748062,0.160942242,-0.00165837095,-0.000102536564,0.0909090936,0.300000101,9.73214555e-05,-0.016567843,10773
33446,0.0396366455,145.380005,0.228649199,0.0581316128,0.158493727,-0.00162107695,-9.00248197e-05,0.130434781,0.300000101,0.000106540429,-0.017165767,10697
33447,0.0667892769,196.240005,0.24286069,0.0641827062,0.167400047,-0.00170782534,-9.66168809e-05,0.0434782617,0.300000101,0.000110488967,-0.0164852012,10438
33448,0.0710669905,195.169998,0.236365244,0.0522928759,0.167652726,-0.00166858255,-9.82692291e-05,0,0.300000101,9.56948279e-05,-0.0173517447,10380
33449,0.0403679647,134.020004,0.147832423,0.0463042073,0.165951371,-0.000977961812,-7.37488444e-05,0.0416666679,0.300000101,8.98530052e-05,-0.0145309037,10619
33450,0.0479879379,168.160004,0.242660284,0.0577151142,0.164728522,-0.00160021323,-0.000105309038,0.181818187,0.300000101,9.26923749e-05,-0.0163404923,10642
33451,0.0616911948,218.649994,0.32683602,0.0752672181,0.165879428,-0.00225957832,-0.000127576277,0.200000003,0.300000101,0.000113319002,-0.014747275,10577
33452,0.0671901479,199.820007,0.274088085,0.0651127025,0.167562529,-0.00200495403,-0.000105371255,0.238095239,0.300000101,8.9553243e-05,-0.0188983195,10682
33453,0.0648362711,183.160004,0.227282345,0.0538246743,0.169208884,-0.0015827138,-8.99408187e-05,0.260869563,0.300000101,0.000100529593,-0.0161158405,10825
33454,0.028206883,135.350006,0.163719103,0.0521588959,0.163821161,-0.0010677221,-8.56194238e-05,0.0869565234,0.300000101,0.000102239152,-0.0154186366,10599
33455,0.0384744629,161.979996,0.236844465,0.0563258529,0.165877178,-0.00166303222,-0.000112073241,0.100000001,0.300000101,0.000103118007,-0.016120391,10146
33456,0.0581508018,204.259995,0.226296157,0.0588367321,0.164069429,-0.00148644624,-9.0723086e-05,0.190476194,0.300000101,8.92983589e-05,-0.0156809017,10710
33457,0.0502088889,169.169998,0.212268785,0.0548459254,0.161960855,-0.00150307524,-0.000100799538,0.100000001,0.300000101,8.18684857e-05,-0.0143957976,10407
33458,0.0670634359,193.649994,0.217934638,0.0573625378,0.15908654,-0.0015293156,-9.21821484e-05,0.130434781,0.300000101,8.89317525e-05,-0.0163840875,10737
33459,0.0712651983,207.110001,0.199946702,0.0521305799,0.16100958,-0.00132310891,-8.1291495e-05,0.130434781,0.300000101,9.59412573e-05,-0.0127755357,10861
33460,0.0723069757,210.600006,0.227175191,0.0549601391,0.155236244,-0.00164781197,-9.23781117e-05,0.142857149,0.300000101,0.000113207745,-0.0147028025,11219
33461,0.0976154804,245.889999,0.251255482,0.0633686855,0.158118159,-0.00185544603,-0.000111404588,0.238095239,0.300000101,9.0759364e-05,-0.0163504407,11074
33462,0.129068613,304.709991,0.426887095,0.0778739676,0.151247054,-0.00272287684,-0.000134697722,0.25,0.300000101,0.000110757246,-0.0171487592,10863
33463,0.117074683,305.630005,0.252794534,0.0647265017,0.162235498,-0.00167317654,-0.000102783815,0.217391312,0.300000101,9.45822976e-05,-0.0159631483,11049
33464,0.0738950521,228.110001,0.253569335,0.0663050562,0.162719533,-0.00175446342,-0.000102089623,0.125,0.300000101,0.000104335348,-0.0159747005,10772
33465,0.0561953522,159.009995,0.178317115,0.0492180213,0.15929693,-0.00140431314,-8.45311879e-05,0.166666672,0.300000101,0.000107205327,-0.0161934718,10534
33466,0.0512900613,161.289993,0.197691813,0.0532890297,0.15912798,-0.00131138228,-9.0029338e-05,0.0909090936,0.300000101,0.000107392174,-0.0172562953,10882
33467,0.0548602603,180.860001,0.209880307,0.0542361215,0.156779319,-0.00140395504,-8.89173025e-05,0.0434782617,0.300000101,9.66347361e-05,-0.0131401382,10928
33468,0.0657046139,188.759995,0.224461928,0.0568649061,0.163070679,-0.00151323888,-9.10546078e-05,0.0869565234,0.300000101,0.000121794445,-0.0165407192,10648
33469,0.0560328886,191.389999,0.247139022,0.0600548536,0.163898125,-0.00190394535,-0.000116661569,0.0869565234,0.300000101,0.000100672085,-0.0152533427,10881
33470,0.0651114583,209.080002,0.313442707,0.0728584528,0.165738791,-0.00187191169,-0.000117586038,0.181818187,0.300000101,9.28887384e-05,-0.0155960042,10930
33471,0.0592559278,181.919998,0.191880435,0.0538285002,0.162464067,-0.00119929272,-8.57321502e-05,0.0434782617,0.300000101,7.21686811e-05,-0.0175086111,10832
33472,0.0405865274,150.020004,0.206926882,0.0498057157,0.155573577,-0.00158665737,-8.5445361e-05,0.105263159,0.300000101,7.85916345e-05,-0.0134320688,11129
33473,0.0506371707,170.729996,0.209609166,0.0538360886,0.158002257,-0.00155079179,-8.20816203e-05,0.13636364,0.300000101,9.9798759e-05,-0.0151586682,10624
33474,0.0829367191,215.399994,0.283694834,0.0603769496,0.161408067,-0.0018889755,-9.41278922e-05,0.100000001,0.300000101,0.000125864666,-0.0157027822,10831
33475,0.0946206525,234.889999,0.255906165,0.0611102283,0.157697394,-0.00190147897,-0.000101967082,0.0454545468,0.300000101,8.57516643e-05,-0.013556351,10766
33476,0.0837718099,225.580002,0.238159478,0.0580462851,0.165550247,-0.00181019818,-9.1068825e-05,0.095238097,0.300000101,9.0318048e-05,-0.0157229379,10897
33477,0.0606810898,194.490005,0.231351182,0.0551244095,0.162671685,-0.00166077248,-9.06576752e-05,0,0.300000101,9.91566412e-05,-0.0144203976,10826
33478,0.0951628536,245.179993,0.287100792,0.0614954568,0.166780874,-0.00224203453,-9.75813309e-05,0.217391312,0.300000101,0.000123970021,-0.0134373792,10855
33479,0.0776405856,207.960007,0.23165898,0.0530710556,0.166255876,-0.00177344121,-8.80072694e-05,0.0869565234,0.300000101,7.693722e-05,-0.0158155467,10574
33480,0.0412354618,146.820007,0.194580942,0.0580006614,0.160780504,-0.00130375882,-0.000105635707,0.100000001,0.300000101,9.27741639e-05,-0.0177790765,10985
33481,0.0796368793,209.589996,0.277647853,0.0707184225,0.168879718,-0.00220024539,-0.000106754153,0.227272734,0.300000101,8.98614817e-05,-0.0142613882,10962
33482,0.0513244085,184.410004,0.184501797,0.0548109226,0.162173852,-0.00117105676,-9.79615797e-05,0.095238097,0.300000101,7.62660129e-05,-0.0166994054,10563
33483,0.058121819,169.649994,0.207528889,0.0530663356,0.166078463,-0.00164913107,-8.39432396e-05,0.142857149,0.300000101,0.00011439724,-0.0137911225,10564
33484,0.102231205,239.679993,0.249277771,0.0645382181,0.159906402,-0.00178166782,-0.00011049318,0.25,0.300000101,0.000114699978,-0.0148659311,10678
33485,0.113642775,269.179993,0.294296324,0.0618568622,0.174052104,-0.0022717563,-8.47069095e-05,0.130434781,0.300000101,0.000106197091,-0.0160092469,10694
33486,0.0892375261,224.820007,0.204893038,0.0548999421,0.16997534,-0.00155162171,-9.15769633e-05,0.130434781,0.300000101,0.000121709243,-0.0156081393,10723
33487,0.0726868138,194.020004,0.232188269,0.0627778992,0.164309487,-0.00161464221,-9.06378336e-05,0,0.300000101,8.55617618e-05,-0.0162083935,10909
33488,0.0680658072,199.309998,0.255098283,0.0600468032,0.159067154,-0.00191958225,-9.82233323e-05,0.13636364,0.300000101,0.000119264208,-0.016062269,11073
33489,0.0952763259,239.490005,0.306646615,0.0602212846,0.15840584,-0.00231386092,-9.93541908e-05,0.0909090936,0.300000101,9.07425274e-05,-0.0138019836,10890
33490,0.0738996863,205.320007,0.16860278,0.0516494513,0.161649942,-0.00117514364,-8.55359976e-05,0.0500000007,0.300000101,7.17275398e-05,-0.0185499713,10826
33491,0.058446262,178.169998,0.212401479,0.0573114157,0.158930644,-0.00155868602,-9.74626964e-05,0,0.300000101,0.000136884119,-0.0147001538,10760
33492,0.0844262242,221.399994,0.288109869,0.0593898222,0.166075528,-0.00218621129,-0.000100192658,0.0454545468,0.300000101,0.000109723369,-0.0157481432,10636
33493,0.0817688555,232.919998,0.198442504,0.0475222245,0.165455669,-0.00148068077,-8.08243203e-05,0.105263159,0.300000101,8.5588792e-05,-0.0135412076,8596
33494,0.0812742859,240.050003,0.277161628,0.0751158819,0.160244435,-0.00189865788,-0.000100915146,0.142857149,0.300000101,0.000104088249,-0.0156249506,10922
33495,0.0616464578,185.789993,0.224083781,0.0557967126,0.166722327,-0.00151953264,-9.87744424e-05,0.125,0.300000101,9.6636606e-05,-0.0147612905,10666
